Chr	Loc	ID	REF	ALT	QUAL	FILTER	INFO	FORMAT	sample	mut	location	allele	gene	feature	feature_type	consequence	impact	cdna_position	cds_position	protein_position	amino_acids	codons	existing_variation	extra	principal	poly_effect	poly_score	sift_effect	sift_score	CADD_phred	CADD_raw	gene_hgnc	gene_role	cosmic_id	KEGG_data	KEGG_path_id	clinvar_acc	clinvar_disease	clinvar_clinical_significance	variation_type	HGVS_cDNA	HGVS_protein	GMAF	gnomAD	gnomAD_NFE	pfam	interpro	gene_cosmic_freq	mut_cosmic_freq	vscore	branch
1	204037172		G	T	.	.	CSQ=T|non_coding_transcript_exon_variant|MODIFIER|LINC00303|ENSG00000176754|Transcript|ENST00000367207|lncRNA|3/5||ENST00000367207.7:n.721C>A||721|||||||-1||SNV|HGNC|HGNC:26865|YES|2||||||||||||||||||||||||||||||||||||2.244|0.050756,T|intron_variant&non_coding_transcript_variant|MODIFIER|LINC00303|ENSG00000176754|Transcript|ENST00000418245|lncRNA||3/4|ENST00000418245.5:n.636+84C>A|||||||||-1||SNV|HGNC|HGNC:26865||1||||||||||||||||||||||||||||||||||||2.244|0.050756,T|intron_variant&non_coding_transcript_variant|MODIFIER|LINC00303|ENSG00000176754|Transcript|ENST00000427799|lncRNA||3/5|ENST00000427799.1:n.433-88C>A|||||||||-1||SNV|HGNC|HGNC:26865||1||||||||||||||||||||||||||||||||||||2.244|0.050756,T|downstream_gene_variant|MODIFIER|LINC00303|ENSG00000176754|Transcript|ENST00000656706|lncRNA|||||||||||2997|-1||SNV|HGNC|HGNC:26865||||||||||||||||||||||||||||||||||||||2.244|0.050756	GT:AD:DP	0/1:16,4:.	G/T	1:204037172	T	ENSG00000176754	ENST00000367207	Transcript	non_coding_transcript_exon_variant	MODIFIER	721												2.244	0.050756	LINC00303								SNV	n.721C>A							0	0	0.1250	UNCLASSIFIED
1	204037172		G	T	.	.	CSQ=T|non_coding_transcript_exon_variant|MODIFIER|LINC00303|ENSG00000176754|Transcript|ENST00000367207|lncRNA|3/5||ENST00000367207.7:n.721C>A||721|||||||-1||SNV|HGNC|HGNC:26865|YES|2||||||||||||||||||||||||||||||||||||2.244|0.050756,T|intron_variant&non_coding_transcript_variant|MODIFIER|LINC00303|ENSG00000176754|Transcript|ENST00000418245|lncRNA||3/4|ENST00000418245.5:n.636+84C>A|||||||||-1||SNV|HGNC|HGNC:26865||1||||||||||||||||||||||||||||||||||||2.244|0.050756,T|intron_variant&non_coding_transcript_variant|MODIFIER|LINC00303|ENSG00000176754|Transcript|ENST00000427799|lncRNA||3/5|ENST00000427799.1:n.433-88C>A|||||||||-1||SNV|HGNC|HGNC:26865||1||||||||||||||||||||||||||||||||||||2.244|0.050756,T|downstream_gene_variant|MODIFIER|LINC00303|ENSG00000176754|Transcript|ENST00000656706|lncRNA|||||||||||2997|-1||SNV|HGNC|HGNC:26865||||||||||||||||||||||||||||||||||||||2.244|0.050756	GT:AD:DP	0/1:16,4:.	G/T	1:204037172	T	ENSG00000176754	ENST00000418245	Transcript	intron_variant,non_coding_transcript_variant	MODIFIER													2.244	0.050756	LINC00303								SNV	n.636+84C>A							0	0	0.1250	UNCLASSIFIED
1	204037172		G	T	.	.	CSQ=T|non_coding_transcript_exon_variant|MODIFIER|LINC00303|ENSG00000176754|Transcript|ENST00000367207|lncRNA|3/5||ENST00000367207.7:n.721C>A||721|||||||-1||SNV|HGNC|HGNC:26865|YES|2||||||||||||||||||||||||||||||||||||2.244|0.050756,T|intron_variant&non_coding_transcript_variant|MODIFIER|LINC00303|ENSG00000176754|Transcript|ENST00000418245|lncRNA||3/4|ENST00000418245.5:n.636+84C>A|||||||||-1||SNV|HGNC|HGNC:26865||1||||||||||||||||||||||||||||||||||||2.244|0.050756,T|intron_variant&non_coding_transcript_variant|MODIFIER|LINC00303|ENSG00000176754|Transcript|ENST00000427799|lncRNA||3/5|ENST00000427799.1:n.433-88C>A|||||||||-1||SNV|HGNC|HGNC:26865||1||||||||||||||||||||||||||||||||||||2.244|0.050756,T|downstream_gene_variant|MODIFIER|LINC00303|ENSG00000176754|Transcript|ENST00000656706|lncRNA|||||||||||2997|-1||SNV|HGNC|HGNC:26865||||||||||||||||||||||||||||||||||||||2.244|0.050756	GT:AD:DP	0/1:16,4:.	G/T	1:204037172	T	ENSG00000176754	ENST00000427799	Transcript	intron_variant,non_coding_transcript_variant	MODIFIER													2.244	0.050756	LINC00303								SNV	n.433-88C>A							0	0	0.1250	UNCLASSIFIED
1	204037172		G	T	.	.	CSQ=T|non_coding_transcript_exon_variant|MODIFIER|LINC00303|ENSG00000176754|Transcript|ENST00000367207|lncRNA|3/5||ENST00000367207.7:n.721C>A||721|||||||-1||SNV|HGNC|HGNC:26865|YES|2||||||||||||||||||||||||||||||||||||2.244|0.050756,T|intron_variant&non_coding_transcript_variant|MODIFIER|LINC00303|ENSG00000176754|Transcript|ENST00000418245|lncRNA||3/4|ENST00000418245.5:n.636+84C>A|||||||||-1||SNV|HGNC|HGNC:26865||1||||||||||||||||||||||||||||||||||||2.244|0.050756,T|intron_variant&non_coding_transcript_variant|MODIFIER|LINC00303|ENSG00000176754|Transcript|ENST00000427799|lncRNA||3/5|ENST00000427799.1:n.433-88C>A|||||||||-1||SNV|HGNC|HGNC:26865||1||||||||||||||||||||||||||||||||||||2.244|0.050756,T|downstream_gene_variant|MODIFIER|LINC00303|ENSG00000176754|Transcript|ENST00000656706|lncRNA|||||||||||2997|-1||SNV|HGNC|HGNC:26865||||||||||||||||||||||||||||||||||||||2.244|0.050756	GT:AD:DP	0/1:16,4:.	G/T	1:204037172	T	ENSG00000176754	ENST00000656706	Transcript	downstream_gene_variant	MODIFIER													2.244	0.050756	LINC00303								SNV								0	0	0.1250	UNCLASSIFIED
11	18724167		G	T	.	.	CSQ=T|missense_variant&NMD_transcript_variant|MODERATE|IGSF22|ENSG00000179057|Transcript|ENST00000319338|nonsense_mediated_decay|2/21||ENST00000319338.6:c.70C>A|ENSP00000322422.6:p.His24Asn|260|70|24|H/N|Cac/Aac|COSV100080250||-1||SNV|HGNC|HGNC:26750||2|||ENSP00000322422|Q8N9C0.149||UPI0000DBEF33|Q8N9C0-1||deleterious(0.01)|benign(0.011)|AFDB-ENSP_mappings:AF-Q8N9C0-F1.A||||||||||||||||||1|1||||||20.4|2.238549,T|downstream_gene_variant|MODIFIER|PTPN5|ENSG00000110786|Transcript|ENST00000358540|protein_coding||||||||||COSV100080250|3761|-1||SNV|HGNC|HGNC:9657|YES|1||CCDS7845.1|ENSP00000351342|P54829.184||UPI00001AE663|P54829-1|NM_032781.4&NM_006906.2|||||||||||||||||||||1|1||||||20.4|2.238549,T|downstream_gene_variant|MODIFIER|PTPN5|ENSG00000110786|Transcript|ENST00000396166|protein_coding||||||||||COSV100080250|3763|-1||SNV|HGNC|HGNC:9657||2|||ENSP00000379469||A8MXF1.104|UPI00001A8253|||||||||||||||||||||||1|1||||||20.4|2.238549,T|downstream_gene_variant|MODIFIER|PTPN5|ENSG00000110786|Transcript|ENST00000396168|protein_coding||||||||||COSV100080250|3765|-1||SNV|HGNC|HGNC:9657||1|P1|CCDS60746.1|ENSP00000379471|P54829.184||UPI00000473F7|P54829-3|NM_001278239.2&NM_001278238.2|||||||||||||||||||||1|1||||||20.4|2.238549,T|downstream_gene_variant|MODIFIER|PTPN5|ENSG00000110786|Transcript|ENST00000396170|protein_coding||||||||||COSV100080250|3763|-1||SNV|HGNC|HGNC:9657||2||CCDS41626.1|ENSP00000379473|P54829.184||UPI00004A2823|P54829-2|NM_001278236.1&NM_001039970.2|||||||||||||||||||||1|1||||||20.4|2.238549,T|non_coding_transcript_exon_variant|MODIFIER|IGSF22|ENSG00000179057|Transcript|ENST00000412229|protein_coding_CDS_not_defined|2/3||ENST00000412229.2:n.204C>A||204|||||COSV100080250||-1||SNV|HGNC|HGNC:26750||3|||||||||||||||||||||||||||||1|1||||||20.4|2.238549,T|downstream_gene_variant|MODIFIER|PTPN5|ENSG00000110786|Transcript|ENST00000477854|protein_coding||||||||||COSV100080250|3761|-1||SNV|HGNC|HGNC:9657||5|||ENSP00000435056||E9PLZ4.75|UPI0000E5931A|||||||||||||||||||||||1|1||||||20.4|2.238549,T|non_coding_transcript_exon_variant|MODIFIER|IGSF22|ENSG00000179057|Transcript|ENST00000504981|retained_intron|2/20||ENST00000504981.5:n.211C>A||211|||||COSV100080250||-1||SNV|HGNC|HGNC:26750||1|||||||||||||||||||||||||||||1|1||||||20.4|2.238549,T|missense_variant|MODERATE|IGSF22|ENSG00000179057|Transcript|ENST00000513874|protein_coding|2/23||ENST00000513874.6:c.70C>A|ENSP00000421191.1:p.His24Asn|218|70|24|H/N|Cac/Aac|COSV100080250||-1||SNV|HGNC|HGNC:26750|YES|5|P1|CCDS41625.2|ENSP00000421191|Q8N9C0.149||UPI0001D3B05B|Q8N9C0-2|NM_173588.4|deleterious(0.01)|benign(0.011)|PANTHER:PTHR13817&PANTHER:PTHR13817:SF10||||||||||||||||||1|1||||||20.4|2.238549,T|intron_variant&non_coding_transcript_variant|MODIFIER|IGSF22-AS1|ENSG00000254966|Transcript|ENST00000527285|lncRNA||2/2|ENST00000527285.1:n.730-16257G>T|||||||COSV100080250||1||SNV|HGNC|HGNC:55511|YES|3|||||||||||||||||||||||||||||1|1||||||20.4|2.238549,T|regulatory_region_variant|MODIFIER|||RegulatoryFeature|ENSR00000954213|enhancer||||||||||COSV100080250||||SNV|||||||||||||||||||||||||||||||||1|1||||||20.4|2.238549	GT:AD:DP	0/1:78,9:.	G/T	11:18724167	T	ENSG00000179057	ENST00000319338	Transcript	missense_variant,NMD_transcript_variant	MODERATE	260	70	24	H/N	Cac/Aac	COSV100080250			benign	0.011	deleterious	0.01	20.4	2.238549	IGSF22								SNV	c.70C>A	p.His24Asn						801 / 49097025	0	0.2050	UNCLASSIFIED
11	18724167		G	T	.	.	CSQ=T|missense_variant&NMD_transcript_variant|MODERATE|IGSF22|ENSG00000179057|Transcript|ENST00000319338|nonsense_mediated_decay|2/21||ENST00000319338.6:c.70C>A|ENSP00000322422.6:p.His24Asn|260|70|24|H/N|Cac/Aac|COSV100080250||-1||SNV|HGNC|HGNC:26750||2|||ENSP00000322422|Q8N9C0.149||UPI0000DBEF33|Q8N9C0-1||deleterious(0.01)|benign(0.011)|AFDB-ENSP_mappings:AF-Q8N9C0-F1.A||||||||||||||||||1|1||||||20.4|2.238549,T|downstream_gene_variant|MODIFIER|PTPN5|ENSG00000110786|Transcript|ENST00000358540|protein_coding||||||||||COSV100080250|3761|-1||SNV|HGNC|HGNC:9657|YES|1||CCDS7845.1|ENSP00000351342|P54829.184||UPI00001AE663|P54829-1|NM_032781.4&NM_006906.2|||||||||||||||||||||1|1||||||20.4|2.238549,T|downstream_gene_variant|MODIFIER|PTPN5|ENSG00000110786|Transcript|ENST00000396166|protein_coding||||||||||COSV100080250|3763|-1||SNV|HGNC|HGNC:9657||2|||ENSP00000379469||A8MXF1.104|UPI00001A8253|||||||||||||||||||||||1|1||||||20.4|2.238549,T|downstream_gene_variant|MODIFIER|PTPN5|ENSG00000110786|Transcript|ENST00000396168|protein_coding||||||||||COSV100080250|3765|-1||SNV|HGNC|HGNC:9657||1|P1|CCDS60746.1|ENSP00000379471|P54829.184||UPI00000473F7|P54829-3|NM_001278239.2&NM_001278238.2|||||||||||||||||||||1|1||||||20.4|2.238549,T|downstream_gene_variant|MODIFIER|PTPN5|ENSG00000110786|Transcript|ENST00000396170|protein_coding||||||||||COSV100080250|3763|-1||SNV|HGNC|HGNC:9657||2||CCDS41626.1|ENSP00000379473|P54829.184||UPI00004A2823|P54829-2|NM_001278236.1&NM_001039970.2|||||||||||||||||||||1|1||||||20.4|2.238549,T|non_coding_transcript_exon_variant|MODIFIER|IGSF22|ENSG00000179057|Transcript|ENST00000412229|protein_coding_CDS_not_defined|2/3||ENST00000412229.2:n.204C>A||204|||||COSV100080250||-1||SNV|HGNC|HGNC:26750||3|||||||||||||||||||||||||||||1|1||||||20.4|2.238549,T|downstream_gene_variant|MODIFIER|PTPN5|ENSG00000110786|Transcript|ENST00000477854|protein_coding||||||||||COSV100080250|3761|-1||SNV|HGNC|HGNC:9657||5|||ENSP00000435056||E9PLZ4.75|UPI0000E5931A|||||||||||||||||||||||1|1||||||20.4|2.238549,T|non_coding_transcript_exon_variant|MODIFIER|IGSF22|ENSG00000179057|Transcript|ENST00000504981|retained_intron|2/20||ENST00000504981.5:n.211C>A||211|||||COSV100080250||-1||SNV|HGNC|HGNC:26750||1|||||||||||||||||||||||||||||1|1||||||20.4|2.238549,T|missense_variant|MODERATE|IGSF22|ENSG00000179057|Transcript|ENST00000513874|protein_coding|2/23||ENST00000513874.6:c.70C>A|ENSP00000421191.1:p.His24Asn|218|70|24|H/N|Cac/Aac|COSV100080250||-1||SNV|HGNC|HGNC:26750|YES|5|P1|CCDS41625.2|ENSP00000421191|Q8N9C0.149||UPI0001D3B05B|Q8N9C0-2|NM_173588.4|deleterious(0.01)|benign(0.011)|PANTHER:PTHR13817&PANTHER:PTHR13817:SF10||||||||||||||||||1|1||||||20.4|2.238549,T|intron_variant&non_coding_transcript_variant|MODIFIER|IGSF22-AS1|ENSG00000254966|Transcript|ENST00000527285|lncRNA||2/2|ENST00000527285.1:n.730-16257G>T|||||||COSV100080250||1||SNV|HGNC|HGNC:55511|YES|3|||||||||||||||||||||||||||||1|1||||||20.4|2.238549,T|regulatory_region_variant|MODIFIER|||RegulatoryFeature|ENSR00000954213|enhancer||||||||||COSV100080250||||SNV|||||||||||||||||||||||||||||||||1|1||||||20.4|2.238549	GT:AD:DP	0/1:78,9:.	G/T	11:18724167	T	ENSG00000110786	ENST00000358540	Transcript	downstream_gene_variant	MODIFIER						COSV100080250							20.4	2.238549	PTPN5			MAPK signaling pathway	hsa04010				SNV								827 / 49097025	0	0.1800	UNCLASSIFIED
11	18724167		G	T	.	.	CSQ=T|missense_variant&NMD_transcript_variant|MODERATE|IGSF22|ENSG00000179057|Transcript|ENST00000319338|nonsense_mediated_decay|2/21||ENST00000319338.6:c.70C>A|ENSP00000322422.6:p.His24Asn|260|70|24|H/N|Cac/Aac|COSV100080250||-1||SNV|HGNC|HGNC:26750||2|||ENSP00000322422|Q8N9C0.149||UPI0000DBEF33|Q8N9C0-1||deleterious(0.01)|benign(0.011)|AFDB-ENSP_mappings:AF-Q8N9C0-F1.A||||||||||||||||||1|1||||||20.4|2.238549,T|downstream_gene_variant|MODIFIER|PTPN5|ENSG00000110786|Transcript|ENST00000358540|protein_coding||||||||||COSV100080250|3761|-1||SNV|HGNC|HGNC:9657|YES|1||CCDS7845.1|ENSP00000351342|P54829.184||UPI00001AE663|P54829-1|NM_032781.4&NM_006906.2|||||||||||||||||||||1|1||||||20.4|2.238549,T|downstream_gene_variant|MODIFIER|PTPN5|ENSG00000110786|Transcript|ENST00000396166|protein_coding||||||||||COSV100080250|3763|-1||SNV|HGNC|HGNC:9657||2|||ENSP00000379469||A8MXF1.104|UPI00001A8253|||||||||||||||||||||||1|1||||||20.4|2.238549,T|downstream_gene_variant|MODIFIER|PTPN5|ENSG00000110786|Transcript|ENST00000396168|protein_coding||||||||||COSV100080250|3765|-1||SNV|HGNC|HGNC:9657||1|P1|CCDS60746.1|ENSP00000379471|P54829.184||UPI00000473F7|P54829-3|NM_001278239.2&NM_001278238.2|||||||||||||||||||||1|1||||||20.4|2.238549,T|downstream_gene_variant|MODIFIER|PTPN5|ENSG00000110786|Transcript|ENST00000396170|protein_coding||||||||||COSV100080250|3763|-1||SNV|HGNC|HGNC:9657||2||CCDS41626.1|ENSP00000379473|P54829.184||UPI00004A2823|P54829-2|NM_001278236.1&NM_001039970.2|||||||||||||||||||||1|1||||||20.4|2.238549,T|non_coding_transcript_exon_variant|MODIFIER|IGSF22|ENSG00000179057|Transcript|ENST00000412229|protein_coding_CDS_not_defined|2/3||ENST00000412229.2:n.204C>A||204|||||COSV100080250||-1||SNV|HGNC|HGNC:26750||3|||||||||||||||||||||||||||||1|1||||||20.4|2.238549,T|downstream_gene_variant|MODIFIER|PTPN5|ENSG00000110786|Transcript|ENST00000477854|protein_coding||||||||||COSV100080250|3761|-1||SNV|HGNC|HGNC:9657||5|||ENSP00000435056||E9PLZ4.75|UPI0000E5931A|||||||||||||||||||||||1|1||||||20.4|2.238549,T|non_coding_transcript_exon_variant|MODIFIER|IGSF22|ENSG00000179057|Transcript|ENST00000504981|retained_intron|2/20||ENST00000504981.5:n.211C>A||211|||||COSV100080250||-1||SNV|HGNC|HGNC:26750||1|||||||||||||||||||||||||||||1|1||||||20.4|2.238549,T|missense_variant|MODERATE|IGSF22|ENSG00000179057|Transcript|ENST00000513874|protein_coding|2/23||ENST00000513874.6:c.70C>A|ENSP00000421191.1:p.His24Asn|218|70|24|H/N|Cac/Aac|COSV100080250||-1||SNV|HGNC|HGNC:26750|YES|5|P1|CCDS41625.2|ENSP00000421191|Q8N9C0.149||UPI0001D3B05B|Q8N9C0-2|NM_173588.4|deleterious(0.01)|benign(0.011)|PANTHER:PTHR13817&PANTHER:PTHR13817:SF10||||||||||||||||||1|1||||||20.4|2.238549,T|intron_variant&non_coding_transcript_variant|MODIFIER|IGSF22-AS1|ENSG00000254966|Transcript|ENST00000527285|lncRNA||2/2|ENST00000527285.1:n.730-16257G>T|||||||COSV100080250||1||SNV|HGNC|HGNC:55511|YES|3|||||||||||||||||||||||||||||1|1||||||20.4|2.238549,T|regulatory_region_variant|MODIFIER|||RegulatoryFeature|ENSR00000954213|enhancer||||||||||COSV100080250||||SNV|||||||||||||||||||||||||||||||||1|1||||||20.4|2.238549	GT:AD:DP	0/1:78,9:.	G/T	11:18724167	T	ENSG00000110786	ENST00000396166	Transcript	downstream_gene_variant	MODIFIER						COSV100080250							20.4	2.238549	PTPN5			MAPK signaling pathway	hsa04010				SNV								827 / 49097025	0	0.1800	UNCLASSIFIED
11	18724167		G	T	.	.	CSQ=T|missense_variant&NMD_transcript_variant|MODERATE|IGSF22|ENSG00000179057|Transcript|ENST00000319338|nonsense_mediated_decay|2/21||ENST00000319338.6:c.70C>A|ENSP00000322422.6:p.His24Asn|260|70|24|H/N|Cac/Aac|COSV100080250||-1||SNV|HGNC|HGNC:26750||2|||ENSP00000322422|Q8N9C0.149||UPI0000DBEF33|Q8N9C0-1||deleterious(0.01)|benign(0.011)|AFDB-ENSP_mappings:AF-Q8N9C0-F1.A||||||||||||||||||1|1||||||20.4|2.238549,T|downstream_gene_variant|MODIFIER|PTPN5|ENSG00000110786|Transcript|ENST00000358540|protein_coding||||||||||COSV100080250|3761|-1||SNV|HGNC|HGNC:9657|YES|1||CCDS7845.1|ENSP00000351342|P54829.184||UPI00001AE663|P54829-1|NM_032781.4&NM_006906.2|||||||||||||||||||||1|1||||||20.4|2.238549,T|downstream_gene_variant|MODIFIER|PTPN5|ENSG00000110786|Transcript|ENST00000396166|protein_coding||||||||||COSV100080250|3763|-1||SNV|HGNC|HGNC:9657||2|||ENSP00000379469||A8MXF1.104|UPI00001A8253|||||||||||||||||||||||1|1||||||20.4|2.238549,T|downstream_gene_variant|MODIFIER|PTPN5|ENSG00000110786|Transcript|ENST00000396168|protein_coding||||||||||COSV100080250|3765|-1||SNV|HGNC|HGNC:9657||1|P1|CCDS60746.1|ENSP00000379471|P54829.184||UPI00000473F7|P54829-3|NM_001278239.2&NM_001278238.2|||||||||||||||||||||1|1||||||20.4|2.238549,T|downstream_gene_variant|MODIFIER|PTPN5|ENSG00000110786|Transcript|ENST00000396170|protein_coding||||||||||COSV100080250|3763|-1||SNV|HGNC|HGNC:9657||2||CCDS41626.1|ENSP00000379473|P54829.184||UPI00004A2823|P54829-2|NM_001278236.1&NM_001039970.2|||||||||||||||||||||1|1||||||20.4|2.238549,T|non_coding_transcript_exon_variant|MODIFIER|IGSF22|ENSG00000179057|Transcript|ENST00000412229|protein_coding_CDS_not_defined|2/3||ENST00000412229.2:n.204C>A||204|||||COSV100080250||-1||SNV|HGNC|HGNC:26750||3|||||||||||||||||||||||||||||1|1||||||20.4|2.238549,T|downstream_gene_variant|MODIFIER|PTPN5|ENSG00000110786|Transcript|ENST00000477854|protein_coding||||||||||COSV100080250|3761|-1||SNV|HGNC|HGNC:9657||5|||ENSP00000435056||E9PLZ4.75|UPI0000E5931A|||||||||||||||||||||||1|1||||||20.4|2.238549,T|non_coding_transcript_exon_variant|MODIFIER|IGSF22|ENSG00000179057|Transcript|ENST00000504981|retained_intron|2/20||ENST00000504981.5:n.211C>A||211|||||COSV100080250||-1||SNV|HGNC|HGNC:26750||1|||||||||||||||||||||||||||||1|1||||||20.4|2.238549,T|missense_variant|MODERATE|IGSF22|ENSG00000179057|Transcript|ENST00000513874|protein_coding|2/23||ENST00000513874.6:c.70C>A|ENSP00000421191.1:p.His24Asn|218|70|24|H/N|Cac/Aac|COSV100080250||-1||SNV|HGNC|HGNC:26750|YES|5|P1|CCDS41625.2|ENSP00000421191|Q8N9C0.149||UPI0001D3B05B|Q8N9C0-2|NM_173588.4|deleterious(0.01)|benign(0.011)|PANTHER:PTHR13817&PANTHER:PTHR13817:SF10||||||||||||||||||1|1||||||20.4|2.238549,T|intron_variant&non_coding_transcript_variant|MODIFIER|IGSF22-AS1|ENSG00000254966|Transcript|ENST00000527285|lncRNA||2/2|ENST00000527285.1:n.730-16257G>T|||||||COSV100080250||1||SNV|HGNC|HGNC:55511|YES|3|||||||||||||||||||||||||||||1|1||||||20.4|2.238549,T|regulatory_region_variant|MODIFIER|||RegulatoryFeature|ENSR00000954213|enhancer||||||||||COSV100080250||||SNV|||||||||||||||||||||||||||||||||1|1||||||20.4|2.238549	GT:AD:DP	0/1:78,9:.	G/T	11:18724167	T	ENSG00000110786	ENST00000396168	Transcript	downstream_gene_variant	MODIFIER						COSV100080250		P1					20.4	2.238549	PTPN5			MAPK signaling pathway	hsa04010				SNV								827 / 49097025	0	0.1800	UNCLASSIFIED
11	18724167		G	T	.	.	CSQ=T|missense_variant&NMD_transcript_variant|MODERATE|IGSF22|ENSG00000179057|Transcript|ENST00000319338|nonsense_mediated_decay|2/21||ENST00000319338.6:c.70C>A|ENSP00000322422.6:p.His24Asn|260|70|24|H/N|Cac/Aac|COSV100080250||-1||SNV|HGNC|HGNC:26750||2|||ENSP00000322422|Q8N9C0.149||UPI0000DBEF33|Q8N9C0-1||deleterious(0.01)|benign(0.011)|AFDB-ENSP_mappings:AF-Q8N9C0-F1.A||||||||||||||||||1|1||||||20.4|2.238549,T|downstream_gene_variant|MODIFIER|PTPN5|ENSG00000110786|Transcript|ENST00000358540|protein_coding||||||||||COSV100080250|3761|-1||SNV|HGNC|HGNC:9657|YES|1||CCDS7845.1|ENSP00000351342|P54829.184||UPI00001AE663|P54829-1|NM_032781.4&NM_006906.2|||||||||||||||||||||1|1||||||20.4|2.238549,T|downstream_gene_variant|MODIFIER|PTPN5|ENSG00000110786|Transcript|ENST00000396166|protein_coding||||||||||COSV100080250|3763|-1||SNV|HGNC|HGNC:9657||2|||ENSP00000379469||A8MXF1.104|UPI00001A8253|||||||||||||||||||||||1|1||||||20.4|2.238549,T|downstream_gene_variant|MODIFIER|PTPN5|ENSG00000110786|Transcript|ENST00000396168|protein_coding||||||||||COSV100080250|3765|-1||SNV|HGNC|HGNC:9657||1|P1|CCDS60746.1|ENSP00000379471|P54829.184||UPI00000473F7|P54829-3|NM_001278239.2&NM_001278238.2|||||||||||||||||||||1|1||||||20.4|2.238549,T|downstream_gene_variant|MODIFIER|PTPN5|ENSG00000110786|Transcript|ENST00000396170|protein_coding||||||||||COSV100080250|3763|-1||SNV|HGNC|HGNC:9657||2||CCDS41626.1|ENSP00000379473|P54829.184||UPI00004A2823|P54829-2|NM_001278236.1&NM_001039970.2|||||||||||||||||||||1|1||||||20.4|2.238549,T|non_coding_transcript_exon_variant|MODIFIER|IGSF22|ENSG00000179057|Transcript|ENST00000412229|protein_coding_CDS_not_defined|2/3||ENST00000412229.2:n.204C>A||204|||||COSV100080250||-1||SNV|HGNC|HGNC:26750||3|||||||||||||||||||||||||||||1|1||||||20.4|2.238549,T|downstream_gene_variant|MODIFIER|PTPN5|ENSG00000110786|Transcript|ENST00000477854|protein_coding||||||||||COSV100080250|3761|-1||SNV|HGNC|HGNC:9657||5|||ENSP00000435056||E9PLZ4.75|UPI0000E5931A|||||||||||||||||||||||1|1||||||20.4|2.238549,T|non_coding_transcript_exon_variant|MODIFIER|IGSF22|ENSG00000179057|Transcript|ENST00000504981|retained_intron|2/20||ENST00000504981.5:n.211C>A||211|||||COSV100080250||-1||SNV|HGNC|HGNC:26750||1|||||||||||||||||||||||||||||1|1||||||20.4|2.238549,T|missense_variant|MODERATE|IGSF22|ENSG00000179057|Transcript|ENST00000513874|protein_coding|2/23||ENST00000513874.6:c.70C>A|ENSP00000421191.1:p.His24Asn|218|70|24|H/N|Cac/Aac|COSV100080250||-1||SNV|HGNC|HGNC:26750|YES|5|P1|CCDS41625.2|ENSP00000421191|Q8N9C0.149||UPI0001D3B05B|Q8N9C0-2|NM_173588.4|deleterious(0.01)|benign(0.011)|PANTHER:PTHR13817&PANTHER:PTHR13817:SF10||||||||||||||||||1|1||||||20.4|2.238549,T|intron_variant&non_coding_transcript_variant|MODIFIER|IGSF22-AS1|ENSG00000254966|Transcript|ENST00000527285|lncRNA||2/2|ENST00000527285.1:n.730-16257G>T|||||||COSV100080250||1||SNV|HGNC|HGNC:55511|YES|3|||||||||||||||||||||||||||||1|1||||||20.4|2.238549,T|regulatory_region_variant|MODIFIER|||RegulatoryFeature|ENSR00000954213|enhancer||||||||||COSV100080250||||SNV|||||||||||||||||||||||||||||||||1|1||||||20.4|2.238549	GT:AD:DP	0/1:78,9:.	G/T	11:18724167	T	ENSG00000110786	ENST00000396170	Transcript	downstream_gene_variant	MODIFIER						COSV100080250							20.4	2.238549	PTPN5			MAPK signaling pathway	hsa04010				SNV								827 / 49097025	0	0.1800	UNCLASSIFIED
11	18724167		G	T	.	.	CSQ=T|missense_variant&NMD_transcript_variant|MODERATE|IGSF22|ENSG00000179057|Transcript|ENST00000319338|nonsense_mediated_decay|2/21||ENST00000319338.6:c.70C>A|ENSP00000322422.6:p.His24Asn|260|70|24|H/N|Cac/Aac|COSV100080250||-1||SNV|HGNC|HGNC:26750||2|||ENSP00000322422|Q8N9C0.149||UPI0000DBEF33|Q8N9C0-1||deleterious(0.01)|benign(0.011)|AFDB-ENSP_mappings:AF-Q8N9C0-F1.A||||||||||||||||||1|1||||||20.4|2.238549,T|downstream_gene_variant|MODIFIER|PTPN5|ENSG00000110786|Transcript|ENST00000358540|protein_coding||||||||||COSV100080250|3761|-1||SNV|HGNC|HGNC:9657|YES|1||CCDS7845.1|ENSP00000351342|P54829.184||UPI00001AE663|P54829-1|NM_032781.4&NM_006906.2|||||||||||||||||||||1|1||||||20.4|2.238549,T|downstream_gene_variant|MODIFIER|PTPN5|ENSG00000110786|Transcript|ENST00000396166|protein_coding||||||||||COSV100080250|3763|-1||SNV|HGNC|HGNC:9657||2|||ENSP00000379469||A8MXF1.104|UPI00001A8253|||||||||||||||||||||||1|1||||||20.4|2.238549,T|downstream_gene_variant|MODIFIER|PTPN5|ENSG00000110786|Transcript|ENST00000396168|protein_coding||||||||||COSV100080250|3765|-1||SNV|HGNC|HGNC:9657||1|P1|CCDS60746.1|ENSP00000379471|P54829.184||UPI00000473F7|P54829-3|NM_001278239.2&NM_001278238.2|||||||||||||||||||||1|1||||||20.4|2.238549,T|downstream_gene_variant|MODIFIER|PTPN5|ENSG00000110786|Transcript|ENST00000396170|protein_coding||||||||||COSV100080250|3763|-1||SNV|HGNC|HGNC:9657||2||CCDS41626.1|ENSP00000379473|P54829.184||UPI00004A2823|P54829-2|NM_001278236.1&NM_001039970.2|||||||||||||||||||||1|1||||||20.4|2.238549,T|non_coding_transcript_exon_variant|MODIFIER|IGSF22|ENSG00000179057|Transcript|ENST00000412229|protein_coding_CDS_not_defined|2/3||ENST00000412229.2:n.204C>A||204|||||COSV100080250||-1||SNV|HGNC|HGNC:26750||3|||||||||||||||||||||||||||||1|1||||||20.4|2.238549,T|downstream_gene_variant|MODIFIER|PTPN5|ENSG00000110786|Transcript|ENST00000477854|protein_coding||||||||||COSV100080250|3761|-1||SNV|HGNC|HGNC:9657||5|||ENSP00000435056||E9PLZ4.75|UPI0000E5931A|||||||||||||||||||||||1|1||||||20.4|2.238549,T|non_coding_transcript_exon_variant|MODIFIER|IGSF22|ENSG00000179057|Transcript|ENST00000504981|retained_intron|2/20||ENST00000504981.5:n.211C>A||211|||||COSV100080250||-1||SNV|HGNC|HGNC:26750||1|||||||||||||||||||||||||||||1|1||||||20.4|2.238549,T|missense_variant|MODERATE|IGSF22|ENSG00000179057|Transcript|ENST00000513874|protein_coding|2/23||ENST00000513874.6:c.70C>A|ENSP00000421191.1:p.His24Asn|218|70|24|H/N|Cac/Aac|COSV100080250||-1||SNV|HGNC|HGNC:26750|YES|5|P1|CCDS41625.2|ENSP00000421191|Q8N9C0.149||UPI0001D3B05B|Q8N9C0-2|NM_173588.4|deleterious(0.01)|benign(0.011)|PANTHER:PTHR13817&PANTHER:PTHR13817:SF10||||||||||||||||||1|1||||||20.4|2.238549,T|intron_variant&non_coding_transcript_variant|MODIFIER|IGSF22-AS1|ENSG00000254966|Transcript|ENST00000527285|lncRNA||2/2|ENST00000527285.1:n.730-16257G>T|||||||COSV100080250||1||SNV|HGNC|HGNC:55511|YES|3|||||||||||||||||||||||||||||1|1||||||20.4|2.238549,T|regulatory_region_variant|MODIFIER|||RegulatoryFeature|ENSR00000954213|enhancer||||||||||COSV100080250||||SNV|||||||||||||||||||||||||||||||||1|1||||||20.4|2.238549	GT:AD:DP	0/1:78,9:.	G/T	11:18724167	T	ENSG00000179057	ENST00000412229	Transcript	non_coding_transcript_exon_variant	MODIFIER	204					COSV100080250							20.4	2.238549	IGSF22								SNV	n.204C>A							801 / 49097025	0	0.1650	UNCLASSIFIED
11	18724167		G	T	.	.	CSQ=T|missense_variant&NMD_transcript_variant|MODERATE|IGSF22|ENSG00000179057|Transcript|ENST00000319338|nonsense_mediated_decay|2/21||ENST00000319338.6:c.70C>A|ENSP00000322422.6:p.His24Asn|260|70|24|H/N|Cac/Aac|COSV100080250||-1||SNV|HGNC|HGNC:26750||2|||ENSP00000322422|Q8N9C0.149||UPI0000DBEF33|Q8N9C0-1||deleterious(0.01)|benign(0.011)|AFDB-ENSP_mappings:AF-Q8N9C0-F1.A||||||||||||||||||1|1||||||20.4|2.238549,T|downstream_gene_variant|MODIFIER|PTPN5|ENSG00000110786|Transcript|ENST00000358540|protein_coding||||||||||COSV100080250|3761|-1||SNV|HGNC|HGNC:9657|YES|1||CCDS7845.1|ENSP00000351342|P54829.184||UPI00001AE663|P54829-1|NM_032781.4&NM_006906.2|||||||||||||||||||||1|1||||||20.4|2.238549,T|downstream_gene_variant|MODIFIER|PTPN5|ENSG00000110786|Transcript|ENST00000396166|protein_coding||||||||||COSV100080250|3763|-1||SNV|HGNC|HGNC:9657||2|||ENSP00000379469||A8MXF1.104|UPI00001A8253|||||||||||||||||||||||1|1||||||20.4|2.238549,T|downstream_gene_variant|MODIFIER|PTPN5|ENSG00000110786|Transcript|ENST00000396168|protein_coding||||||||||COSV100080250|3765|-1||SNV|HGNC|HGNC:9657||1|P1|CCDS60746.1|ENSP00000379471|P54829.184||UPI00000473F7|P54829-3|NM_001278239.2&NM_001278238.2|||||||||||||||||||||1|1||||||20.4|2.238549,T|downstream_gene_variant|MODIFIER|PTPN5|ENSG00000110786|Transcript|ENST00000396170|protein_coding||||||||||COSV100080250|3763|-1||SNV|HGNC|HGNC:9657||2||CCDS41626.1|ENSP00000379473|P54829.184||UPI00004A2823|P54829-2|NM_001278236.1&NM_001039970.2|||||||||||||||||||||1|1||||||20.4|2.238549,T|non_coding_transcript_exon_variant|MODIFIER|IGSF22|ENSG00000179057|Transcript|ENST00000412229|protein_coding_CDS_not_defined|2/3||ENST00000412229.2:n.204C>A||204|||||COSV100080250||-1||SNV|HGNC|HGNC:26750||3|||||||||||||||||||||||||||||1|1||||||20.4|2.238549,T|downstream_gene_variant|MODIFIER|PTPN5|ENSG00000110786|Transcript|ENST00000477854|protein_coding||||||||||COSV100080250|3761|-1||SNV|HGNC|HGNC:9657||5|||ENSP00000435056||E9PLZ4.75|UPI0000E5931A|||||||||||||||||||||||1|1||||||20.4|2.238549,T|non_coding_transcript_exon_variant|MODIFIER|IGSF22|ENSG00000179057|Transcript|ENST00000504981|retained_intron|2/20||ENST00000504981.5:n.211C>A||211|||||COSV100080250||-1||SNV|HGNC|HGNC:26750||1|||||||||||||||||||||||||||||1|1||||||20.4|2.238549,T|missense_variant|MODERATE|IGSF22|ENSG00000179057|Transcript|ENST00000513874|protein_coding|2/23||ENST00000513874.6:c.70C>A|ENSP00000421191.1:p.His24Asn|218|70|24|H/N|Cac/Aac|COSV100080250||-1||SNV|HGNC|HGNC:26750|YES|5|P1|CCDS41625.2|ENSP00000421191|Q8N9C0.149||UPI0001D3B05B|Q8N9C0-2|NM_173588.4|deleterious(0.01)|benign(0.011)|PANTHER:PTHR13817&PANTHER:PTHR13817:SF10||||||||||||||||||1|1||||||20.4|2.238549,T|intron_variant&non_coding_transcript_variant|MODIFIER|IGSF22-AS1|ENSG00000254966|Transcript|ENST00000527285|lncRNA||2/2|ENST00000527285.1:n.730-16257G>T|||||||COSV100080250||1||SNV|HGNC|HGNC:55511|YES|3|||||||||||||||||||||||||||||1|1||||||20.4|2.238549,T|regulatory_region_variant|MODIFIER|||RegulatoryFeature|ENSR00000954213|enhancer||||||||||COSV100080250||||SNV|||||||||||||||||||||||||||||||||1|1||||||20.4|2.238549	GT:AD:DP	0/1:78,9:.	G/T	11:18724167	T	ENSG00000110786	ENST00000477854	Transcript	downstream_gene_variant	MODIFIER						COSV100080250							20.4	2.238549	PTPN5			MAPK signaling pathway	hsa04010				SNV								827 / 49097025	0	0.1800	UNCLASSIFIED
11	18724167		G	T	.	.	CSQ=T|missense_variant&NMD_transcript_variant|MODERATE|IGSF22|ENSG00000179057|Transcript|ENST00000319338|nonsense_mediated_decay|2/21||ENST00000319338.6:c.70C>A|ENSP00000322422.6:p.His24Asn|260|70|24|H/N|Cac/Aac|COSV100080250||-1||SNV|HGNC|HGNC:26750||2|||ENSP00000322422|Q8N9C0.149||UPI0000DBEF33|Q8N9C0-1||deleterious(0.01)|benign(0.011)|AFDB-ENSP_mappings:AF-Q8N9C0-F1.A||||||||||||||||||1|1||||||20.4|2.238549,T|downstream_gene_variant|MODIFIER|PTPN5|ENSG00000110786|Transcript|ENST00000358540|protein_coding||||||||||COSV100080250|3761|-1||SNV|HGNC|HGNC:9657|YES|1||CCDS7845.1|ENSP00000351342|P54829.184||UPI00001AE663|P54829-1|NM_032781.4&NM_006906.2|||||||||||||||||||||1|1||||||20.4|2.238549,T|downstream_gene_variant|MODIFIER|PTPN5|ENSG00000110786|Transcript|ENST00000396166|protein_coding||||||||||COSV100080250|3763|-1||SNV|HGNC|HGNC:9657||2|||ENSP00000379469||A8MXF1.104|UPI00001A8253|||||||||||||||||||||||1|1||||||20.4|2.238549,T|downstream_gene_variant|MODIFIER|PTPN5|ENSG00000110786|Transcript|ENST00000396168|protein_coding||||||||||COSV100080250|3765|-1||SNV|HGNC|HGNC:9657||1|P1|CCDS60746.1|ENSP00000379471|P54829.184||UPI00000473F7|P54829-3|NM_001278239.2&NM_001278238.2|||||||||||||||||||||1|1||||||20.4|2.238549,T|downstream_gene_variant|MODIFIER|PTPN5|ENSG00000110786|Transcript|ENST00000396170|protein_coding||||||||||COSV100080250|3763|-1||SNV|HGNC|HGNC:9657||2||CCDS41626.1|ENSP00000379473|P54829.184||UPI00004A2823|P54829-2|NM_001278236.1&NM_001039970.2|||||||||||||||||||||1|1||||||20.4|2.238549,T|non_coding_transcript_exon_variant|MODIFIER|IGSF22|ENSG00000179057|Transcript|ENST00000412229|protein_coding_CDS_not_defined|2/3||ENST00000412229.2:n.204C>A||204|||||COSV100080250||-1||SNV|HGNC|HGNC:26750||3|||||||||||||||||||||||||||||1|1||||||20.4|2.238549,T|downstream_gene_variant|MODIFIER|PTPN5|ENSG00000110786|Transcript|ENST00000477854|protein_coding||||||||||COSV100080250|3761|-1||SNV|HGNC|HGNC:9657||5|||ENSP00000435056||E9PLZ4.75|UPI0000E5931A|||||||||||||||||||||||1|1||||||20.4|2.238549,T|non_coding_transcript_exon_variant|MODIFIER|IGSF22|ENSG00000179057|Transcript|ENST00000504981|retained_intron|2/20||ENST00000504981.5:n.211C>A||211|||||COSV100080250||-1||SNV|HGNC|HGNC:26750||1|||||||||||||||||||||||||||||1|1||||||20.4|2.238549,T|missense_variant|MODERATE|IGSF22|ENSG00000179057|Transcript|ENST00000513874|protein_coding|2/23||ENST00000513874.6:c.70C>A|ENSP00000421191.1:p.His24Asn|218|70|24|H/N|Cac/Aac|COSV100080250||-1||SNV|HGNC|HGNC:26750|YES|5|P1|CCDS41625.2|ENSP00000421191|Q8N9C0.149||UPI0001D3B05B|Q8N9C0-2|NM_173588.4|deleterious(0.01)|benign(0.011)|PANTHER:PTHR13817&PANTHER:PTHR13817:SF10||||||||||||||||||1|1||||||20.4|2.238549,T|intron_variant&non_coding_transcript_variant|MODIFIER|IGSF22-AS1|ENSG00000254966|Transcript|ENST00000527285|lncRNA||2/2|ENST00000527285.1:n.730-16257G>T|||||||COSV100080250||1||SNV|HGNC|HGNC:55511|YES|3|||||||||||||||||||||||||||||1|1||||||20.4|2.238549,T|regulatory_region_variant|MODIFIER|||RegulatoryFeature|ENSR00000954213|enhancer||||||||||COSV100080250||||SNV|||||||||||||||||||||||||||||||||1|1||||||20.4|2.238549	GT:AD:DP	0/1:78,9:.	G/T	11:18724167	T	ENSG00000179057	ENST00000504981	Transcript	non_coding_transcript_exon_variant	MODIFIER	211					COSV100080250							20.4	2.238549	IGSF22								SNV	n.211C>A							801 / 49097025	0	0.1650	UNCLASSIFIED
11	18724167		G	T	.	.	CSQ=T|missense_variant&NMD_transcript_variant|MODERATE|IGSF22|ENSG00000179057|Transcript|ENST00000319338|nonsense_mediated_decay|2/21||ENST00000319338.6:c.70C>A|ENSP00000322422.6:p.His24Asn|260|70|24|H/N|Cac/Aac|COSV100080250||-1||SNV|HGNC|HGNC:26750||2|||ENSP00000322422|Q8N9C0.149||UPI0000DBEF33|Q8N9C0-1||deleterious(0.01)|benign(0.011)|AFDB-ENSP_mappings:AF-Q8N9C0-F1.A||||||||||||||||||1|1||||||20.4|2.238549,T|downstream_gene_variant|MODIFIER|PTPN5|ENSG00000110786|Transcript|ENST00000358540|protein_coding||||||||||COSV100080250|3761|-1||SNV|HGNC|HGNC:9657|YES|1||CCDS7845.1|ENSP00000351342|P54829.184||UPI00001AE663|P54829-1|NM_032781.4&NM_006906.2|||||||||||||||||||||1|1||||||20.4|2.238549,T|downstream_gene_variant|MODIFIER|PTPN5|ENSG00000110786|Transcript|ENST00000396166|protein_coding||||||||||COSV100080250|3763|-1||SNV|HGNC|HGNC:9657||2|||ENSP00000379469||A8MXF1.104|UPI00001A8253|||||||||||||||||||||||1|1||||||20.4|2.238549,T|downstream_gene_variant|MODIFIER|PTPN5|ENSG00000110786|Transcript|ENST00000396168|protein_coding||||||||||COSV100080250|3765|-1||SNV|HGNC|HGNC:9657||1|P1|CCDS60746.1|ENSP00000379471|P54829.184||UPI00000473F7|P54829-3|NM_001278239.2&NM_001278238.2|||||||||||||||||||||1|1||||||20.4|2.238549,T|downstream_gene_variant|MODIFIER|PTPN5|ENSG00000110786|Transcript|ENST00000396170|protein_coding||||||||||COSV100080250|3763|-1||SNV|HGNC|HGNC:9657||2||CCDS41626.1|ENSP00000379473|P54829.184||UPI00004A2823|P54829-2|NM_001278236.1&NM_001039970.2|||||||||||||||||||||1|1||||||20.4|2.238549,T|non_coding_transcript_exon_variant|MODIFIER|IGSF22|ENSG00000179057|Transcript|ENST00000412229|protein_coding_CDS_not_defined|2/3||ENST00000412229.2:n.204C>A||204|||||COSV100080250||-1||SNV|HGNC|HGNC:26750||3|||||||||||||||||||||||||||||1|1||||||20.4|2.238549,T|downstream_gene_variant|MODIFIER|PTPN5|ENSG00000110786|Transcript|ENST00000477854|protein_coding||||||||||COSV100080250|3761|-1||SNV|HGNC|HGNC:9657||5|||ENSP00000435056||E9PLZ4.75|UPI0000E5931A|||||||||||||||||||||||1|1||||||20.4|2.238549,T|non_coding_transcript_exon_variant|MODIFIER|IGSF22|ENSG00000179057|Transcript|ENST00000504981|retained_intron|2/20||ENST00000504981.5:n.211C>A||211|||||COSV100080250||-1||SNV|HGNC|HGNC:26750||1|||||||||||||||||||||||||||||1|1||||||20.4|2.238549,T|missense_variant|MODERATE|IGSF22|ENSG00000179057|Transcript|ENST00000513874|protein_coding|2/23||ENST00000513874.6:c.70C>A|ENSP00000421191.1:p.His24Asn|218|70|24|H/N|Cac/Aac|COSV100080250||-1||SNV|HGNC|HGNC:26750|YES|5|P1|CCDS41625.2|ENSP00000421191|Q8N9C0.149||UPI0001D3B05B|Q8N9C0-2|NM_173588.4|deleterious(0.01)|benign(0.011)|PANTHER:PTHR13817&PANTHER:PTHR13817:SF10||||||||||||||||||1|1||||||20.4|2.238549,T|intron_variant&non_coding_transcript_variant|MODIFIER|IGSF22-AS1|ENSG00000254966|Transcript|ENST00000527285|lncRNA||2/2|ENST00000527285.1:n.730-16257G>T|||||||COSV100080250||1||SNV|HGNC|HGNC:55511|YES|3|||||||||||||||||||||||||||||1|1||||||20.4|2.238549,T|regulatory_region_variant|MODIFIER|||RegulatoryFeature|ENSR00000954213|enhancer||||||||||COSV100080250||||SNV|||||||||||||||||||||||||||||||||1|1||||||20.4|2.238549	GT:AD:DP	0/1:78,9:.	G/T	11:18724167	T	ENSG00000179057	ENST00000513874	Transcript	missense_variant	MODERATE	218	70	24	H/N	Cac/Aac	COSV100080250		P1	benign	0.011	deleterious	0.01	20.4	2.238549	IGSF22		COSV100080250						SNV	c.70C>A	p.His24Asn						801 / 49097025	1 / 49097025	0.2675	UNCLASSIFIED
11	18724167		G	T	.	.	CSQ=T|missense_variant&NMD_transcript_variant|MODERATE|IGSF22|ENSG00000179057|Transcript|ENST00000319338|nonsense_mediated_decay|2/21||ENST00000319338.6:c.70C>A|ENSP00000322422.6:p.His24Asn|260|70|24|H/N|Cac/Aac|COSV100080250||-1||SNV|HGNC|HGNC:26750||2|||ENSP00000322422|Q8N9C0.149||UPI0000DBEF33|Q8N9C0-1||deleterious(0.01)|benign(0.011)|AFDB-ENSP_mappings:AF-Q8N9C0-F1.A||||||||||||||||||1|1||||||20.4|2.238549,T|downstream_gene_variant|MODIFIER|PTPN5|ENSG00000110786|Transcript|ENST00000358540|protein_coding||||||||||COSV100080250|3761|-1||SNV|HGNC|HGNC:9657|YES|1||CCDS7845.1|ENSP00000351342|P54829.184||UPI00001AE663|P54829-1|NM_032781.4&NM_006906.2|||||||||||||||||||||1|1||||||20.4|2.238549,T|downstream_gene_variant|MODIFIER|PTPN5|ENSG00000110786|Transcript|ENST00000396166|protein_coding||||||||||COSV100080250|3763|-1||SNV|HGNC|HGNC:9657||2|||ENSP00000379469||A8MXF1.104|UPI00001A8253|||||||||||||||||||||||1|1||||||20.4|2.238549,T|downstream_gene_variant|MODIFIER|PTPN5|ENSG00000110786|Transcript|ENST00000396168|protein_coding||||||||||COSV100080250|3765|-1||SNV|HGNC|HGNC:9657||1|P1|CCDS60746.1|ENSP00000379471|P54829.184||UPI00000473F7|P54829-3|NM_001278239.2&NM_001278238.2|||||||||||||||||||||1|1||||||20.4|2.238549,T|downstream_gene_variant|MODIFIER|PTPN5|ENSG00000110786|Transcript|ENST00000396170|protein_coding||||||||||COSV100080250|3763|-1||SNV|HGNC|HGNC:9657||2||CCDS41626.1|ENSP00000379473|P54829.184||UPI00004A2823|P54829-2|NM_001278236.1&NM_001039970.2|||||||||||||||||||||1|1||||||20.4|2.238549,T|non_coding_transcript_exon_variant|MODIFIER|IGSF22|ENSG00000179057|Transcript|ENST00000412229|protein_coding_CDS_not_defined|2/3||ENST00000412229.2:n.204C>A||204|||||COSV100080250||-1||SNV|HGNC|HGNC:26750||3|||||||||||||||||||||||||||||1|1||||||20.4|2.238549,T|downstream_gene_variant|MODIFIER|PTPN5|ENSG00000110786|Transcript|ENST00000477854|protein_coding||||||||||COSV100080250|3761|-1||SNV|HGNC|HGNC:9657||5|||ENSP00000435056||E9PLZ4.75|UPI0000E5931A|||||||||||||||||||||||1|1||||||20.4|2.238549,T|non_coding_transcript_exon_variant|MODIFIER|IGSF22|ENSG00000179057|Transcript|ENST00000504981|retained_intron|2/20||ENST00000504981.5:n.211C>A||211|||||COSV100080250||-1||SNV|HGNC|HGNC:26750||1|||||||||||||||||||||||||||||1|1||||||20.4|2.238549,T|missense_variant|MODERATE|IGSF22|ENSG00000179057|Transcript|ENST00000513874|protein_coding|2/23||ENST00000513874.6:c.70C>A|ENSP00000421191.1:p.His24Asn|218|70|24|H/N|Cac/Aac|COSV100080250||-1||SNV|HGNC|HGNC:26750|YES|5|P1|CCDS41625.2|ENSP00000421191|Q8N9C0.149||UPI0001D3B05B|Q8N9C0-2|NM_173588.4|deleterious(0.01)|benign(0.011)|PANTHER:PTHR13817&PANTHER:PTHR13817:SF10||||||||||||||||||1|1||||||20.4|2.238549,T|intron_variant&non_coding_transcript_variant|MODIFIER|IGSF22-AS1|ENSG00000254966|Transcript|ENST00000527285|lncRNA||2/2|ENST00000527285.1:n.730-16257G>T|||||||COSV100080250||1||SNV|HGNC|HGNC:55511|YES|3|||||||||||||||||||||||||||||1|1||||||20.4|2.238549,T|regulatory_region_variant|MODIFIER|||RegulatoryFeature|ENSR00000954213|enhancer||||||||||COSV100080250||||SNV|||||||||||||||||||||||||||||||||1|1||||||20.4|2.238549	GT:AD:DP	0/1:78,9:.	G/T	11:18724167	T	ENSG00000254966	ENST00000527285	Transcript	intron_variant,non_coding_transcript_variant	MODIFIER						COSV100080250							20.4	2.238549	IGSF22-AS1								SNV	n.730-16257G>T							0	0	0.1650	UNCLASSIFIED
11	18724167		G	T	.	.	CSQ=T|missense_variant&NMD_transcript_variant|MODERATE|IGSF22|ENSG00000179057|Transcript|ENST00000319338|nonsense_mediated_decay|2/21||ENST00000319338.6:c.70C>A|ENSP00000322422.6:p.His24Asn|260|70|24|H/N|Cac/Aac|COSV100080250||-1||SNV|HGNC|HGNC:26750||2|||ENSP00000322422|Q8N9C0.149||UPI0000DBEF33|Q8N9C0-1||deleterious(0.01)|benign(0.011)|AFDB-ENSP_mappings:AF-Q8N9C0-F1.A||||||||||||||||||1|1||||||20.4|2.238549,T|downstream_gene_variant|MODIFIER|PTPN5|ENSG00000110786|Transcript|ENST00000358540|protein_coding||||||||||COSV100080250|3761|-1||SNV|HGNC|HGNC:9657|YES|1||CCDS7845.1|ENSP00000351342|P54829.184||UPI00001AE663|P54829-1|NM_032781.4&NM_006906.2|||||||||||||||||||||1|1||||||20.4|2.238549,T|downstream_gene_variant|MODIFIER|PTPN5|ENSG00000110786|Transcript|ENST00000396166|protein_coding||||||||||COSV100080250|3763|-1||SNV|HGNC|HGNC:9657||2|||ENSP00000379469||A8MXF1.104|UPI00001A8253|||||||||||||||||||||||1|1||||||20.4|2.238549,T|downstream_gene_variant|MODIFIER|PTPN5|ENSG00000110786|Transcript|ENST00000396168|protein_coding||||||||||COSV100080250|3765|-1||SNV|HGNC|HGNC:9657||1|P1|CCDS60746.1|ENSP00000379471|P54829.184||UPI00000473F7|P54829-3|NM_001278239.2&NM_001278238.2|||||||||||||||||||||1|1||||||20.4|2.238549,T|downstream_gene_variant|MODIFIER|PTPN5|ENSG00000110786|Transcript|ENST00000396170|protein_coding||||||||||COSV100080250|3763|-1||SNV|HGNC|HGNC:9657||2||CCDS41626.1|ENSP00000379473|P54829.184||UPI00004A2823|P54829-2|NM_001278236.1&NM_001039970.2|||||||||||||||||||||1|1||||||20.4|2.238549,T|non_coding_transcript_exon_variant|MODIFIER|IGSF22|ENSG00000179057|Transcript|ENST00000412229|protein_coding_CDS_not_defined|2/3||ENST00000412229.2:n.204C>A||204|||||COSV100080250||-1||SNV|HGNC|HGNC:26750||3|||||||||||||||||||||||||||||1|1||||||20.4|2.238549,T|downstream_gene_variant|MODIFIER|PTPN5|ENSG00000110786|Transcript|ENST00000477854|protein_coding||||||||||COSV100080250|3761|-1||SNV|HGNC|HGNC:9657||5|||ENSP00000435056||E9PLZ4.75|UPI0000E5931A|||||||||||||||||||||||1|1||||||20.4|2.238549,T|non_coding_transcript_exon_variant|MODIFIER|IGSF22|ENSG00000179057|Transcript|ENST00000504981|retained_intron|2/20||ENST00000504981.5:n.211C>A||211|||||COSV100080250||-1||SNV|HGNC|HGNC:26750||1|||||||||||||||||||||||||||||1|1||||||20.4|2.238549,T|missense_variant|MODERATE|IGSF22|ENSG00000179057|Transcript|ENST00000513874|protein_coding|2/23||ENST00000513874.6:c.70C>A|ENSP00000421191.1:p.His24Asn|218|70|24|H/N|Cac/Aac|COSV100080250||-1||SNV|HGNC|HGNC:26750|YES|5|P1|CCDS41625.2|ENSP00000421191|Q8N9C0.149||UPI0001D3B05B|Q8N9C0-2|NM_173588.4|deleterious(0.01)|benign(0.011)|PANTHER:PTHR13817&PANTHER:PTHR13817:SF10||||||||||||||||||1|1||||||20.4|2.238549,T|intron_variant&non_coding_transcript_variant|MODIFIER|IGSF22-AS1|ENSG00000254966|Transcript|ENST00000527285|lncRNA||2/2|ENST00000527285.1:n.730-16257G>T|||||||COSV100080250||1||SNV|HGNC|HGNC:55511|YES|3|||||||||||||||||||||||||||||1|1||||||20.4|2.238549,T|regulatory_region_variant|MODIFIER|||RegulatoryFeature|ENSR00000954213|enhancer||||||||||COSV100080250||||SNV|||||||||||||||||||||||||||||||||1|1||||||20.4|2.238549	GT:AD:DP	0/1:78,9:.	G/T	11:18724167	T		ENSR00000954213	RegulatoryFeature	regulatory_region_variant	MODIFIER						COSV100080250							20.4	2.238549									SNV								0	0	0.1650	UNCLASSIFIED
20	51432073		C	G	.	.	CSQ=G|missense_variant|MODERATE|NFATC2|ENSG00000101096|Transcript|ENST00000371564|protein_coding|9/11||ENST00000371564.8:c.2716G>C|ENSP00000360619.3:p.Asp906His|2936|2716|906|D/H|Gat/Cat|COSV101044100&COSV101044568||-1||SNV|HGNC|HGNC:7776|YES|1|A1|CCDS33488.1|ENSP00000360619|Q13469.232||UPI00001453AA|Q13469-2|NM_012340.5|deleterious(0)|probably_damaging(0.988)|PANTHER:PTHR12533&PANTHER:PTHR12533:SF4||||||||||||||||||1&1|1&1||||||27.9|4.425787,G|missense_variant|MODERATE|NFATC2|ENSG00000101096|Transcript|ENST00000396009|protein_coding|9/10||ENST00000396009.7:c.2716G>C|ENSP00000379330.3:p.Asp906His|2936|2716|906|D/H|Gat/Cat|COSV101044100&COSV101044568||-1||SNV|HGNC|HGNC:7776||1|P3|CCDS13437.1|ENSP00000379330|Q13469.232||UPI0000167D0F|Q13469-1|NM_001258297.2&NM_173091.4|deleterious(0)|probably_damaging(0.992)|AFDB-ENSP_mappings:AF-Q13469-F1.A&PANTHER:PTHR12533&PANTHER:PTHR12533:SF4||||||||||||||||||1&1|1&1||||||27.9|4.425787,G|missense_variant|MODERATE|NFATC2|ENSG00000101096|Transcript|ENST00000414705|protein_coding|9/11||ENST00000414705.5:c.2656G>C|ENSP00000396471.1:p.Asp886His|2656|2656|886|D/H|Gat/Cat|COSV101044100&COSV101044568||-1||SNV|HGNC|HGNC:7776||1||CCDS46614.1|ENSP00000396471|Q13469.232||UPI00017BCFCD|Q13469-3|NM_001136021.3|deleterious(0)|probably_damaging(0.987)|PANTHER:PTHR12533&PANTHER:PTHR12533:SF4||||||||||||||||||1&1|1&1||||||27.9|4.425787,G|missense_variant|MODERATE|NFATC2|ENSG00000101096|Transcript|ENST00000609507|protein_coding|9/11||ENST00000609507.1:c.2059G>C|ENSP00000477342.1:p.Asp687His|2344|2059|687|D/H|Gat/Cat|COSV101044100&COSV101044568||-1||SNV|HGNC|HGNC:7776||1||CCDS68156.1|ENSP00000477342|Q13469.232||UPI00017BCFCE|Q13469-5|NM_001258294.2|deleterious(0)|probably_damaging(0.988)|PANTHER:PTHR12533&PANTHER:PTHR12533:SF4||||||||||||||||||1&1|1&1||||||27.9|4.425787,G|missense_variant|MODERATE|NFATC2|ENSG00000101096|Transcript|ENST00000609943|protein_coding|9/10||ENST00000609943.5:c.2656G>C|ENSP00000477370.1:p.Asp886His|2858|2656|886|D/H|Gat/Cat|COSV101044100&COSV101044568||-1||SNV|HGNC|HGNC:7776||1||CCDS68157.1|ENSP00000477370|Q13469.232||UPI0001639A83|Q13469-4|NM_001258295.2&NM_001258292.2|deleterious(0)|probably_damaging(0.997)|PANTHER:PTHR12533&PANTHER:PTHR12533:SF4||||||||||||||||||1&1|1&1||||||27.9|4.425787,G|missense_variant|MODERATE|NFATC2|ENSG00000101096|Transcript|ENST00000610033|protein_coding|9/11||ENST00000610033.5:c.2059G>C|ENSP00000477142.1:p.Asp687His|2422|2059|687|D/H|Gat/Cat|COSV101044100&COSV101044568||-1||SNV|HGNC|HGNC:7776||1||CCDS68156.1|ENSP00000477142|Q13469.232||UPI00017BCFCE|Q13469-5|NM_001258296.2|deleterious(0)|probably_damaging(0.988)|PANTHER:PTHR12533&PANTHER:PTHR12533:SF4||||||||||||||||||1&1|1&1||||||27.9|4.425787	GT:AD:DP	0/1:90,34:.	C/G	20:51432073	G	ENSG00000101096	ENST00000371564	Transcript	missense_variant	MODERATE	2936	2716	906	D/H	Gat/Cat	COSV101044100,COSV101044568		A1	probably_damaging	0.988	deleterious	0	27.9	4.425787	NFATC2	CGC:ONC; TSgene:TSG	COSV101044568:PATHOGENIC	cGMP-PKG signaling pathway|Cellular senescence|Wnt signaling pathway|Axon guidance|VEGF signaling pathway|Osteoclast differentiation|C-type lectin receptor signaling pathway|Natural killer cell mediated cytotoxicity|Th1 and Th2 cell differentiation|Th17 cell differentiation|T cell receptor signaling pathway|B cell receptor signaling pathway|Oxytocin signaling pathway|Yersinia infection|Hepatitis B|Human cytomegalovirus infection|Human T-cell leukemia virus 1 infection|Kaposi sarcoma-associated herpesvirus infection|Human immunodeficiency virus 1 infection|PD-L1 expression and PD-1 checkpoint pathway in cancer|Lipid and atherosclerosis	hsa04022|hsa04218|hsa04310|hsa04360|hsa04370|hsa04380|hsa04625|hsa04650|hsa04658|hsa04659|hsa04660|hsa04662|hsa04921|hsa05135|hsa05161|hsa05163|hsa05166|hsa05167|hsa05170|hsa05235|hsa05417				SNV	c.2716G>C	p.Asp906His						1459 / 49097025	1 / 49097025	0.3772	UNCLASSIFIED
20	51432073		C	G	.	.	CSQ=G|missense_variant|MODERATE|NFATC2|ENSG00000101096|Transcript|ENST00000371564|protein_coding|9/11||ENST00000371564.8:c.2716G>C|ENSP00000360619.3:p.Asp906His|2936|2716|906|D/H|Gat/Cat|COSV101044100&COSV101044568||-1||SNV|HGNC|HGNC:7776|YES|1|A1|CCDS33488.1|ENSP00000360619|Q13469.232||UPI00001453AA|Q13469-2|NM_012340.5|deleterious(0)|probably_damaging(0.988)|PANTHER:PTHR12533&PANTHER:PTHR12533:SF4||||||||||||||||||1&1|1&1||||||27.9|4.425787,G|missense_variant|MODERATE|NFATC2|ENSG00000101096|Transcript|ENST00000396009|protein_coding|9/10||ENST00000396009.7:c.2716G>C|ENSP00000379330.3:p.Asp906His|2936|2716|906|D/H|Gat/Cat|COSV101044100&COSV101044568||-1||SNV|HGNC|HGNC:7776||1|P3|CCDS13437.1|ENSP00000379330|Q13469.232||UPI0000167D0F|Q13469-1|NM_001258297.2&NM_173091.4|deleterious(0)|probably_damaging(0.992)|AFDB-ENSP_mappings:AF-Q13469-F1.A&PANTHER:PTHR12533&PANTHER:PTHR12533:SF4||||||||||||||||||1&1|1&1||||||27.9|4.425787,G|missense_variant|MODERATE|NFATC2|ENSG00000101096|Transcript|ENST00000414705|protein_coding|9/11||ENST00000414705.5:c.2656G>C|ENSP00000396471.1:p.Asp886His|2656|2656|886|D/H|Gat/Cat|COSV101044100&COSV101044568||-1||SNV|HGNC|HGNC:7776||1||CCDS46614.1|ENSP00000396471|Q13469.232||UPI00017BCFCD|Q13469-3|NM_001136021.3|deleterious(0)|probably_damaging(0.987)|PANTHER:PTHR12533&PANTHER:PTHR12533:SF4||||||||||||||||||1&1|1&1||||||27.9|4.425787,G|missense_variant|MODERATE|NFATC2|ENSG00000101096|Transcript|ENST00000609507|protein_coding|9/11||ENST00000609507.1:c.2059G>C|ENSP00000477342.1:p.Asp687His|2344|2059|687|D/H|Gat/Cat|COSV101044100&COSV101044568||-1||SNV|HGNC|HGNC:7776||1||CCDS68156.1|ENSP00000477342|Q13469.232||UPI00017BCFCE|Q13469-5|NM_001258294.2|deleterious(0)|probably_damaging(0.988)|PANTHER:PTHR12533&PANTHER:PTHR12533:SF4||||||||||||||||||1&1|1&1||||||27.9|4.425787,G|missense_variant|MODERATE|NFATC2|ENSG00000101096|Transcript|ENST00000609943|protein_coding|9/10||ENST00000609943.5:c.2656G>C|ENSP00000477370.1:p.Asp886His|2858|2656|886|D/H|Gat/Cat|COSV101044100&COSV101044568||-1||SNV|HGNC|HGNC:7776||1||CCDS68157.1|ENSP00000477370|Q13469.232||UPI0001639A83|Q13469-4|NM_001258295.2&NM_001258292.2|deleterious(0)|probably_damaging(0.997)|PANTHER:PTHR12533&PANTHER:PTHR12533:SF4||||||||||||||||||1&1|1&1||||||27.9|4.425787,G|missense_variant|MODERATE|NFATC2|ENSG00000101096|Transcript|ENST00000610033|protein_coding|9/11||ENST00000610033.5:c.2059G>C|ENSP00000477142.1:p.Asp687His|2422|2059|687|D/H|Gat/Cat|COSV101044100&COSV101044568||-1||SNV|HGNC|HGNC:7776||1||CCDS68156.1|ENSP00000477142|Q13469.232||UPI00017BCFCE|Q13469-5|NM_001258296.2|deleterious(0)|probably_damaging(0.988)|PANTHER:PTHR12533&PANTHER:PTHR12533:SF4||||||||||||||||||1&1|1&1||||||27.9|4.425787	GT:AD:DP	0/1:90,34:.	C/G	20:51432073	G	ENSG00000101096	ENST00000396009	Transcript	missense_variant	MODERATE	2936	2716	906	D/H	Gat/Cat	COSV101044100,COSV101044568		P3	probably_damaging	0.992	deleterious	0	27.9	4.425787	NFATC2	CGC:ONC; TSgene:TSG	COSV101044568:PATHOGENIC	cGMP-PKG signaling pathway|Cellular senescence|Wnt signaling pathway|Axon guidance|VEGF signaling pathway|Osteoclast differentiation|C-type lectin receptor signaling pathway|Natural killer cell mediated cytotoxicity|Th1 and Th2 cell differentiation|Th17 cell differentiation|T cell receptor signaling pathway|B cell receptor signaling pathway|Oxytocin signaling pathway|Yersinia infection|Hepatitis B|Human cytomegalovirus infection|Human T-cell leukemia virus 1 infection|Kaposi sarcoma-associated herpesvirus infection|Human immunodeficiency virus 1 infection|PD-L1 expression and PD-1 checkpoint pathway in cancer|Lipid and atherosclerosis	hsa04022|hsa04218|hsa04310|hsa04360|hsa04370|hsa04380|hsa04625|hsa04650|hsa04658|hsa04659|hsa04660|hsa04662|hsa04921|hsa05135|hsa05161|hsa05163|hsa05166|hsa05167|hsa05170|hsa05235|hsa05417				SNV	c.2716G>C	p.Asp906His						1459 / 49097025	1 / 49097025	0.3772	UNCLASSIFIED
20	51432073		C	G	.	.	CSQ=G|missense_variant|MODERATE|NFATC2|ENSG00000101096|Transcript|ENST00000371564|protein_coding|9/11||ENST00000371564.8:c.2716G>C|ENSP00000360619.3:p.Asp906His|2936|2716|906|D/H|Gat/Cat|COSV101044100&COSV101044568||-1||SNV|HGNC|HGNC:7776|YES|1|A1|CCDS33488.1|ENSP00000360619|Q13469.232||UPI00001453AA|Q13469-2|NM_012340.5|deleterious(0)|probably_damaging(0.988)|PANTHER:PTHR12533&PANTHER:PTHR12533:SF4||||||||||||||||||1&1|1&1||||||27.9|4.425787,G|missense_variant|MODERATE|NFATC2|ENSG00000101096|Transcript|ENST00000396009|protein_coding|9/10||ENST00000396009.7:c.2716G>C|ENSP00000379330.3:p.Asp906His|2936|2716|906|D/H|Gat/Cat|COSV101044100&COSV101044568||-1||SNV|HGNC|HGNC:7776||1|P3|CCDS13437.1|ENSP00000379330|Q13469.232||UPI0000167D0F|Q13469-1|NM_001258297.2&NM_173091.4|deleterious(0)|probably_damaging(0.992)|AFDB-ENSP_mappings:AF-Q13469-F1.A&PANTHER:PTHR12533&PANTHER:PTHR12533:SF4||||||||||||||||||1&1|1&1||||||27.9|4.425787,G|missense_variant|MODERATE|NFATC2|ENSG00000101096|Transcript|ENST00000414705|protein_coding|9/11||ENST00000414705.5:c.2656G>C|ENSP00000396471.1:p.Asp886His|2656|2656|886|D/H|Gat/Cat|COSV101044100&COSV101044568||-1||SNV|HGNC|HGNC:7776||1||CCDS46614.1|ENSP00000396471|Q13469.232||UPI00017BCFCD|Q13469-3|NM_001136021.3|deleterious(0)|probably_damaging(0.987)|PANTHER:PTHR12533&PANTHER:PTHR12533:SF4||||||||||||||||||1&1|1&1||||||27.9|4.425787,G|missense_variant|MODERATE|NFATC2|ENSG00000101096|Transcript|ENST00000609507|protein_coding|9/11||ENST00000609507.1:c.2059G>C|ENSP00000477342.1:p.Asp687His|2344|2059|687|D/H|Gat/Cat|COSV101044100&COSV101044568||-1||SNV|HGNC|HGNC:7776||1||CCDS68156.1|ENSP00000477342|Q13469.232||UPI00017BCFCE|Q13469-5|NM_001258294.2|deleterious(0)|probably_damaging(0.988)|PANTHER:PTHR12533&PANTHER:PTHR12533:SF4||||||||||||||||||1&1|1&1||||||27.9|4.425787,G|missense_variant|MODERATE|NFATC2|ENSG00000101096|Transcript|ENST00000609943|protein_coding|9/10||ENST00000609943.5:c.2656G>C|ENSP00000477370.1:p.Asp886His|2858|2656|886|D/H|Gat/Cat|COSV101044100&COSV101044568||-1||SNV|HGNC|HGNC:7776||1||CCDS68157.1|ENSP00000477370|Q13469.232||UPI0001639A83|Q13469-4|NM_001258295.2&NM_001258292.2|deleterious(0)|probably_damaging(0.997)|PANTHER:PTHR12533&PANTHER:PTHR12533:SF4||||||||||||||||||1&1|1&1||||||27.9|4.425787,G|missense_variant|MODERATE|NFATC2|ENSG00000101096|Transcript|ENST00000610033|protein_coding|9/11||ENST00000610033.5:c.2059G>C|ENSP00000477142.1:p.Asp687His|2422|2059|687|D/H|Gat/Cat|COSV101044100&COSV101044568||-1||SNV|HGNC|HGNC:7776||1||CCDS68156.1|ENSP00000477142|Q13469.232||UPI00017BCFCE|Q13469-5|NM_001258296.2|deleterious(0)|probably_damaging(0.988)|PANTHER:PTHR12533&PANTHER:PTHR12533:SF4||||||||||||||||||1&1|1&1||||||27.9|4.425787	GT:AD:DP	0/1:90,34:.	C/G	20:51432073	G	ENSG00000101096	ENST00000414705	Transcript	missense_variant	MODERATE	2656	2656	886	D/H	Gat/Cat	COSV101044100,COSV101044568			probably_damaging	0.987	deleterious	0	27.9	4.425787	NFATC2	CGC:ONC; TSgene:TSG	COSV101044568:PATHOGENIC	cGMP-PKG signaling pathway|Cellular senescence|Wnt signaling pathway|Axon guidance|VEGF signaling pathway|Osteoclast differentiation|C-type lectin receptor signaling pathway|Natural killer cell mediated cytotoxicity|Th1 and Th2 cell differentiation|Th17 cell differentiation|T cell receptor signaling pathway|B cell receptor signaling pathway|Oxytocin signaling pathway|Yersinia infection|Hepatitis B|Human cytomegalovirus infection|Human T-cell leukemia virus 1 infection|Kaposi sarcoma-associated herpesvirus infection|Human immunodeficiency virus 1 infection|PD-L1 expression and PD-1 checkpoint pathway in cancer|Lipid and atherosclerosis	hsa04022|hsa04218|hsa04310|hsa04360|hsa04370|hsa04380|hsa04625|hsa04650|hsa04658|hsa04659|hsa04660|hsa04662|hsa04921|hsa05135|hsa05161|hsa05163|hsa05166|hsa05167|hsa05170|hsa05235|hsa05417				SNV	c.2656G>C	p.Asp886His						1459 / 49097025	1 / 49097025	0.3772	UNCLASSIFIED
20	51432073		C	G	.	.	CSQ=G|missense_variant|MODERATE|NFATC2|ENSG00000101096|Transcript|ENST00000371564|protein_coding|9/11||ENST00000371564.8:c.2716G>C|ENSP00000360619.3:p.Asp906His|2936|2716|906|D/H|Gat/Cat|COSV101044100&COSV101044568||-1||SNV|HGNC|HGNC:7776|YES|1|A1|CCDS33488.1|ENSP00000360619|Q13469.232||UPI00001453AA|Q13469-2|NM_012340.5|deleterious(0)|probably_damaging(0.988)|PANTHER:PTHR12533&PANTHER:PTHR12533:SF4||||||||||||||||||1&1|1&1||||||27.9|4.425787,G|missense_variant|MODERATE|NFATC2|ENSG00000101096|Transcript|ENST00000396009|protein_coding|9/10||ENST00000396009.7:c.2716G>C|ENSP00000379330.3:p.Asp906His|2936|2716|906|D/H|Gat/Cat|COSV101044100&COSV101044568||-1||SNV|HGNC|HGNC:7776||1|P3|CCDS13437.1|ENSP00000379330|Q13469.232||UPI0000167D0F|Q13469-1|NM_001258297.2&NM_173091.4|deleterious(0)|probably_damaging(0.992)|AFDB-ENSP_mappings:AF-Q13469-F1.A&PANTHER:PTHR12533&PANTHER:PTHR12533:SF4||||||||||||||||||1&1|1&1||||||27.9|4.425787,G|missense_variant|MODERATE|NFATC2|ENSG00000101096|Transcript|ENST00000414705|protein_coding|9/11||ENST00000414705.5:c.2656G>C|ENSP00000396471.1:p.Asp886His|2656|2656|886|D/H|Gat/Cat|COSV101044100&COSV101044568||-1||SNV|HGNC|HGNC:7776||1||CCDS46614.1|ENSP00000396471|Q13469.232||UPI00017BCFCD|Q13469-3|NM_001136021.3|deleterious(0)|probably_damaging(0.987)|PANTHER:PTHR12533&PANTHER:PTHR12533:SF4||||||||||||||||||1&1|1&1||||||27.9|4.425787,G|missense_variant|MODERATE|NFATC2|ENSG00000101096|Transcript|ENST00000609507|protein_coding|9/11||ENST00000609507.1:c.2059G>C|ENSP00000477342.1:p.Asp687His|2344|2059|687|D/H|Gat/Cat|COSV101044100&COSV101044568||-1||SNV|HGNC|HGNC:7776||1||CCDS68156.1|ENSP00000477342|Q13469.232||UPI00017BCFCE|Q13469-5|NM_001258294.2|deleterious(0)|probably_damaging(0.988)|PANTHER:PTHR12533&PANTHER:PTHR12533:SF4||||||||||||||||||1&1|1&1||||||27.9|4.425787,G|missense_variant|MODERATE|NFATC2|ENSG00000101096|Transcript|ENST00000609943|protein_coding|9/10||ENST00000609943.5:c.2656G>C|ENSP00000477370.1:p.Asp886His|2858|2656|886|D/H|Gat/Cat|COSV101044100&COSV101044568||-1||SNV|HGNC|HGNC:7776||1||CCDS68157.1|ENSP00000477370|Q13469.232||UPI0001639A83|Q13469-4|NM_001258295.2&NM_001258292.2|deleterious(0)|probably_damaging(0.997)|PANTHER:PTHR12533&PANTHER:PTHR12533:SF4||||||||||||||||||1&1|1&1||||||27.9|4.425787,G|missense_variant|MODERATE|NFATC2|ENSG00000101096|Transcript|ENST00000610033|protein_coding|9/11||ENST00000610033.5:c.2059G>C|ENSP00000477142.1:p.Asp687His|2422|2059|687|D/H|Gat/Cat|COSV101044100&COSV101044568||-1||SNV|HGNC|HGNC:7776||1||CCDS68156.1|ENSP00000477142|Q13469.232||UPI00017BCFCE|Q13469-5|NM_001258296.2|deleterious(0)|probably_damaging(0.988)|PANTHER:PTHR12533&PANTHER:PTHR12533:SF4||||||||||||||||||1&1|1&1||||||27.9|4.425787	GT:AD:DP	0/1:90,34:.	C/G	20:51432073	G	ENSG00000101096	ENST00000609507	Transcript	missense_variant	MODERATE	2344	2059	687	D/H	Gat/Cat	COSV101044100,COSV101044568			probably_damaging	0.988	deleterious	0	27.9	4.425787	NFATC2	CGC:ONC; TSgene:TSG	COSV101044568:PATHOGENIC	cGMP-PKG signaling pathway|Cellular senescence|Wnt signaling pathway|Axon guidance|VEGF signaling pathway|Osteoclast differentiation|C-type lectin receptor signaling pathway|Natural killer cell mediated cytotoxicity|Th1 and Th2 cell differentiation|Th17 cell differentiation|T cell receptor signaling pathway|B cell receptor signaling pathway|Oxytocin signaling pathway|Yersinia infection|Hepatitis B|Human cytomegalovirus infection|Human T-cell leukemia virus 1 infection|Kaposi sarcoma-associated herpesvirus infection|Human immunodeficiency virus 1 infection|PD-L1 expression and PD-1 checkpoint pathway in cancer|Lipid and atherosclerosis	hsa04022|hsa04218|hsa04310|hsa04360|hsa04370|hsa04380|hsa04625|hsa04650|hsa04658|hsa04659|hsa04660|hsa04662|hsa04921|hsa05135|hsa05161|hsa05163|hsa05166|hsa05167|hsa05170|hsa05235|hsa05417				SNV	c.2059G>C	p.Asp687His						1459 / 49097025	1 / 49097025	0.3772	UNCLASSIFIED
20	51432073		C	G	.	.	CSQ=G|missense_variant|MODERATE|NFATC2|ENSG00000101096|Transcript|ENST00000371564|protein_coding|9/11||ENST00000371564.8:c.2716G>C|ENSP00000360619.3:p.Asp906His|2936|2716|906|D/H|Gat/Cat|COSV101044100&COSV101044568||-1||SNV|HGNC|HGNC:7776|YES|1|A1|CCDS33488.1|ENSP00000360619|Q13469.232||UPI00001453AA|Q13469-2|NM_012340.5|deleterious(0)|probably_damaging(0.988)|PANTHER:PTHR12533&PANTHER:PTHR12533:SF4||||||||||||||||||1&1|1&1||||||27.9|4.425787,G|missense_variant|MODERATE|NFATC2|ENSG00000101096|Transcript|ENST00000396009|protein_coding|9/10||ENST00000396009.7:c.2716G>C|ENSP00000379330.3:p.Asp906His|2936|2716|906|D/H|Gat/Cat|COSV101044100&COSV101044568||-1||SNV|HGNC|HGNC:7776||1|P3|CCDS13437.1|ENSP00000379330|Q13469.232||UPI0000167D0F|Q13469-1|NM_001258297.2&NM_173091.4|deleterious(0)|probably_damaging(0.992)|AFDB-ENSP_mappings:AF-Q13469-F1.A&PANTHER:PTHR12533&PANTHER:PTHR12533:SF4||||||||||||||||||1&1|1&1||||||27.9|4.425787,G|missense_variant|MODERATE|NFATC2|ENSG00000101096|Transcript|ENST00000414705|protein_coding|9/11||ENST00000414705.5:c.2656G>C|ENSP00000396471.1:p.Asp886His|2656|2656|886|D/H|Gat/Cat|COSV101044100&COSV101044568||-1||SNV|HGNC|HGNC:7776||1||CCDS46614.1|ENSP00000396471|Q13469.232||UPI00017BCFCD|Q13469-3|NM_001136021.3|deleterious(0)|probably_damaging(0.987)|PANTHER:PTHR12533&PANTHER:PTHR12533:SF4||||||||||||||||||1&1|1&1||||||27.9|4.425787,G|missense_variant|MODERATE|NFATC2|ENSG00000101096|Transcript|ENST00000609507|protein_coding|9/11||ENST00000609507.1:c.2059G>C|ENSP00000477342.1:p.Asp687His|2344|2059|687|D/H|Gat/Cat|COSV101044100&COSV101044568||-1||SNV|HGNC|HGNC:7776||1||CCDS68156.1|ENSP00000477342|Q13469.232||UPI00017BCFCE|Q13469-5|NM_001258294.2|deleterious(0)|probably_damaging(0.988)|PANTHER:PTHR12533&PANTHER:PTHR12533:SF4||||||||||||||||||1&1|1&1||||||27.9|4.425787,G|missense_variant|MODERATE|NFATC2|ENSG00000101096|Transcript|ENST00000609943|protein_coding|9/10||ENST00000609943.5:c.2656G>C|ENSP00000477370.1:p.Asp886His|2858|2656|886|D/H|Gat/Cat|COSV101044100&COSV101044568||-1||SNV|HGNC|HGNC:7776||1||CCDS68157.1|ENSP00000477370|Q13469.232||UPI0001639A83|Q13469-4|NM_001258295.2&NM_001258292.2|deleterious(0)|probably_damaging(0.997)|PANTHER:PTHR12533&PANTHER:PTHR12533:SF4||||||||||||||||||1&1|1&1||||||27.9|4.425787,G|missense_variant|MODERATE|NFATC2|ENSG00000101096|Transcript|ENST00000610033|protein_coding|9/11||ENST00000610033.5:c.2059G>C|ENSP00000477142.1:p.Asp687His|2422|2059|687|D/H|Gat/Cat|COSV101044100&COSV101044568||-1||SNV|HGNC|HGNC:7776||1||CCDS68156.1|ENSP00000477142|Q13469.232||UPI00017BCFCE|Q13469-5|NM_001258296.2|deleterious(0)|probably_damaging(0.988)|PANTHER:PTHR12533&PANTHER:PTHR12533:SF4||||||||||||||||||1&1|1&1||||||27.9|4.425787	GT:AD:DP	0/1:90,34:.	C/G	20:51432073	G	ENSG00000101096	ENST00000609943	Transcript	missense_variant	MODERATE	2858	2656	886	D/H	Gat/Cat	COSV101044100,COSV101044568			probably_damaging	0.997	deleterious	0	27.9	4.425787	NFATC2	CGC:ONC; TSgene:TSG	COSV101044568:PATHOGENIC	cGMP-PKG signaling pathway|Cellular senescence|Wnt signaling pathway|Axon guidance|VEGF signaling pathway|Osteoclast differentiation|C-type lectin receptor signaling pathway|Natural killer cell mediated cytotoxicity|Th1 and Th2 cell differentiation|Th17 cell differentiation|T cell receptor signaling pathway|B cell receptor signaling pathway|Oxytocin signaling pathway|Yersinia infection|Hepatitis B|Human cytomegalovirus infection|Human T-cell leukemia virus 1 infection|Kaposi sarcoma-associated herpesvirus infection|Human immunodeficiency virus 1 infection|PD-L1 expression and PD-1 checkpoint pathway in cancer|Lipid and atherosclerosis	hsa04022|hsa04218|hsa04310|hsa04360|hsa04370|hsa04380|hsa04625|hsa04650|hsa04658|hsa04659|hsa04660|hsa04662|hsa04921|hsa05135|hsa05161|hsa05163|hsa05166|hsa05167|hsa05170|hsa05235|hsa05417				SNV	c.2656G>C	p.Asp886His						1459 / 49097025	1 / 49097025	0.3772	UNCLASSIFIED
20	51432073		C	G	.	.	CSQ=G|missense_variant|MODERATE|NFATC2|ENSG00000101096|Transcript|ENST00000371564|protein_coding|9/11||ENST00000371564.8:c.2716G>C|ENSP00000360619.3:p.Asp906His|2936|2716|906|D/H|Gat/Cat|COSV101044100&COSV101044568||-1||SNV|HGNC|HGNC:7776|YES|1|A1|CCDS33488.1|ENSP00000360619|Q13469.232||UPI00001453AA|Q13469-2|NM_012340.5|deleterious(0)|probably_damaging(0.988)|PANTHER:PTHR12533&PANTHER:PTHR12533:SF4||||||||||||||||||1&1|1&1||||||27.9|4.425787,G|missense_variant|MODERATE|NFATC2|ENSG00000101096|Transcript|ENST00000396009|protein_coding|9/10||ENST00000396009.7:c.2716G>C|ENSP00000379330.3:p.Asp906His|2936|2716|906|D/H|Gat/Cat|COSV101044100&COSV101044568||-1||SNV|HGNC|HGNC:7776||1|P3|CCDS13437.1|ENSP00000379330|Q13469.232||UPI0000167D0F|Q13469-1|NM_001258297.2&NM_173091.4|deleterious(0)|probably_damaging(0.992)|AFDB-ENSP_mappings:AF-Q13469-F1.A&PANTHER:PTHR12533&PANTHER:PTHR12533:SF4||||||||||||||||||1&1|1&1||||||27.9|4.425787,G|missense_variant|MODERATE|NFATC2|ENSG00000101096|Transcript|ENST00000414705|protein_coding|9/11||ENST00000414705.5:c.2656G>C|ENSP00000396471.1:p.Asp886His|2656|2656|886|D/H|Gat/Cat|COSV101044100&COSV101044568||-1||SNV|HGNC|HGNC:7776||1||CCDS46614.1|ENSP00000396471|Q13469.232||UPI00017BCFCD|Q13469-3|NM_001136021.3|deleterious(0)|probably_damaging(0.987)|PANTHER:PTHR12533&PANTHER:PTHR12533:SF4||||||||||||||||||1&1|1&1||||||27.9|4.425787,G|missense_variant|MODERATE|NFATC2|ENSG00000101096|Transcript|ENST00000609507|protein_coding|9/11||ENST00000609507.1:c.2059G>C|ENSP00000477342.1:p.Asp687His|2344|2059|687|D/H|Gat/Cat|COSV101044100&COSV101044568||-1||SNV|HGNC|HGNC:7776||1||CCDS68156.1|ENSP00000477342|Q13469.232||UPI00017BCFCE|Q13469-5|NM_001258294.2|deleterious(0)|probably_damaging(0.988)|PANTHER:PTHR12533&PANTHER:PTHR12533:SF4||||||||||||||||||1&1|1&1||||||27.9|4.425787,G|missense_variant|MODERATE|NFATC2|ENSG00000101096|Transcript|ENST00000609943|protein_coding|9/10||ENST00000609943.5:c.2656G>C|ENSP00000477370.1:p.Asp886His|2858|2656|886|D/H|Gat/Cat|COSV101044100&COSV101044568||-1||SNV|HGNC|HGNC:7776||1||CCDS68157.1|ENSP00000477370|Q13469.232||UPI0001639A83|Q13469-4|NM_001258295.2&NM_001258292.2|deleterious(0)|probably_damaging(0.997)|PANTHER:PTHR12533&PANTHER:PTHR12533:SF4||||||||||||||||||1&1|1&1||||||27.9|4.425787,G|missense_variant|MODERATE|NFATC2|ENSG00000101096|Transcript|ENST00000610033|protein_coding|9/11||ENST00000610033.5:c.2059G>C|ENSP00000477142.1:p.Asp687His|2422|2059|687|D/H|Gat/Cat|COSV101044100&COSV101044568||-1||SNV|HGNC|HGNC:7776||1||CCDS68156.1|ENSP00000477142|Q13469.232||UPI00017BCFCE|Q13469-5|NM_001258296.2|deleterious(0)|probably_damaging(0.988)|PANTHER:PTHR12533&PANTHER:PTHR12533:SF4||||||||||||||||||1&1|1&1||||||27.9|4.425787	GT:AD:DP	0/1:90,34:.	C/G	20:51432073	G	ENSG00000101096	ENST00000610033	Transcript	missense_variant	MODERATE	2422	2059	687	D/H	Gat/Cat	COSV101044100,COSV101044568			probably_damaging	0.988	deleterious	0	27.9	4.425787	NFATC2	CGC:ONC; TSgene:TSG	COSV101044568:PATHOGENIC	cGMP-PKG signaling pathway|Cellular senescence|Wnt signaling pathway|Axon guidance|VEGF signaling pathway|Osteoclast differentiation|C-type lectin receptor signaling pathway|Natural killer cell mediated cytotoxicity|Th1 and Th2 cell differentiation|Th17 cell differentiation|T cell receptor signaling pathway|B cell receptor signaling pathway|Oxytocin signaling pathway|Yersinia infection|Hepatitis B|Human cytomegalovirus infection|Human T-cell leukemia virus 1 infection|Kaposi sarcoma-associated herpesvirus infection|Human immunodeficiency virus 1 infection|PD-L1 expression and PD-1 checkpoint pathway in cancer|Lipid and atherosclerosis	hsa04022|hsa04218|hsa04310|hsa04360|hsa04370|hsa04380|hsa04625|hsa04650|hsa04658|hsa04659|hsa04660|hsa04662|hsa04921|hsa05135|hsa05161|hsa05163|hsa05166|hsa05167|hsa05170|hsa05235|hsa05417				SNV	c.2059G>C	p.Asp687His						1459 / 49097025	1 / 49097025	0.3772	UNCLASSIFIED
14	20014954		G	T	.	.	CSQ=T|synonymous_variant|LOW|OR4K14|ENSG00000169484|Transcript|ENST00000641793|protein_coding|2/2||ENST00000641793.1:c.240C>A|ENSP00000493106.1:p.Pro80%3D|434|240|80|P|ccC/ccA|COSV59294752||-1||SNV|HGNC|HGNC:15352|YES||P1|CCDS32027.1|ENSP00000493106|Q8NGD5.153|A0A126GVP2.42|UPI0000041CED||NM_001004712.2|||PROSITE_profiles:PS50262&CDD:cd15226&PANTHER:PTHR48002&PANTHER:PTHR48002:SF115&Gene3D:1.20.1070.10&Pfam:PF13853&Superfamily:SSF81321&Prints:PR00237&AFDB-ENSP_mappings:AF-Q8NGD5-F1.A||||||||||||||||||1|1||||||5.061|0.279761	GT:AD:DP	0/1:18,7:.	G/T	14:20014954	T	ENSG00000169484	ENST00000641793	Transcript	synonymous_variant	LOW	434	240	80	P	ccC/ccA	COSV59294752		P1					5.061	0.279761	OR4K14		COSV59294752:NEUTRAL	Olfactory transduction	hsa04740				SNV	c.240C>A	p.Pro80%3D				PF13853.9: Olfactory receptor	IPR017452: GPCR, rhodopsin-like, 7TM	364 / 49097025	2 / 49097025	0.2524	UNCLASSIFIED
X	153580159		CG	-	.	.	CSQ=-|frameshift_variant|HIGH|ATP2B3|ENSG00000067842|Transcript|ENST00000263519|protein_coding|22/22||ENST00000263519.5:c.3525_3526del|ENSP00000263519.4:p.Pro1177ValfsTer115|4004-4005|3524-3525|1175|P/X|cCG/c|||1||deletion|HGNC|HGNC:816|YES|1|P1|CCDS35440.1|ENSP00000263519|Q16720.208||UPI00001AE881|Q16720-1|NM_001001344.3&NM_001388362.1|||AFDB-ENSP_mappings:AF-Q16720-F1.A&MobiDB_lite:mobidb-lite&Low_complexity_(Seg):seg|1|||||||||||||||||||||||||,-|frameshift_variant|HIGH|ATP2B3|ENSG00000067842|Transcript|ENST00000349466|protein_coding|21/21||ENST00000349466.6:c.3525_3526del|ENSP00000343886.2:p.Pro1177ValfsTer115|3850-3851|3524-3525|1175|P/X|cCG/c|||1||deletion|HGNC|HGNC:816||5|P1|CCDS35440.1|ENSP00000343886|Q16720.208||UPI00001AE881|Q16720-1|NM_001388361.1|||AFDB-ENSP_mappings:AF-Q16720-F1.A&MobiDB_lite:mobidb-lite&Low_complexity_(Seg):seg|1|||||||||||||||||||||||||,-|3_prime_UTR_variant|MODIFIER|ATP2B3|ENSG00000067842|Transcript|ENST00000359149|protein_coding|23/23||ENST00000359149.9:c.*157_*158del||4158-4159|||||||1||deletion|HGNC|HGNC:816||1||CCDS14722.1|ENSP00000352062|Q16720.208||UPI000013D41A|Q16720-2|NM_021949.4&NM_001388360.1|||||||||||||||||||||||||||||,-|3_prime_UTR_variant|MODIFIER|ATP2B3|ENSG00000067842|Transcript|ENST00000370186|protein_coding|21/21||ENST00000370186.5:c.*157_*158del||3962-3963|||||||1||deletion|HGNC|HGNC:816||5|||ENSP00000359205|Q16720.208||UPI000059DBBC|Q16720-3||||||||||||||||||||||||||||||,-|frameshift_variant|HIGH|ATP2B3|ENSG00000067842|Transcript|ENST00000496610|protein_coding|23/23||ENST00000496610.2:c.3612_3613del|ENSP00000516173.1:p.Pro1206ValfsTer115|4055-4056|3611-3612|1204|P/X|cCG/c|||1||deletion|HGNC|HGNC:816||3|||ENSP00000516173|||UPI0001FA2A71|||||MobiDB_lite:mobidb-lite&Low_complexity_(Seg):seg|1|||||||||||||||||||||||||,-|3_prime_UTR_variant&NMD_transcript_variant|MODIFIER|ATP2B3|ENSG00000067842|Transcript|ENST00000683064|nonsense_mediated_decay|23/23||ENST00000683064.1:c.*1257_*1258del||4148-4149|||||||1||deletion|HGNC|HGNC:816|||||ENSP00000508126||A0A804HKZ0.4|UPI001B89D8CE|||||||||||||||||||||||||||||||,-|downstream_gene_variant|MODIFIER|ATP2B3|ENSG00000067842|Transcript|ENST00000705862|protein_coding|||||||||||40|1||deletion|HGNC|HGNC:816|||||ENSP00000516174|||UPI00155FC765|||||||||||||||||||||||||||||||,-|3_prime_UTR_variant|MODIFIER|ATP2B3|ENSG00000067842|Transcript|ENST00000705863|protein_coding|4/4||ENST00000705863.1:c.*157_*158del||610-611|||||||1|cds_start_NF|deletion|HGNC|HGNC:816|||||ENSP00000516175||||||||||||||||||||||||||||||||||,-|frameshift_variant|HIGH|ATP2B3|ENSG00000067842|Transcript|ENST00000705864|protein_coding|3/3||ENST00000705864.1:c.396_397del|ENSP00000516176.1:p.Pro134ValfsTer115|395-396|395-396|132|P/X|cCG/c|||1|cds_start_NF|deletion|HGNC|HGNC:816|||||ENSP00000516176||||||||MobiDB_lite:mobidb-lite&Low_complexity_(Seg):seg|1|||||||||||||||||||||||||	GT:AD:DP	0/1:149,9:.	CG/-	X:153580159	-	ENSG00000067842	ENST00000263519	Transcript	frameshift_variant	HIGH	4004-4005	3524-3525	1175	P/X	cCG/c			P1							ATP2B3	CGC:TSG		Calcium signaling pathway|cGMP-PKG signaling pathway|cAMP signaling pathway|Adrenergic signaling in cardiomyocytes|Aldosterone synthesis and secretion|Endocrine and other factor-regulated calcium reabsorption|Salivary secretion|Pancreatic secretion|Mineral absorption	hsa04020|hsa04022|hsa04024|hsa04261|hsa04925|hsa04961|hsa04970|hsa04972|hsa04978				deletion	c.3525_3526del	p.Pro1177ValfsTer115						1271 / 49097025	0	0.2500	TSG
X	153580159		CG	-	.	.	CSQ=-|frameshift_variant|HIGH|ATP2B3|ENSG00000067842|Transcript|ENST00000263519|protein_coding|22/22||ENST00000263519.5:c.3525_3526del|ENSP00000263519.4:p.Pro1177ValfsTer115|4004-4005|3524-3525|1175|P/X|cCG/c|||1||deletion|HGNC|HGNC:816|YES|1|P1|CCDS35440.1|ENSP00000263519|Q16720.208||UPI00001AE881|Q16720-1|NM_001001344.3&NM_001388362.1|||AFDB-ENSP_mappings:AF-Q16720-F1.A&MobiDB_lite:mobidb-lite&Low_complexity_(Seg):seg|1|||||||||||||||||||||||||,-|frameshift_variant|HIGH|ATP2B3|ENSG00000067842|Transcript|ENST00000349466|protein_coding|21/21||ENST00000349466.6:c.3525_3526del|ENSP00000343886.2:p.Pro1177ValfsTer115|3850-3851|3524-3525|1175|P/X|cCG/c|||1||deletion|HGNC|HGNC:816||5|P1|CCDS35440.1|ENSP00000343886|Q16720.208||UPI00001AE881|Q16720-1|NM_001388361.1|||AFDB-ENSP_mappings:AF-Q16720-F1.A&MobiDB_lite:mobidb-lite&Low_complexity_(Seg):seg|1|||||||||||||||||||||||||,-|3_prime_UTR_variant|MODIFIER|ATP2B3|ENSG00000067842|Transcript|ENST00000359149|protein_coding|23/23||ENST00000359149.9:c.*157_*158del||4158-4159|||||||1||deletion|HGNC|HGNC:816||1||CCDS14722.1|ENSP00000352062|Q16720.208||UPI000013D41A|Q16720-2|NM_021949.4&NM_001388360.1|||||||||||||||||||||||||||||,-|3_prime_UTR_variant|MODIFIER|ATP2B3|ENSG00000067842|Transcript|ENST00000370186|protein_coding|21/21||ENST00000370186.5:c.*157_*158del||3962-3963|||||||1||deletion|HGNC|HGNC:816||5|||ENSP00000359205|Q16720.208||UPI000059DBBC|Q16720-3||||||||||||||||||||||||||||||,-|frameshift_variant|HIGH|ATP2B3|ENSG00000067842|Transcript|ENST00000496610|protein_coding|23/23||ENST00000496610.2:c.3612_3613del|ENSP00000516173.1:p.Pro1206ValfsTer115|4055-4056|3611-3612|1204|P/X|cCG/c|||1||deletion|HGNC|HGNC:816||3|||ENSP00000516173|||UPI0001FA2A71|||||MobiDB_lite:mobidb-lite&Low_complexity_(Seg):seg|1|||||||||||||||||||||||||,-|3_prime_UTR_variant&NMD_transcript_variant|MODIFIER|ATP2B3|ENSG00000067842|Transcript|ENST00000683064|nonsense_mediated_decay|23/23||ENST00000683064.1:c.*1257_*1258del||4148-4149|||||||1||deletion|HGNC|HGNC:816|||||ENSP00000508126||A0A804HKZ0.4|UPI001B89D8CE|||||||||||||||||||||||||||||||,-|downstream_gene_variant|MODIFIER|ATP2B3|ENSG00000067842|Transcript|ENST00000705862|protein_coding|||||||||||40|1||deletion|HGNC|HGNC:816|||||ENSP00000516174|||UPI00155FC765|||||||||||||||||||||||||||||||,-|3_prime_UTR_variant|MODIFIER|ATP2B3|ENSG00000067842|Transcript|ENST00000705863|protein_coding|4/4||ENST00000705863.1:c.*157_*158del||610-611|||||||1|cds_start_NF|deletion|HGNC|HGNC:816|||||ENSP00000516175||||||||||||||||||||||||||||||||||,-|frameshift_variant|HIGH|ATP2B3|ENSG00000067842|Transcript|ENST00000705864|protein_coding|3/3||ENST00000705864.1:c.396_397del|ENSP00000516176.1:p.Pro134ValfsTer115|395-396|395-396|132|P/X|cCG/c|||1|cds_start_NF|deletion|HGNC|HGNC:816|||||ENSP00000516176||||||||MobiDB_lite:mobidb-lite&Low_complexity_(Seg):seg|1|||||||||||||||||||||||||	GT:AD:DP	0/1:149,9:.	CG/-	X:153580159	-	ENSG00000067842	ENST00000349466	Transcript	frameshift_variant	HIGH	3850-3851	3524-3525	1175	P/X	cCG/c			P1							ATP2B3	CGC:TSG		Calcium signaling pathway|cGMP-PKG signaling pathway|cAMP signaling pathway|Adrenergic signaling in cardiomyocytes|Aldosterone synthesis and secretion|Endocrine and other factor-regulated calcium reabsorption|Salivary secretion|Pancreatic secretion|Mineral absorption	hsa04020|hsa04022|hsa04024|hsa04261|hsa04925|hsa04961|hsa04970|hsa04972|hsa04978				deletion	c.3525_3526del	p.Pro1177ValfsTer115						1271 / 49097025	0	0.2500	TSG
X	153580159		CG	-	.	.	CSQ=-|frameshift_variant|HIGH|ATP2B3|ENSG00000067842|Transcript|ENST00000263519|protein_coding|22/22||ENST00000263519.5:c.3525_3526del|ENSP00000263519.4:p.Pro1177ValfsTer115|4004-4005|3524-3525|1175|P/X|cCG/c|||1||deletion|HGNC|HGNC:816|YES|1|P1|CCDS35440.1|ENSP00000263519|Q16720.208||UPI00001AE881|Q16720-1|NM_001001344.3&NM_001388362.1|||AFDB-ENSP_mappings:AF-Q16720-F1.A&MobiDB_lite:mobidb-lite&Low_complexity_(Seg):seg|1|||||||||||||||||||||||||,-|frameshift_variant|HIGH|ATP2B3|ENSG00000067842|Transcript|ENST00000349466|protein_coding|21/21||ENST00000349466.6:c.3525_3526del|ENSP00000343886.2:p.Pro1177ValfsTer115|3850-3851|3524-3525|1175|P/X|cCG/c|||1||deletion|HGNC|HGNC:816||5|P1|CCDS35440.1|ENSP00000343886|Q16720.208||UPI00001AE881|Q16720-1|NM_001388361.1|||AFDB-ENSP_mappings:AF-Q16720-F1.A&MobiDB_lite:mobidb-lite&Low_complexity_(Seg):seg|1|||||||||||||||||||||||||,-|3_prime_UTR_variant|MODIFIER|ATP2B3|ENSG00000067842|Transcript|ENST00000359149|protein_coding|23/23||ENST00000359149.9:c.*157_*158del||4158-4159|||||||1||deletion|HGNC|HGNC:816||1||CCDS14722.1|ENSP00000352062|Q16720.208||UPI000013D41A|Q16720-2|NM_021949.4&NM_001388360.1|||||||||||||||||||||||||||||,-|3_prime_UTR_variant|MODIFIER|ATP2B3|ENSG00000067842|Transcript|ENST00000370186|protein_coding|21/21||ENST00000370186.5:c.*157_*158del||3962-3963|||||||1||deletion|HGNC|HGNC:816||5|||ENSP00000359205|Q16720.208||UPI000059DBBC|Q16720-3||||||||||||||||||||||||||||||,-|frameshift_variant|HIGH|ATP2B3|ENSG00000067842|Transcript|ENST00000496610|protein_coding|23/23||ENST00000496610.2:c.3612_3613del|ENSP00000516173.1:p.Pro1206ValfsTer115|4055-4056|3611-3612|1204|P/X|cCG/c|||1||deletion|HGNC|HGNC:816||3|||ENSP00000516173|||UPI0001FA2A71|||||MobiDB_lite:mobidb-lite&Low_complexity_(Seg):seg|1|||||||||||||||||||||||||,-|3_prime_UTR_variant&NMD_transcript_variant|MODIFIER|ATP2B3|ENSG00000067842|Transcript|ENST00000683064|nonsense_mediated_decay|23/23||ENST00000683064.1:c.*1257_*1258del||4148-4149|||||||1||deletion|HGNC|HGNC:816|||||ENSP00000508126||A0A804HKZ0.4|UPI001B89D8CE|||||||||||||||||||||||||||||||,-|downstream_gene_variant|MODIFIER|ATP2B3|ENSG00000067842|Transcript|ENST00000705862|protein_coding|||||||||||40|1||deletion|HGNC|HGNC:816|||||ENSP00000516174|||UPI00155FC765|||||||||||||||||||||||||||||||,-|3_prime_UTR_variant|MODIFIER|ATP2B3|ENSG00000067842|Transcript|ENST00000705863|protein_coding|4/4||ENST00000705863.1:c.*157_*158del||610-611|||||||1|cds_start_NF|deletion|HGNC|HGNC:816|||||ENSP00000516175||||||||||||||||||||||||||||||||||,-|frameshift_variant|HIGH|ATP2B3|ENSG00000067842|Transcript|ENST00000705864|protein_coding|3/3||ENST00000705864.1:c.396_397del|ENSP00000516176.1:p.Pro134ValfsTer115|395-396|395-396|132|P/X|cCG/c|||1|cds_start_NF|deletion|HGNC|HGNC:816|||||ENSP00000516176||||||||MobiDB_lite:mobidb-lite&Low_complexity_(Seg):seg|1|||||||||||||||||||||||||	GT:AD:DP	0/1:149,9:.	CG/-	X:153580159	-	ENSG00000067842	ENST00000359149	Transcript	3_prime_UTR_variant	MODIFIER	4158-4159														ATP2B3	CGC:TSG		Calcium signaling pathway|cGMP-PKG signaling pathway|cAMP signaling pathway|Adrenergic signaling in cardiomyocytes|Aldosterone synthesis and secretion|Endocrine and other factor-regulated calcium reabsorption|Salivary secretion|Pancreatic secretion|Mineral absorption	hsa04020|hsa04022|hsa04024|hsa04261|hsa04925|hsa04961|hsa04970|hsa04972|hsa04978				deletion	c.*157_*158del							1271 / 49097025	0	0.1250	TSG
X	153580159		CG	-	.	.	CSQ=-|frameshift_variant|HIGH|ATP2B3|ENSG00000067842|Transcript|ENST00000263519|protein_coding|22/22||ENST00000263519.5:c.3525_3526del|ENSP00000263519.4:p.Pro1177ValfsTer115|4004-4005|3524-3525|1175|P/X|cCG/c|||1||deletion|HGNC|HGNC:816|YES|1|P1|CCDS35440.1|ENSP00000263519|Q16720.208||UPI00001AE881|Q16720-1|NM_001001344.3&NM_001388362.1|||AFDB-ENSP_mappings:AF-Q16720-F1.A&MobiDB_lite:mobidb-lite&Low_complexity_(Seg):seg|1|||||||||||||||||||||||||,-|frameshift_variant|HIGH|ATP2B3|ENSG00000067842|Transcript|ENST00000349466|protein_coding|21/21||ENST00000349466.6:c.3525_3526del|ENSP00000343886.2:p.Pro1177ValfsTer115|3850-3851|3524-3525|1175|P/X|cCG/c|||1||deletion|HGNC|HGNC:816||5|P1|CCDS35440.1|ENSP00000343886|Q16720.208||UPI00001AE881|Q16720-1|NM_001388361.1|||AFDB-ENSP_mappings:AF-Q16720-F1.A&MobiDB_lite:mobidb-lite&Low_complexity_(Seg):seg|1|||||||||||||||||||||||||,-|3_prime_UTR_variant|MODIFIER|ATP2B3|ENSG00000067842|Transcript|ENST00000359149|protein_coding|23/23||ENST00000359149.9:c.*157_*158del||4158-4159|||||||1||deletion|HGNC|HGNC:816||1||CCDS14722.1|ENSP00000352062|Q16720.208||UPI000013D41A|Q16720-2|NM_021949.4&NM_001388360.1|||||||||||||||||||||||||||||,-|3_prime_UTR_variant|MODIFIER|ATP2B3|ENSG00000067842|Transcript|ENST00000370186|protein_coding|21/21||ENST00000370186.5:c.*157_*158del||3962-3963|||||||1||deletion|HGNC|HGNC:816||5|||ENSP00000359205|Q16720.208||UPI000059DBBC|Q16720-3||||||||||||||||||||||||||||||,-|frameshift_variant|HIGH|ATP2B3|ENSG00000067842|Transcript|ENST00000496610|protein_coding|23/23||ENST00000496610.2:c.3612_3613del|ENSP00000516173.1:p.Pro1206ValfsTer115|4055-4056|3611-3612|1204|P/X|cCG/c|||1||deletion|HGNC|HGNC:816||3|||ENSP00000516173|||UPI0001FA2A71|||||MobiDB_lite:mobidb-lite&Low_complexity_(Seg):seg|1|||||||||||||||||||||||||,-|3_prime_UTR_variant&NMD_transcript_variant|MODIFIER|ATP2B3|ENSG00000067842|Transcript|ENST00000683064|nonsense_mediated_decay|23/23||ENST00000683064.1:c.*1257_*1258del||4148-4149|||||||1||deletion|HGNC|HGNC:816|||||ENSP00000508126||A0A804HKZ0.4|UPI001B89D8CE|||||||||||||||||||||||||||||||,-|downstream_gene_variant|MODIFIER|ATP2B3|ENSG00000067842|Transcript|ENST00000705862|protein_coding|||||||||||40|1||deletion|HGNC|HGNC:816|||||ENSP00000516174|||UPI00155FC765|||||||||||||||||||||||||||||||,-|3_prime_UTR_variant|MODIFIER|ATP2B3|ENSG00000067842|Transcript|ENST00000705863|protein_coding|4/4||ENST00000705863.1:c.*157_*158del||610-611|||||||1|cds_start_NF|deletion|HGNC|HGNC:816|||||ENSP00000516175||||||||||||||||||||||||||||||||||,-|frameshift_variant|HIGH|ATP2B3|ENSG00000067842|Transcript|ENST00000705864|protein_coding|3/3||ENST00000705864.1:c.396_397del|ENSP00000516176.1:p.Pro134ValfsTer115|395-396|395-396|132|P/X|cCG/c|||1|cds_start_NF|deletion|HGNC|HGNC:816|||||ENSP00000516176||||||||MobiDB_lite:mobidb-lite&Low_complexity_(Seg):seg|1|||||||||||||||||||||||||	GT:AD:DP	0/1:149,9:.	CG/-	X:153580159	-	ENSG00000067842	ENST00000370186	Transcript	3_prime_UTR_variant	MODIFIER	3962-3963														ATP2B3	CGC:TSG		Calcium signaling pathway|cGMP-PKG signaling pathway|cAMP signaling pathway|Adrenergic signaling in cardiomyocytes|Aldosterone synthesis and secretion|Endocrine and other factor-regulated calcium reabsorption|Salivary secretion|Pancreatic secretion|Mineral absorption	hsa04020|hsa04022|hsa04024|hsa04261|hsa04925|hsa04961|hsa04970|hsa04972|hsa04978				deletion	c.*157_*158del							1271 / 49097025	0	0.1250	TSG
X	153580159		CG	-	.	.	CSQ=-|frameshift_variant|HIGH|ATP2B3|ENSG00000067842|Transcript|ENST00000263519|protein_coding|22/22||ENST00000263519.5:c.3525_3526del|ENSP00000263519.4:p.Pro1177ValfsTer115|4004-4005|3524-3525|1175|P/X|cCG/c|||1||deletion|HGNC|HGNC:816|YES|1|P1|CCDS35440.1|ENSP00000263519|Q16720.208||UPI00001AE881|Q16720-1|NM_001001344.3&NM_001388362.1|||AFDB-ENSP_mappings:AF-Q16720-F1.A&MobiDB_lite:mobidb-lite&Low_complexity_(Seg):seg|1|||||||||||||||||||||||||,-|frameshift_variant|HIGH|ATP2B3|ENSG00000067842|Transcript|ENST00000349466|protein_coding|21/21||ENST00000349466.6:c.3525_3526del|ENSP00000343886.2:p.Pro1177ValfsTer115|3850-3851|3524-3525|1175|P/X|cCG/c|||1||deletion|HGNC|HGNC:816||5|P1|CCDS35440.1|ENSP00000343886|Q16720.208||UPI00001AE881|Q16720-1|NM_001388361.1|||AFDB-ENSP_mappings:AF-Q16720-F1.A&MobiDB_lite:mobidb-lite&Low_complexity_(Seg):seg|1|||||||||||||||||||||||||,-|3_prime_UTR_variant|MODIFIER|ATP2B3|ENSG00000067842|Transcript|ENST00000359149|protein_coding|23/23||ENST00000359149.9:c.*157_*158del||4158-4159|||||||1||deletion|HGNC|HGNC:816||1||CCDS14722.1|ENSP00000352062|Q16720.208||UPI000013D41A|Q16720-2|NM_021949.4&NM_001388360.1|||||||||||||||||||||||||||||,-|3_prime_UTR_variant|MODIFIER|ATP2B3|ENSG00000067842|Transcript|ENST00000370186|protein_coding|21/21||ENST00000370186.5:c.*157_*158del||3962-3963|||||||1||deletion|HGNC|HGNC:816||5|||ENSP00000359205|Q16720.208||UPI000059DBBC|Q16720-3||||||||||||||||||||||||||||||,-|frameshift_variant|HIGH|ATP2B3|ENSG00000067842|Transcript|ENST00000496610|protein_coding|23/23||ENST00000496610.2:c.3612_3613del|ENSP00000516173.1:p.Pro1206ValfsTer115|4055-4056|3611-3612|1204|P/X|cCG/c|||1||deletion|HGNC|HGNC:816||3|||ENSP00000516173|||UPI0001FA2A71|||||MobiDB_lite:mobidb-lite&Low_complexity_(Seg):seg|1|||||||||||||||||||||||||,-|3_prime_UTR_variant&NMD_transcript_variant|MODIFIER|ATP2B3|ENSG00000067842|Transcript|ENST00000683064|nonsense_mediated_decay|23/23||ENST00000683064.1:c.*1257_*1258del||4148-4149|||||||1||deletion|HGNC|HGNC:816|||||ENSP00000508126||A0A804HKZ0.4|UPI001B89D8CE|||||||||||||||||||||||||||||||,-|downstream_gene_variant|MODIFIER|ATP2B3|ENSG00000067842|Transcript|ENST00000705862|protein_coding|||||||||||40|1||deletion|HGNC|HGNC:816|||||ENSP00000516174|||UPI00155FC765|||||||||||||||||||||||||||||||,-|3_prime_UTR_variant|MODIFIER|ATP2B3|ENSG00000067842|Transcript|ENST00000705863|protein_coding|4/4||ENST00000705863.1:c.*157_*158del||610-611|||||||1|cds_start_NF|deletion|HGNC|HGNC:816|||||ENSP00000516175||||||||||||||||||||||||||||||||||,-|frameshift_variant|HIGH|ATP2B3|ENSG00000067842|Transcript|ENST00000705864|protein_coding|3/3||ENST00000705864.1:c.396_397del|ENSP00000516176.1:p.Pro134ValfsTer115|395-396|395-396|132|P/X|cCG/c|||1|cds_start_NF|deletion|HGNC|HGNC:816|||||ENSP00000516176||||||||MobiDB_lite:mobidb-lite&Low_complexity_(Seg):seg|1|||||||||||||||||||||||||	GT:AD:DP	0/1:149,9:.	CG/-	X:153580159	-	ENSG00000067842	ENST00000496610	Transcript	frameshift_variant	HIGH	4055-4056	3611-3612	1204	P/X	cCG/c										ATP2B3	CGC:TSG		Calcium signaling pathway|cGMP-PKG signaling pathway|cAMP signaling pathway|Adrenergic signaling in cardiomyocytes|Aldosterone synthesis and secretion|Endocrine and other factor-regulated calcium reabsorption|Salivary secretion|Pancreatic secretion|Mineral absorption	hsa04020|hsa04022|hsa04024|hsa04261|hsa04925|hsa04961|hsa04970|hsa04972|hsa04978				deletion	c.3612_3613del	p.Pro1206ValfsTer115						1271 / 49097025	0	0.2500	TSG
X	153580159		CG	-	.	.	CSQ=-|frameshift_variant|HIGH|ATP2B3|ENSG00000067842|Transcript|ENST00000263519|protein_coding|22/22||ENST00000263519.5:c.3525_3526del|ENSP00000263519.4:p.Pro1177ValfsTer115|4004-4005|3524-3525|1175|P/X|cCG/c|||1||deletion|HGNC|HGNC:816|YES|1|P1|CCDS35440.1|ENSP00000263519|Q16720.208||UPI00001AE881|Q16720-1|NM_001001344.3&NM_001388362.1|||AFDB-ENSP_mappings:AF-Q16720-F1.A&MobiDB_lite:mobidb-lite&Low_complexity_(Seg):seg|1|||||||||||||||||||||||||,-|frameshift_variant|HIGH|ATP2B3|ENSG00000067842|Transcript|ENST00000349466|protein_coding|21/21||ENST00000349466.6:c.3525_3526del|ENSP00000343886.2:p.Pro1177ValfsTer115|3850-3851|3524-3525|1175|P/X|cCG/c|||1||deletion|HGNC|HGNC:816||5|P1|CCDS35440.1|ENSP00000343886|Q16720.208||UPI00001AE881|Q16720-1|NM_001388361.1|||AFDB-ENSP_mappings:AF-Q16720-F1.A&MobiDB_lite:mobidb-lite&Low_complexity_(Seg):seg|1|||||||||||||||||||||||||,-|3_prime_UTR_variant|MODIFIER|ATP2B3|ENSG00000067842|Transcript|ENST00000359149|protein_coding|23/23||ENST00000359149.9:c.*157_*158del||4158-4159|||||||1||deletion|HGNC|HGNC:816||1||CCDS14722.1|ENSP00000352062|Q16720.208||UPI000013D41A|Q16720-2|NM_021949.4&NM_001388360.1|||||||||||||||||||||||||||||,-|3_prime_UTR_variant|MODIFIER|ATP2B3|ENSG00000067842|Transcript|ENST00000370186|protein_coding|21/21||ENST00000370186.5:c.*157_*158del||3962-3963|||||||1||deletion|HGNC|HGNC:816||5|||ENSP00000359205|Q16720.208||UPI000059DBBC|Q16720-3||||||||||||||||||||||||||||||,-|frameshift_variant|HIGH|ATP2B3|ENSG00000067842|Transcript|ENST00000496610|protein_coding|23/23||ENST00000496610.2:c.3612_3613del|ENSP00000516173.1:p.Pro1206ValfsTer115|4055-4056|3611-3612|1204|P/X|cCG/c|||1||deletion|HGNC|HGNC:816||3|||ENSP00000516173|||UPI0001FA2A71|||||MobiDB_lite:mobidb-lite&Low_complexity_(Seg):seg|1|||||||||||||||||||||||||,-|3_prime_UTR_variant&NMD_transcript_variant|MODIFIER|ATP2B3|ENSG00000067842|Transcript|ENST00000683064|nonsense_mediated_decay|23/23||ENST00000683064.1:c.*1257_*1258del||4148-4149|||||||1||deletion|HGNC|HGNC:816|||||ENSP00000508126||A0A804HKZ0.4|UPI001B89D8CE|||||||||||||||||||||||||||||||,-|downstream_gene_variant|MODIFIER|ATP2B3|ENSG00000067842|Transcript|ENST00000705862|protein_coding|||||||||||40|1||deletion|HGNC|HGNC:816|||||ENSP00000516174|||UPI00155FC765|||||||||||||||||||||||||||||||,-|3_prime_UTR_variant|MODIFIER|ATP2B3|ENSG00000067842|Transcript|ENST00000705863|protein_coding|4/4||ENST00000705863.1:c.*157_*158del||610-611|||||||1|cds_start_NF|deletion|HGNC|HGNC:816|||||ENSP00000516175||||||||||||||||||||||||||||||||||,-|frameshift_variant|HIGH|ATP2B3|ENSG00000067842|Transcript|ENST00000705864|protein_coding|3/3||ENST00000705864.1:c.396_397del|ENSP00000516176.1:p.Pro134ValfsTer115|395-396|395-396|132|P/X|cCG/c|||1|cds_start_NF|deletion|HGNC|HGNC:816|||||ENSP00000516176||||||||MobiDB_lite:mobidb-lite&Low_complexity_(Seg):seg|1|||||||||||||||||||||||||	GT:AD:DP	0/1:149,9:.	CG/-	X:153580159	-	ENSG00000067842	ENST00000683064	Transcript	3_prime_UTR_variant,NMD_transcript_variant	MODIFIER	4148-4149														ATP2B3	CGC:TSG		Calcium signaling pathway|cGMP-PKG signaling pathway|cAMP signaling pathway|Adrenergic signaling in cardiomyocytes|Aldosterone synthesis and secretion|Endocrine and other factor-regulated calcium reabsorption|Salivary secretion|Pancreatic secretion|Mineral absorption	hsa04020|hsa04022|hsa04024|hsa04261|hsa04925|hsa04961|hsa04970|hsa04972|hsa04978				deletion	c.*1257_*1258del							1271 / 49097025	0	0.1250	TSG
X	153580159		CG	-	.	.	CSQ=-|frameshift_variant|HIGH|ATP2B3|ENSG00000067842|Transcript|ENST00000263519|protein_coding|22/22||ENST00000263519.5:c.3525_3526del|ENSP00000263519.4:p.Pro1177ValfsTer115|4004-4005|3524-3525|1175|P/X|cCG/c|||1||deletion|HGNC|HGNC:816|YES|1|P1|CCDS35440.1|ENSP00000263519|Q16720.208||UPI00001AE881|Q16720-1|NM_001001344.3&NM_001388362.1|||AFDB-ENSP_mappings:AF-Q16720-F1.A&MobiDB_lite:mobidb-lite&Low_complexity_(Seg):seg|1|||||||||||||||||||||||||,-|frameshift_variant|HIGH|ATP2B3|ENSG00000067842|Transcript|ENST00000349466|protein_coding|21/21||ENST00000349466.6:c.3525_3526del|ENSP00000343886.2:p.Pro1177ValfsTer115|3850-3851|3524-3525|1175|P/X|cCG/c|||1||deletion|HGNC|HGNC:816||5|P1|CCDS35440.1|ENSP00000343886|Q16720.208||UPI00001AE881|Q16720-1|NM_001388361.1|||AFDB-ENSP_mappings:AF-Q16720-F1.A&MobiDB_lite:mobidb-lite&Low_complexity_(Seg):seg|1|||||||||||||||||||||||||,-|3_prime_UTR_variant|MODIFIER|ATP2B3|ENSG00000067842|Transcript|ENST00000359149|protein_coding|23/23||ENST00000359149.9:c.*157_*158del||4158-4159|||||||1||deletion|HGNC|HGNC:816||1||CCDS14722.1|ENSP00000352062|Q16720.208||UPI000013D41A|Q16720-2|NM_021949.4&NM_001388360.1|||||||||||||||||||||||||||||,-|3_prime_UTR_variant|MODIFIER|ATP2B3|ENSG00000067842|Transcript|ENST00000370186|protein_coding|21/21||ENST00000370186.5:c.*157_*158del||3962-3963|||||||1||deletion|HGNC|HGNC:816||5|||ENSP00000359205|Q16720.208||UPI000059DBBC|Q16720-3||||||||||||||||||||||||||||||,-|frameshift_variant|HIGH|ATP2B3|ENSG00000067842|Transcript|ENST00000496610|protein_coding|23/23||ENST00000496610.2:c.3612_3613del|ENSP00000516173.1:p.Pro1206ValfsTer115|4055-4056|3611-3612|1204|P/X|cCG/c|||1||deletion|HGNC|HGNC:816||3|||ENSP00000516173|||UPI0001FA2A71|||||MobiDB_lite:mobidb-lite&Low_complexity_(Seg):seg|1|||||||||||||||||||||||||,-|3_prime_UTR_variant&NMD_transcript_variant|MODIFIER|ATP2B3|ENSG00000067842|Transcript|ENST00000683064|nonsense_mediated_decay|23/23||ENST00000683064.1:c.*1257_*1258del||4148-4149|||||||1||deletion|HGNC|HGNC:816|||||ENSP00000508126||A0A804HKZ0.4|UPI001B89D8CE|||||||||||||||||||||||||||||||,-|downstream_gene_variant|MODIFIER|ATP2B3|ENSG00000067842|Transcript|ENST00000705862|protein_coding|||||||||||40|1||deletion|HGNC|HGNC:816|||||ENSP00000516174|||UPI00155FC765|||||||||||||||||||||||||||||||,-|3_prime_UTR_variant|MODIFIER|ATP2B3|ENSG00000067842|Transcript|ENST00000705863|protein_coding|4/4||ENST00000705863.1:c.*157_*158del||610-611|||||||1|cds_start_NF|deletion|HGNC|HGNC:816|||||ENSP00000516175||||||||||||||||||||||||||||||||||,-|frameshift_variant|HIGH|ATP2B3|ENSG00000067842|Transcript|ENST00000705864|protein_coding|3/3||ENST00000705864.1:c.396_397del|ENSP00000516176.1:p.Pro134ValfsTer115|395-396|395-396|132|P/X|cCG/c|||1|cds_start_NF|deletion|HGNC|HGNC:816|||||ENSP00000516176||||||||MobiDB_lite:mobidb-lite&Low_complexity_(Seg):seg|1|||||||||||||||||||||||||	GT:AD:DP	0/1:149,9:.	CG/-	X:153580159	-	ENSG00000067842	ENST00000705862	Transcript	downstream_gene_variant	MODIFIER															ATP2B3	CGC:TSG		Calcium signaling pathway|cGMP-PKG signaling pathway|cAMP signaling pathway|Adrenergic signaling in cardiomyocytes|Aldosterone synthesis and secretion|Endocrine and other factor-regulated calcium reabsorption|Salivary secretion|Pancreatic secretion|Mineral absorption	hsa04020|hsa04022|hsa04024|hsa04261|hsa04925|hsa04961|hsa04970|hsa04972|hsa04978				deletion								1271 / 49097025	0	0.1250	TSG
X	153580159		CG	-	.	.	CSQ=-|frameshift_variant|HIGH|ATP2B3|ENSG00000067842|Transcript|ENST00000263519|protein_coding|22/22||ENST00000263519.5:c.3525_3526del|ENSP00000263519.4:p.Pro1177ValfsTer115|4004-4005|3524-3525|1175|P/X|cCG/c|||1||deletion|HGNC|HGNC:816|YES|1|P1|CCDS35440.1|ENSP00000263519|Q16720.208||UPI00001AE881|Q16720-1|NM_001001344.3&NM_001388362.1|||AFDB-ENSP_mappings:AF-Q16720-F1.A&MobiDB_lite:mobidb-lite&Low_complexity_(Seg):seg|1|||||||||||||||||||||||||,-|frameshift_variant|HIGH|ATP2B3|ENSG00000067842|Transcript|ENST00000349466|protein_coding|21/21||ENST00000349466.6:c.3525_3526del|ENSP00000343886.2:p.Pro1177ValfsTer115|3850-3851|3524-3525|1175|P/X|cCG/c|||1||deletion|HGNC|HGNC:816||5|P1|CCDS35440.1|ENSP00000343886|Q16720.208||UPI00001AE881|Q16720-1|NM_001388361.1|||AFDB-ENSP_mappings:AF-Q16720-F1.A&MobiDB_lite:mobidb-lite&Low_complexity_(Seg):seg|1|||||||||||||||||||||||||,-|3_prime_UTR_variant|MODIFIER|ATP2B3|ENSG00000067842|Transcript|ENST00000359149|protein_coding|23/23||ENST00000359149.9:c.*157_*158del||4158-4159|||||||1||deletion|HGNC|HGNC:816||1||CCDS14722.1|ENSP00000352062|Q16720.208||UPI000013D41A|Q16720-2|NM_021949.4&NM_001388360.1|||||||||||||||||||||||||||||,-|3_prime_UTR_variant|MODIFIER|ATP2B3|ENSG00000067842|Transcript|ENST00000370186|protein_coding|21/21||ENST00000370186.5:c.*157_*158del||3962-3963|||||||1||deletion|HGNC|HGNC:816||5|||ENSP00000359205|Q16720.208||UPI000059DBBC|Q16720-3||||||||||||||||||||||||||||||,-|frameshift_variant|HIGH|ATP2B3|ENSG00000067842|Transcript|ENST00000496610|protein_coding|23/23||ENST00000496610.2:c.3612_3613del|ENSP00000516173.1:p.Pro1206ValfsTer115|4055-4056|3611-3612|1204|P/X|cCG/c|||1||deletion|HGNC|HGNC:816||3|||ENSP00000516173|||UPI0001FA2A71|||||MobiDB_lite:mobidb-lite&Low_complexity_(Seg):seg|1|||||||||||||||||||||||||,-|3_prime_UTR_variant&NMD_transcript_variant|MODIFIER|ATP2B3|ENSG00000067842|Transcript|ENST00000683064|nonsense_mediated_decay|23/23||ENST00000683064.1:c.*1257_*1258del||4148-4149|||||||1||deletion|HGNC|HGNC:816|||||ENSP00000508126||A0A804HKZ0.4|UPI001B89D8CE|||||||||||||||||||||||||||||||,-|downstream_gene_variant|MODIFIER|ATP2B3|ENSG00000067842|Transcript|ENST00000705862|protein_coding|||||||||||40|1||deletion|HGNC|HGNC:816|||||ENSP00000516174|||UPI00155FC765|||||||||||||||||||||||||||||||,-|3_prime_UTR_variant|MODIFIER|ATP2B3|ENSG00000067842|Transcript|ENST00000705863|protein_coding|4/4||ENST00000705863.1:c.*157_*158del||610-611|||||||1|cds_start_NF|deletion|HGNC|HGNC:816|||||ENSP00000516175||||||||||||||||||||||||||||||||||,-|frameshift_variant|HIGH|ATP2B3|ENSG00000067842|Transcript|ENST00000705864|protein_coding|3/3||ENST00000705864.1:c.396_397del|ENSP00000516176.1:p.Pro134ValfsTer115|395-396|395-396|132|P/X|cCG/c|||1|cds_start_NF|deletion|HGNC|HGNC:816|||||ENSP00000516176||||||||MobiDB_lite:mobidb-lite&Low_complexity_(Seg):seg|1|||||||||||||||||||||||||	GT:AD:DP	0/1:149,9:.	CG/-	X:153580159	-	ENSG00000067842	ENST00000705863	Transcript	3_prime_UTR_variant	MODIFIER	610-611														ATP2B3	CGC:TSG		Calcium signaling pathway|cGMP-PKG signaling pathway|cAMP signaling pathway|Adrenergic signaling in cardiomyocytes|Aldosterone synthesis and secretion|Endocrine and other factor-regulated calcium reabsorption|Salivary secretion|Pancreatic secretion|Mineral absorption	hsa04020|hsa04022|hsa04024|hsa04261|hsa04925|hsa04961|hsa04970|hsa04972|hsa04978				deletion	c.*157_*158del							1271 / 49097025	0	0.1250	TSG
X	153580159		CG	-	.	.	CSQ=-|frameshift_variant|HIGH|ATP2B3|ENSG00000067842|Transcript|ENST00000263519|protein_coding|22/22||ENST00000263519.5:c.3525_3526del|ENSP00000263519.4:p.Pro1177ValfsTer115|4004-4005|3524-3525|1175|P/X|cCG/c|||1||deletion|HGNC|HGNC:816|YES|1|P1|CCDS35440.1|ENSP00000263519|Q16720.208||UPI00001AE881|Q16720-1|NM_001001344.3&NM_001388362.1|||AFDB-ENSP_mappings:AF-Q16720-F1.A&MobiDB_lite:mobidb-lite&Low_complexity_(Seg):seg|1|||||||||||||||||||||||||,-|frameshift_variant|HIGH|ATP2B3|ENSG00000067842|Transcript|ENST00000349466|protein_coding|21/21||ENST00000349466.6:c.3525_3526del|ENSP00000343886.2:p.Pro1177ValfsTer115|3850-3851|3524-3525|1175|P/X|cCG/c|||1||deletion|HGNC|HGNC:816||5|P1|CCDS35440.1|ENSP00000343886|Q16720.208||UPI00001AE881|Q16720-1|NM_001388361.1|||AFDB-ENSP_mappings:AF-Q16720-F1.A&MobiDB_lite:mobidb-lite&Low_complexity_(Seg):seg|1|||||||||||||||||||||||||,-|3_prime_UTR_variant|MODIFIER|ATP2B3|ENSG00000067842|Transcript|ENST00000359149|protein_coding|23/23||ENST00000359149.9:c.*157_*158del||4158-4159|||||||1||deletion|HGNC|HGNC:816||1||CCDS14722.1|ENSP00000352062|Q16720.208||UPI000013D41A|Q16720-2|NM_021949.4&NM_001388360.1|||||||||||||||||||||||||||||,-|3_prime_UTR_variant|MODIFIER|ATP2B3|ENSG00000067842|Transcript|ENST00000370186|protein_coding|21/21||ENST00000370186.5:c.*157_*158del||3962-3963|||||||1||deletion|HGNC|HGNC:816||5|||ENSP00000359205|Q16720.208||UPI000059DBBC|Q16720-3||||||||||||||||||||||||||||||,-|frameshift_variant|HIGH|ATP2B3|ENSG00000067842|Transcript|ENST00000496610|protein_coding|23/23||ENST00000496610.2:c.3612_3613del|ENSP00000516173.1:p.Pro1206ValfsTer115|4055-4056|3611-3612|1204|P/X|cCG/c|||1||deletion|HGNC|HGNC:816||3|||ENSP00000516173|||UPI0001FA2A71|||||MobiDB_lite:mobidb-lite&Low_complexity_(Seg):seg|1|||||||||||||||||||||||||,-|3_prime_UTR_variant&NMD_transcript_variant|MODIFIER|ATP2B3|ENSG00000067842|Transcript|ENST00000683064|nonsense_mediated_decay|23/23||ENST00000683064.1:c.*1257_*1258del||4148-4149|||||||1||deletion|HGNC|HGNC:816|||||ENSP00000508126||A0A804HKZ0.4|UPI001B89D8CE|||||||||||||||||||||||||||||||,-|downstream_gene_variant|MODIFIER|ATP2B3|ENSG00000067842|Transcript|ENST00000705862|protein_coding|||||||||||40|1||deletion|HGNC|HGNC:816|||||ENSP00000516174|||UPI00155FC765|||||||||||||||||||||||||||||||,-|3_prime_UTR_variant|MODIFIER|ATP2B3|ENSG00000067842|Transcript|ENST00000705863|protein_coding|4/4||ENST00000705863.1:c.*157_*158del||610-611|||||||1|cds_start_NF|deletion|HGNC|HGNC:816|||||ENSP00000516175||||||||||||||||||||||||||||||||||,-|frameshift_variant|HIGH|ATP2B3|ENSG00000067842|Transcript|ENST00000705864|protein_coding|3/3||ENST00000705864.1:c.396_397del|ENSP00000516176.1:p.Pro134ValfsTer115|395-396|395-396|132|P/X|cCG/c|||1|cds_start_NF|deletion|HGNC|HGNC:816|||||ENSP00000516176||||||||MobiDB_lite:mobidb-lite&Low_complexity_(Seg):seg|1|||||||||||||||||||||||||	GT:AD:DP	0/1:149,9:.	CG/-	X:153580159	-	ENSG00000067842	ENST00000705864	Transcript	frameshift_variant	HIGH	395-396	395-396	132	P/X	cCG/c										ATP2B3	CGC:TSG		Calcium signaling pathway|cGMP-PKG signaling pathway|cAMP signaling pathway|Adrenergic signaling in cardiomyocytes|Aldosterone synthesis and secretion|Endocrine and other factor-regulated calcium reabsorption|Salivary secretion|Pancreatic secretion|Mineral absorption	hsa04020|hsa04022|hsa04024|hsa04261|hsa04925|hsa04961|hsa04970|hsa04972|hsa04978				deletion	c.396_397del	p.Pro134ValfsTer115					Mutation previous last protein domain	1271 / 49097025	0	0.3750	TSG
7	128570181		-	TT	.	.	CSQ=TT|downstream_gene_variant|MODIFIER||ENSG00000213280|Transcript|ENST00000393266|processed_pseudogene||||||||||rs577759783|60|-1||insertion|||YES|||||||||||||||||||||||||||||||||||||4.309|0.219094,TT|intron_variant&non_coding_transcript_variant|MODIFIER||ENSG00000280828|Transcript|ENST00000479267|unprocessed_pseudogene||1/8|ENST00000479267.2:n.80-4521_80-4520dup|||||||rs577759783||1||insertion|||YES|||||||||||||||||||||||||||||||||||||4.309|0.219094	GT:AD:DP	0/1:5,3:.	-/TT	7:128570181	TT	ENSG00000213280	ENST00000393266	Transcript	downstream_gene_variant	MODIFIER						rs577759783							4.309	0.219094									insertion								0	0	0.1250	UNCLASSIFIED
7	128570181		-	TT	.	.	CSQ=TT|downstream_gene_variant|MODIFIER||ENSG00000213280|Transcript|ENST00000393266|processed_pseudogene||||||||||rs577759783|60|-1||insertion|||YES|||||||||||||||||||||||||||||||||||||4.309|0.219094,TT|intron_variant&non_coding_transcript_variant|MODIFIER||ENSG00000280828|Transcript|ENST00000479267|unprocessed_pseudogene||1/8|ENST00000479267.2:n.80-4521_80-4520dup|||||||rs577759783||1||insertion|||YES|||||||||||||||||||||||||||||||||||||4.309|0.219094	GT:AD:DP	0/1:5,3:.	-/TT	7:128570181	TT	ENSG00000280828	ENST00000479267	Transcript	intron_variant,non_coding_transcript_variant	MODIFIER						rs577759783							4.309	0.219094									insertion	n.80-4521_80-4520dup							0	0	0.1250	UNCLASSIFIED
17	75110491		C	-	.	.	CSQ=-|frameshift_variant|HIGH|ARMC7|ENSG00000125449|Transcript|ENST00000245543|protein_coding|2/3||ENST00000245543.6:c.120del|ENSP00000245543.1:p.Ala41ProfsTer85|440|120|40|L/X|ctC/ct|COSV55462348||1||deletion|HGNC|HGNC:26168|YES|1|P1|CCDS11714.1|ENSP00000245543|Q9H6L4.145||UPI000007003E|Q9H6L4-1|NM_024585.4|||PDB-ENSP_mappings:7dvq.K&PANTHER:PTHR46263&PANTHER:PTHR46263:SF1&Gene3D:1.25.10.10&Superfamily:SSF48371&AFDB-ENSP_mappings:AF-Q9H6L4-F1.A||||||||||||||||||1|1|||||||,-|downstream_gene_variant|MODIFIER|SLC16A5|ENSG00000170190|Transcript|ENST00000329783|protein_coding||||||||||COSV55462348|4329|1||deletion|HGNC|HGNC:10926|YES|1|P2|CCDS11713.1|ENSP00000330141|O15375.171||UPI0000000DC7|O15375-1|NM_001369668.1&NM_004695.4|||||||||||||||||||||1|1|||||||,-|downstream_gene_variant|MODIFIER|SLC16A5|ENSG00000170190|Transcript|ENST00000450736|protein_coding||||||||||COSV55462348|4340|1||deletion|HGNC|HGNC:10926||1|P2|CCDS11713.1|ENSP00000390564|O15375.171||UPI0000000DC7|O15375-1||||||||||||||||||||||1|1|||||||,-|upstream_gene_variant|MODIFIER|ARMC7|ENSG00000125449|Transcript|ENST00000579096|protein_coding_CDS_not_defined||||||||||COSV55462348|3800|1||deletion|HGNC|HGNC:26168||1|||||||||||||||||||||||||||||1|1|||||||,-|downstream_gene_variant|MODIFIER|SLC16A5|ENSG00000170190|Transcript|ENST00000580123|protein_coding||||||||||COSV55462348|4329|1||deletion|HGNC|HGNC:10926||2|P2|CCDS11713.1|ENSP00000463434|O15375.171||UPI0000000DC7|O15375-1|NM_001271765.2|||||||||||||||||||||1|1|||||||,-|frameshift_variant|HIGH|ARMC7|ENSG00000125449|Transcript|ENST00000581078|protein_coding|2/3||ENST00000581078.1:c.120del|ENSP00000462962.1:p.Ala41ProfsTer50|457|120|40|L/X|ctC/ct|COSV55462348||1||deletion|HGNC|HGNC:26168||2||CCDS77107.1|ENSP00000462962|Q9H6L4.145||UPI00017A7E8E|Q9H6L4-2|NM_001304271.2|||PANTHER:PTHR46263:SF1&PANTHER:PTHR46263||||||||||||||||||1|1|||||||,-|frameshift_variant|HIGH|ARMC7|ENSG00000125449|Transcript|ENST00000582136|protein_coding|2/3||ENST00000582136.5:c.120del|ENSP00000462642.1:p.Ala41ProfsTer45|431|120|40|L/X|ctC/ct|COSV55462348||1||deletion|HGNC|HGNC:26168||2||CCDS77108.1|ENSP00000462642||J3KST7.64|UPI000020020F||NM_001304273.2|||PANTHER:PTHR46263:SF1&PANTHER:PTHR46263&Gene3D:1.25.10.10&Superfamily:SSF48371||||||||||||||||||1|1|||||||,-|frameshift_variant|HIGH|ARMC7|ENSG00000125449|Transcript|ENST00000584947|protein_coding|2/3||ENST00000584947.1:c.120del|ENSP00000462939.1:p.Ala41ProfsTer68|228|120|40|L/X|ctC/ct|COSV55462348||1||deletion|HGNC|HGNC:26168||3||CCDS77109.1|ENSP00000462939||J3KTE5.65|UPI000020020E||NM_001304272.2|||PANTHER:PTHR46263:SF1&PANTHER:PTHR46263&Gene3D:1.25.10.10&Superfamily:SSF48371||||||||||||||||||1|1|||||||,-|regulatory_region_variant|MODIFIER|||RegulatoryFeature|ENSR00000098322|promoter||||||||||COSV55462348||||deletion|||||||||||||||||||||||||||||||||1|1|||||||	GT:AD:DP	0/1:75,13:.	C/-	17:75110491	-	ENSG00000125449	ENST00000245543	Transcript	frameshift_variant	HIGH	440	120	40	L/X	ctC/ct	COSV55462348		P1							ARMC7								deletion	c.120del	p.Ala41ProfsTer85					IPR016024: Armadillo-type fold	171 / 49097025	0	0.3125	TSG
17	75110491		C	-	.	.	CSQ=-|frameshift_variant|HIGH|ARMC7|ENSG00000125449|Transcript|ENST00000245543|protein_coding|2/3||ENST00000245543.6:c.120del|ENSP00000245543.1:p.Ala41ProfsTer85|440|120|40|L/X|ctC/ct|COSV55462348||1||deletion|HGNC|HGNC:26168|YES|1|P1|CCDS11714.1|ENSP00000245543|Q9H6L4.145||UPI000007003E|Q9H6L4-1|NM_024585.4|||PDB-ENSP_mappings:7dvq.K&PANTHER:PTHR46263&PANTHER:PTHR46263:SF1&Gene3D:1.25.10.10&Superfamily:SSF48371&AFDB-ENSP_mappings:AF-Q9H6L4-F1.A||||||||||||||||||1|1|||||||,-|downstream_gene_variant|MODIFIER|SLC16A5|ENSG00000170190|Transcript|ENST00000329783|protein_coding||||||||||COSV55462348|4329|1||deletion|HGNC|HGNC:10926|YES|1|P2|CCDS11713.1|ENSP00000330141|O15375.171||UPI0000000DC7|O15375-1|NM_001369668.1&NM_004695.4|||||||||||||||||||||1|1|||||||,-|downstream_gene_variant|MODIFIER|SLC16A5|ENSG00000170190|Transcript|ENST00000450736|protein_coding||||||||||COSV55462348|4340|1||deletion|HGNC|HGNC:10926||1|P2|CCDS11713.1|ENSP00000390564|O15375.171||UPI0000000DC7|O15375-1||||||||||||||||||||||1|1|||||||,-|upstream_gene_variant|MODIFIER|ARMC7|ENSG00000125449|Transcript|ENST00000579096|protein_coding_CDS_not_defined||||||||||COSV55462348|3800|1||deletion|HGNC|HGNC:26168||1|||||||||||||||||||||||||||||1|1|||||||,-|downstream_gene_variant|MODIFIER|SLC16A5|ENSG00000170190|Transcript|ENST00000580123|protein_coding||||||||||COSV55462348|4329|1||deletion|HGNC|HGNC:10926||2|P2|CCDS11713.1|ENSP00000463434|O15375.171||UPI0000000DC7|O15375-1|NM_001271765.2|||||||||||||||||||||1|1|||||||,-|frameshift_variant|HIGH|ARMC7|ENSG00000125449|Transcript|ENST00000581078|protein_coding|2/3||ENST00000581078.1:c.120del|ENSP00000462962.1:p.Ala41ProfsTer50|457|120|40|L/X|ctC/ct|COSV55462348||1||deletion|HGNC|HGNC:26168||2||CCDS77107.1|ENSP00000462962|Q9H6L4.145||UPI00017A7E8E|Q9H6L4-2|NM_001304271.2|||PANTHER:PTHR46263:SF1&PANTHER:PTHR46263||||||||||||||||||1|1|||||||,-|frameshift_variant|HIGH|ARMC7|ENSG00000125449|Transcript|ENST00000582136|protein_coding|2/3||ENST00000582136.5:c.120del|ENSP00000462642.1:p.Ala41ProfsTer45|431|120|40|L/X|ctC/ct|COSV55462348||1||deletion|HGNC|HGNC:26168||2||CCDS77108.1|ENSP00000462642||J3KST7.64|UPI000020020F||NM_001304273.2|||PANTHER:PTHR46263:SF1&PANTHER:PTHR46263&Gene3D:1.25.10.10&Superfamily:SSF48371||||||||||||||||||1|1|||||||,-|frameshift_variant|HIGH|ARMC7|ENSG00000125449|Transcript|ENST00000584947|protein_coding|2/3||ENST00000584947.1:c.120del|ENSP00000462939.1:p.Ala41ProfsTer68|228|120|40|L/X|ctC/ct|COSV55462348||1||deletion|HGNC|HGNC:26168||3||CCDS77109.1|ENSP00000462939||J3KTE5.65|UPI000020020E||NM_001304272.2|||PANTHER:PTHR46263:SF1&PANTHER:PTHR46263&Gene3D:1.25.10.10&Superfamily:SSF48371||||||||||||||||||1|1|||||||,-|regulatory_region_variant|MODIFIER|||RegulatoryFeature|ENSR00000098322|promoter||||||||||COSV55462348||||deletion|||||||||||||||||||||||||||||||||1|1|||||||	GT:AD:DP	0/1:75,13:.	C/-	17:75110491	-	ENSG00000170190	ENST00000329783	Transcript	downstream_gene_variant	MODIFIER						COSV55462348		P2							SLC16A5								deletion								332 / 49097025	0	0.1281	UNCLASSIFIED
17	75110491		C	-	.	.	CSQ=-|frameshift_variant|HIGH|ARMC7|ENSG00000125449|Transcript|ENST00000245543|protein_coding|2/3||ENST00000245543.6:c.120del|ENSP00000245543.1:p.Ala41ProfsTer85|440|120|40|L/X|ctC/ct|COSV55462348||1||deletion|HGNC|HGNC:26168|YES|1|P1|CCDS11714.1|ENSP00000245543|Q9H6L4.145||UPI000007003E|Q9H6L4-1|NM_024585.4|||PDB-ENSP_mappings:7dvq.K&PANTHER:PTHR46263&PANTHER:PTHR46263:SF1&Gene3D:1.25.10.10&Superfamily:SSF48371&AFDB-ENSP_mappings:AF-Q9H6L4-F1.A||||||||||||||||||1|1|||||||,-|downstream_gene_variant|MODIFIER|SLC16A5|ENSG00000170190|Transcript|ENST00000329783|protein_coding||||||||||COSV55462348|4329|1||deletion|HGNC|HGNC:10926|YES|1|P2|CCDS11713.1|ENSP00000330141|O15375.171||UPI0000000DC7|O15375-1|NM_001369668.1&NM_004695.4|||||||||||||||||||||1|1|||||||,-|downstream_gene_variant|MODIFIER|SLC16A5|ENSG00000170190|Transcript|ENST00000450736|protein_coding||||||||||COSV55462348|4340|1||deletion|HGNC|HGNC:10926||1|P2|CCDS11713.1|ENSP00000390564|O15375.171||UPI0000000DC7|O15375-1||||||||||||||||||||||1|1|||||||,-|upstream_gene_variant|MODIFIER|ARMC7|ENSG00000125449|Transcript|ENST00000579096|protein_coding_CDS_not_defined||||||||||COSV55462348|3800|1||deletion|HGNC|HGNC:26168||1|||||||||||||||||||||||||||||1|1|||||||,-|downstream_gene_variant|MODIFIER|SLC16A5|ENSG00000170190|Transcript|ENST00000580123|protein_coding||||||||||COSV55462348|4329|1||deletion|HGNC|HGNC:10926||2|P2|CCDS11713.1|ENSP00000463434|O15375.171||UPI0000000DC7|O15375-1|NM_001271765.2|||||||||||||||||||||1|1|||||||,-|frameshift_variant|HIGH|ARMC7|ENSG00000125449|Transcript|ENST00000581078|protein_coding|2/3||ENST00000581078.1:c.120del|ENSP00000462962.1:p.Ala41ProfsTer50|457|120|40|L/X|ctC/ct|COSV55462348||1||deletion|HGNC|HGNC:26168||2||CCDS77107.1|ENSP00000462962|Q9H6L4.145||UPI00017A7E8E|Q9H6L4-2|NM_001304271.2|||PANTHER:PTHR46263:SF1&PANTHER:PTHR46263||||||||||||||||||1|1|||||||,-|frameshift_variant|HIGH|ARMC7|ENSG00000125449|Transcript|ENST00000582136|protein_coding|2/3||ENST00000582136.5:c.120del|ENSP00000462642.1:p.Ala41ProfsTer45|431|120|40|L/X|ctC/ct|COSV55462348||1||deletion|HGNC|HGNC:26168||2||CCDS77108.1|ENSP00000462642||J3KST7.64|UPI000020020F||NM_001304273.2|||PANTHER:PTHR46263:SF1&PANTHER:PTHR46263&Gene3D:1.25.10.10&Superfamily:SSF48371||||||||||||||||||1|1|||||||,-|frameshift_variant|HIGH|ARMC7|ENSG00000125449|Transcript|ENST00000584947|protein_coding|2/3||ENST00000584947.1:c.120del|ENSP00000462939.1:p.Ala41ProfsTer68|228|120|40|L/X|ctC/ct|COSV55462348||1||deletion|HGNC|HGNC:26168||3||CCDS77109.1|ENSP00000462939||J3KTE5.65|UPI000020020E||NM_001304272.2|||PANTHER:PTHR46263:SF1&PANTHER:PTHR46263&Gene3D:1.25.10.10&Superfamily:SSF48371||||||||||||||||||1|1|||||||,-|regulatory_region_variant|MODIFIER|||RegulatoryFeature|ENSR00000098322|promoter||||||||||COSV55462348||||deletion|||||||||||||||||||||||||||||||||1|1|||||||	GT:AD:DP	0/1:75,13:.	C/-	17:75110491	-	ENSG00000170190	ENST00000450736	Transcript	downstream_gene_variant	MODIFIER						COSV55462348		P2							SLC16A5								deletion								332 / 49097025	0	0.1281	UNCLASSIFIED
17	75110491		C	-	.	.	CSQ=-|frameshift_variant|HIGH|ARMC7|ENSG00000125449|Transcript|ENST00000245543|protein_coding|2/3||ENST00000245543.6:c.120del|ENSP00000245543.1:p.Ala41ProfsTer85|440|120|40|L/X|ctC/ct|COSV55462348||1||deletion|HGNC|HGNC:26168|YES|1|P1|CCDS11714.1|ENSP00000245543|Q9H6L4.145||UPI000007003E|Q9H6L4-1|NM_024585.4|||PDB-ENSP_mappings:7dvq.K&PANTHER:PTHR46263&PANTHER:PTHR46263:SF1&Gene3D:1.25.10.10&Superfamily:SSF48371&AFDB-ENSP_mappings:AF-Q9H6L4-F1.A||||||||||||||||||1|1|||||||,-|downstream_gene_variant|MODIFIER|SLC16A5|ENSG00000170190|Transcript|ENST00000329783|protein_coding||||||||||COSV55462348|4329|1||deletion|HGNC|HGNC:10926|YES|1|P2|CCDS11713.1|ENSP00000330141|O15375.171||UPI0000000DC7|O15375-1|NM_001369668.1&NM_004695.4|||||||||||||||||||||1|1|||||||,-|downstream_gene_variant|MODIFIER|SLC16A5|ENSG00000170190|Transcript|ENST00000450736|protein_coding||||||||||COSV55462348|4340|1||deletion|HGNC|HGNC:10926||1|P2|CCDS11713.1|ENSP00000390564|O15375.171||UPI0000000DC7|O15375-1||||||||||||||||||||||1|1|||||||,-|upstream_gene_variant|MODIFIER|ARMC7|ENSG00000125449|Transcript|ENST00000579096|protein_coding_CDS_not_defined||||||||||COSV55462348|3800|1||deletion|HGNC|HGNC:26168||1|||||||||||||||||||||||||||||1|1|||||||,-|downstream_gene_variant|MODIFIER|SLC16A5|ENSG00000170190|Transcript|ENST00000580123|protein_coding||||||||||COSV55462348|4329|1||deletion|HGNC|HGNC:10926||2|P2|CCDS11713.1|ENSP00000463434|O15375.171||UPI0000000DC7|O15375-1|NM_001271765.2|||||||||||||||||||||1|1|||||||,-|frameshift_variant|HIGH|ARMC7|ENSG00000125449|Transcript|ENST00000581078|protein_coding|2/3||ENST00000581078.1:c.120del|ENSP00000462962.1:p.Ala41ProfsTer50|457|120|40|L/X|ctC/ct|COSV55462348||1||deletion|HGNC|HGNC:26168||2||CCDS77107.1|ENSP00000462962|Q9H6L4.145||UPI00017A7E8E|Q9H6L4-2|NM_001304271.2|||PANTHER:PTHR46263:SF1&PANTHER:PTHR46263||||||||||||||||||1|1|||||||,-|frameshift_variant|HIGH|ARMC7|ENSG00000125449|Transcript|ENST00000582136|protein_coding|2/3||ENST00000582136.5:c.120del|ENSP00000462642.1:p.Ala41ProfsTer45|431|120|40|L/X|ctC/ct|COSV55462348||1||deletion|HGNC|HGNC:26168||2||CCDS77108.1|ENSP00000462642||J3KST7.64|UPI000020020F||NM_001304273.2|||PANTHER:PTHR46263:SF1&PANTHER:PTHR46263&Gene3D:1.25.10.10&Superfamily:SSF48371||||||||||||||||||1|1|||||||,-|frameshift_variant|HIGH|ARMC7|ENSG00000125449|Transcript|ENST00000584947|protein_coding|2/3||ENST00000584947.1:c.120del|ENSP00000462939.1:p.Ala41ProfsTer68|228|120|40|L/X|ctC/ct|COSV55462348||1||deletion|HGNC|HGNC:26168||3||CCDS77109.1|ENSP00000462939||J3KTE5.65|UPI000020020E||NM_001304272.2|||PANTHER:PTHR46263:SF1&PANTHER:PTHR46263&Gene3D:1.25.10.10&Superfamily:SSF48371||||||||||||||||||1|1|||||||,-|regulatory_region_variant|MODIFIER|||RegulatoryFeature|ENSR00000098322|promoter||||||||||COSV55462348||||deletion|||||||||||||||||||||||||||||||||1|1|||||||	GT:AD:DP	0/1:75,13:.	C/-	17:75110491	-	ENSG00000125449	ENST00000579096	Transcript	upstream_gene_variant	MODIFIER						COSV55462348									ARMC7								deletion								171 / 49097025	0	0.1250	UNCLASSIFIED
17	75110491		C	-	.	.	CSQ=-|frameshift_variant|HIGH|ARMC7|ENSG00000125449|Transcript|ENST00000245543|protein_coding|2/3||ENST00000245543.6:c.120del|ENSP00000245543.1:p.Ala41ProfsTer85|440|120|40|L/X|ctC/ct|COSV55462348||1||deletion|HGNC|HGNC:26168|YES|1|P1|CCDS11714.1|ENSP00000245543|Q9H6L4.145||UPI000007003E|Q9H6L4-1|NM_024585.4|||PDB-ENSP_mappings:7dvq.K&PANTHER:PTHR46263&PANTHER:PTHR46263:SF1&Gene3D:1.25.10.10&Superfamily:SSF48371&AFDB-ENSP_mappings:AF-Q9H6L4-F1.A||||||||||||||||||1|1|||||||,-|downstream_gene_variant|MODIFIER|SLC16A5|ENSG00000170190|Transcript|ENST00000329783|protein_coding||||||||||COSV55462348|4329|1||deletion|HGNC|HGNC:10926|YES|1|P2|CCDS11713.1|ENSP00000330141|O15375.171||UPI0000000DC7|O15375-1|NM_001369668.1&NM_004695.4|||||||||||||||||||||1|1|||||||,-|downstream_gene_variant|MODIFIER|SLC16A5|ENSG00000170190|Transcript|ENST00000450736|protein_coding||||||||||COSV55462348|4340|1||deletion|HGNC|HGNC:10926||1|P2|CCDS11713.1|ENSP00000390564|O15375.171||UPI0000000DC7|O15375-1||||||||||||||||||||||1|1|||||||,-|upstream_gene_variant|MODIFIER|ARMC7|ENSG00000125449|Transcript|ENST00000579096|protein_coding_CDS_not_defined||||||||||COSV55462348|3800|1||deletion|HGNC|HGNC:26168||1|||||||||||||||||||||||||||||1|1|||||||,-|downstream_gene_variant|MODIFIER|SLC16A5|ENSG00000170190|Transcript|ENST00000580123|protein_coding||||||||||COSV55462348|4329|1||deletion|HGNC|HGNC:10926||2|P2|CCDS11713.1|ENSP00000463434|O15375.171||UPI0000000DC7|O15375-1|NM_001271765.2|||||||||||||||||||||1|1|||||||,-|frameshift_variant|HIGH|ARMC7|ENSG00000125449|Transcript|ENST00000581078|protein_coding|2/3||ENST00000581078.1:c.120del|ENSP00000462962.1:p.Ala41ProfsTer50|457|120|40|L/X|ctC/ct|COSV55462348||1||deletion|HGNC|HGNC:26168||2||CCDS77107.1|ENSP00000462962|Q9H6L4.145||UPI00017A7E8E|Q9H6L4-2|NM_001304271.2|||PANTHER:PTHR46263:SF1&PANTHER:PTHR46263||||||||||||||||||1|1|||||||,-|frameshift_variant|HIGH|ARMC7|ENSG00000125449|Transcript|ENST00000582136|protein_coding|2/3||ENST00000582136.5:c.120del|ENSP00000462642.1:p.Ala41ProfsTer45|431|120|40|L/X|ctC/ct|COSV55462348||1||deletion|HGNC|HGNC:26168||2||CCDS77108.1|ENSP00000462642||J3KST7.64|UPI000020020F||NM_001304273.2|||PANTHER:PTHR46263:SF1&PANTHER:PTHR46263&Gene3D:1.25.10.10&Superfamily:SSF48371||||||||||||||||||1|1|||||||,-|frameshift_variant|HIGH|ARMC7|ENSG00000125449|Transcript|ENST00000584947|protein_coding|2/3||ENST00000584947.1:c.120del|ENSP00000462939.1:p.Ala41ProfsTer68|228|120|40|L/X|ctC/ct|COSV55462348||1||deletion|HGNC|HGNC:26168||3||CCDS77109.1|ENSP00000462939||J3KTE5.65|UPI000020020E||NM_001304272.2|||PANTHER:PTHR46263:SF1&PANTHER:PTHR46263&Gene3D:1.25.10.10&Superfamily:SSF48371||||||||||||||||||1|1|||||||,-|regulatory_region_variant|MODIFIER|||RegulatoryFeature|ENSR00000098322|promoter||||||||||COSV55462348||||deletion|||||||||||||||||||||||||||||||||1|1|||||||	GT:AD:DP	0/1:75,13:.	C/-	17:75110491	-	ENSG00000170190	ENST00000580123	Transcript	downstream_gene_variant	MODIFIER						COSV55462348		P2							SLC16A5								deletion								332 / 49097025	0	0.1281	UNCLASSIFIED
17	75110491		C	-	.	.	CSQ=-|frameshift_variant|HIGH|ARMC7|ENSG00000125449|Transcript|ENST00000245543|protein_coding|2/3||ENST00000245543.6:c.120del|ENSP00000245543.1:p.Ala41ProfsTer85|440|120|40|L/X|ctC/ct|COSV55462348||1||deletion|HGNC|HGNC:26168|YES|1|P1|CCDS11714.1|ENSP00000245543|Q9H6L4.145||UPI000007003E|Q9H6L4-1|NM_024585.4|||PDB-ENSP_mappings:7dvq.K&PANTHER:PTHR46263&PANTHER:PTHR46263:SF1&Gene3D:1.25.10.10&Superfamily:SSF48371&AFDB-ENSP_mappings:AF-Q9H6L4-F1.A||||||||||||||||||1|1|||||||,-|downstream_gene_variant|MODIFIER|SLC16A5|ENSG00000170190|Transcript|ENST00000329783|protein_coding||||||||||COSV55462348|4329|1||deletion|HGNC|HGNC:10926|YES|1|P2|CCDS11713.1|ENSP00000330141|O15375.171||UPI0000000DC7|O15375-1|NM_001369668.1&NM_004695.4|||||||||||||||||||||1|1|||||||,-|downstream_gene_variant|MODIFIER|SLC16A5|ENSG00000170190|Transcript|ENST00000450736|protein_coding||||||||||COSV55462348|4340|1||deletion|HGNC|HGNC:10926||1|P2|CCDS11713.1|ENSP00000390564|O15375.171||UPI0000000DC7|O15375-1||||||||||||||||||||||1|1|||||||,-|upstream_gene_variant|MODIFIER|ARMC7|ENSG00000125449|Transcript|ENST00000579096|protein_coding_CDS_not_defined||||||||||COSV55462348|3800|1||deletion|HGNC|HGNC:26168||1|||||||||||||||||||||||||||||1|1|||||||,-|downstream_gene_variant|MODIFIER|SLC16A5|ENSG00000170190|Transcript|ENST00000580123|protein_coding||||||||||COSV55462348|4329|1||deletion|HGNC|HGNC:10926||2|P2|CCDS11713.1|ENSP00000463434|O15375.171||UPI0000000DC7|O15375-1|NM_001271765.2|||||||||||||||||||||1|1|||||||,-|frameshift_variant|HIGH|ARMC7|ENSG00000125449|Transcript|ENST00000581078|protein_coding|2/3||ENST00000581078.1:c.120del|ENSP00000462962.1:p.Ala41ProfsTer50|457|120|40|L/X|ctC/ct|COSV55462348||1||deletion|HGNC|HGNC:26168||2||CCDS77107.1|ENSP00000462962|Q9H6L4.145||UPI00017A7E8E|Q9H6L4-2|NM_001304271.2|||PANTHER:PTHR46263:SF1&PANTHER:PTHR46263||||||||||||||||||1|1|||||||,-|frameshift_variant|HIGH|ARMC7|ENSG00000125449|Transcript|ENST00000582136|protein_coding|2/3||ENST00000582136.5:c.120del|ENSP00000462642.1:p.Ala41ProfsTer45|431|120|40|L/X|ctC/ct|COSV55462348||1||deletion|HGNC|HGNC:26168||2||CCDS77108.1|ENSP00000462642||J3KST7.64|UPI000020020F||NM_001304273.2|||PANTHER:PTHR46263:SF1&PANTHER:PTHR46263&Gene3D:1.25.10.10&Superfamily:SSF48371||||||||||||||||||1|1|||||||,-|frameshift_variant|HIGH|ARMC7|ENSG00000125449|Transcript|ENST00000584947|protein_coding|2/3||ENST00000584947.1:c.120del|ENSP00000462939.1:p.Ala41ProfsTer68|228|120|40|L/X|ctC/ct|COSV55462348||1||deletion|HGNC|HGNC:26168||3||CCDS77109.1|ENSP00000462939||J3KTE5.65|UPI000020020E||NM_001304272.2|||PANTHER:PTHR46263:SF1&PANTHER:PTHR46263&Gene3D:1.25.10.10&Superfamily:SSF48371||||||||||||||||||1|1|||||||,-|regulatory_region_variant|MODIFIER|||RegulatoryFeature|ENSR00000098322|promoter||||||||||COSV55462348||||deletion|||||||||||||||||||||||||||||||||1|1|||||||	GT:AD:DP	0/1:75,13:.	C/-	17:75110491	-	ENSG00000125449	ENST00000581078	Transcript	frameshift_variant	HIGH	457	120	40	L/X	ctC/ct	COSV55462348									ARMC7								deletion	c.120del	p.Ala41ProfsTer50					IPR016024: Armadillo-type fold	171 / 49097025	0	0.3125	TSG
17	75110491		C	-	.	.	CSQ=-|frameshift_variant|HIGH|ARMC7|ENSG00000125449|Transcript|ENST00000245543|protein_coding|2/3||ENST00000245543.6:c.120del|ENSP00000245543.1:p.Ala41ProfsTer85|440|120|40|L/X|ctC/ct|COSV55462348||1||deletion|HGNC|HGNC:26168|YES|1|P1|CCDS11714.1|ENSP00000245543|Q9H6L4.145||UPI000007003E|Q9H6L4-1|NM_024585.4|||PDB-ENSP_mappings:7dvq.K&PANTHER:PTHR46263&PANTHER:PTHR46263:SF1&Gene3D:1.25.10.10&Superfamily:SSF48371&AFDB-ENSP_mappings:AF-Q9H6L4-F1.A||||||||||||||||||1|1|||||||,-|downstream_gene_variant|MODIFIER|SLC16A5|ENSG00000170190|Transcript|ENST00000329783|protein_coding||||||||||COSV55462348|4329|1||deletion|HGNC|HGNC:10926|YES|1|P2|CCDS11713.1|ENSP00000330141|O15375.171||UPI0000000DC7|O15375-1|NM_001369668.1&NM_004695.4|||||||||||||||||||||1|1|||||||,-|downstream_gene_variant|MODIFIER|SLC16A5|ENSG00000170190|Transcript|ENST00000450736|protein_coding||||||||||COSV55462348|4340|1||deletion|HGNC|HGNC:10926||1|P2|CCDS11713.1|ENSP00000390564|O15375.171||UPI0000000DC7|O15375-1||||||||||||||||||||||1|1|||||||,-|upstream_gene_variant|MODIFIER|ARMC7|ENSG00000125449|Transcript|ENST00000579096|protein_coding_CDS_not_defined||||||||||COSV55462348|3800|1||deletion|HGNC|HGNC:26168||1|||||||||||||||||||||||||||||1|1|||||||,-|downstream_gene_variant|MODIFIER|SLC16A5|ENSG00000170190|Transcript|ENST00000580123|protein_coding||||||||||COSV55462348|4329|1||deletion|HGNC|HGNC:10926||2|P2|CCDS11713.1|ENSP00000463434|O15375.171||UPI0000000DC7|O15375-1|NM_001271765.2|||||||||||||||||||||1|1|||||||,-|frameshift_variant|HIGH|ARMC7|ENSG00000125449|Transcript|ENST00000581078|protein_coding|2/3||ENST00000581078.1:c.120del|ENSP00000462962.1:p.Ala41ProfsTer50|457|120|40|L/X|ctC/ct|COSV55462348||1||deletion|HGNC|HGNC:26168||2||CCDS77107.1|ENSP00000462962|Q9H6L4.145||UPI00017A7E8E|Q9H6L4-2|NM_001304271.2|||PANTHER:PTHR46263:SF1&PANTHER:PTHR46263||||||||||||||||||1|1|||||||,-|frameshift_variant|HIGH|ARMC7|ENSG00000125449|Transcript|ENST00000582136|protein_coding|2/3||ENST00000582136.5:c.120del|ENSP00000462642.1:p.Ala41ProfsTer45|431|120|40|L/X|ctC/ct|COSV55462348||1||deletion|HGNC|HGNC:26168||2||CCDS77108.1|ENSP00000462642||J3KST7.64|UPI000020020F||NM_001304273.2|||PANTHER:PTHR46263:SF1&PANTHER:PTHR46263&Gene3D:1.25.10.10&Superfamily:SSF48371||||||||||||||||||1|1|||||||,-|frameshift_variant|HIGH|ARMC7|ENSG00000125449|Transcript|ENST00000584947|protein_coding|2/3||ENST00000584947.1:c.120del|ENSP00000462939.1:p.Ala41ProfsTer68|228|120|40|L/X|ctC/ct|COSV55462348||1||deletion|HGNC|HGNC:26168||3||CCDS77109.1|ENSP00000462939||J3KTE5.65|UPI000020020E||NM_001304272.2|||PANTHER:PTHR46263:SF1&PANTHER:PTHR46263&Gene3D:1.25.10.10&Superfamily:SSF48371||||||||||||||||||1|1|||||||,-|regulatory_region_variant|MODIFIER|||RegulatoryFeature|ENSR00000098322|promoter||||||||||COSV55462348||||deletion|||||||||||||||||||||||||||||||||1|1|||||||	GT:AD:DP	0/1:75,13:.	C/-	17:75110491	-	ENSG00000125449	ENST00000582136	Transcript	frameshift_variant	HIGH	431	120	40	L/X	ctC/ct	COSV55462348									ARMC7								deletion	c.120del	p.Ala41ProfsTer45					IPR016024: Armadillo-type fold	171 / 49097025	0	0.3125	TSG
17	75110491		C	-	.	.	CSQ=-|frameshift_variant|HIGH|ARMC7|ENSG00000125449|Transcript|ENST00000245543|protein_coding|2/3||ENST00000245543.6:c.120del|ENSP00000245543.1:p.Ala41ProfsTer85|440|120|40|L/X|ctC/ct|COSV55462348||1||deletion|HGNC|HGNC:26168|YES|1|P1|CCDS11714.1|ENSP00000245543|Q9H6L4.145||UPI000007003E|Q9H6L4-1|NM_024585.4|||PDB-ENSP_mappings:7dvq.K&PANTHER:PTHR46263&PANTHER:PTHR46263:SF1&Gene3D:1.25.10.10&Superfamily:SSF48371&AFDB-ENSP_mappings:AF-Q9H6L4-F1.A||||||||||||||||||1|1|||||||,-|downstream_gene_variant|MODIFIER|SLC16A5|ENSG00000170190|Transcript|ENST00000329783|protein_coding||||||||||COSV55462348|4329|1||deletion|HGNC|HGNC:10926|YES|1|P2|CCDS11713.1|ENSP00000330141|O15375.171||UPI0000000DC7|O15375-1|NM_001369668.1&NM_004695.4|||||||||||||||||||||1|1|||||||,-|downstream_gene_variant|MODIFIER|SLC16A5|ENSG00000170190|Transcript|ENST00000450736|protein_coding||||||||||COSV55462348|4340|1||deletion|HGNC|HGNC:10926||1|P2|CCDS11713.1|ENSP00000390564|O15375.171||UPI0000000DC7|O15375-1||||||||||||||||||||||1|1|||||||,-|upstream_gene_variant|MODIFIER|ARMC7|ENSG00000125449|Transcript|ENST00000579096|protein_coding_CDS_not_defined||||||||||COSV55462348|3800|1||deletion|HGNC|HGNC:26168||1|||||||||||||||||||||||||||||1|1|||||||,-|downstream_gene_variant|MODIFIER|SLC16A5|ENSG00000170190|Transcript|ENST00000580123|protein_coding||||||||||COSV55462348|4329|1||deletion|HGNC|HGNC:10926||2|P2|CCDS11713.1|ENSP00000463434|O15375.171||UPI0000000DC7|O15375-1|NM_001271765.2|||||||||||||||||||||1|1|||||||,-|frameshift_variant|HIGH|ARMC7|ENSG00000125449|Transcript|ENST00000581078|protein_coding|2/3||ENST00000581078.1:c.120del|ENSP00000462962.1:p.Ala41ProfsTer50|457|120|40|L/X|ctC/ct|COSV55462348||1||deletion|HGNC|HGNC:26168||2||CCDS77107.1|ENSP00000462962|Q9H6L4.145||UPI00017A7E8E|Q9H6L4-2|NM_001304271.2|||PANTHER:PTHR46263:SF1&PANTHER:PTHR46263||||||||||||||||||1|1|||||||,-|frameshift_variant|HIGH|ARMC7|ENSG00000125449|Transcript|ENST00000582136|protein_coding|2/3||ENST00000582136.5:c.120del|ENSP00000462642.1:p.Ala41ProfsTer45|431|120|40|L/X|ctC/ct|COSV55462348||1||deletion|HGNC|HGNC:26168||2||CCDS77108.1|ENSP00000462642||J3KST7.64|UPI000020020F||NM_001304273.2|||PANTHER:PTHR46263:SF1&PANTHER:PTHR46263&Gene3D:1.25.10.10&Superfamily:SSF48371||||||||||||||||||1|1|||||||,-|frameshift_variant|HIGH|ARMC7|ENSG00000125449|Transcript|ENST00000584947|protein_coding|2/3||ENST00000584947.1:c.120del|ENSP00000462939.1:p.Ala41ProfsTer68|228|120|40|L/X|ctC/ct|COSV55462348||1||deletion|HGNC|HGNC:26168||3||CCDS77109.1|ENSP00000462939||J3KTE5.65|UPI000020020E||NM_001304272.2|||PANTHER:PTHR46263:SF1&PANTHER:PTHR46263&Gene3D:1.25.10.10&Superfamily:SSF48371||||||||||||||||||1|1|||||||,-|regulatory_region_variant|MODIFIER|||RegulatoryFeature|ENSR00000098322|promoter||||||||||COSV55462348||||deletion|||||||||||||||||||||||||||||||||1|1|||||||	GT:AD:DP	0/1:75,13:.	C/-	17:75110491	-	ENSG00000125449	ENST00000584947	Transcript	frameshift_variant	HIGH	228	120	40	L/X	ctC/ct	COSV55462348									ARMC7								deletion	c.120del	p.Ala41ProfsTer68					IPR016024: Armadillo-type fold	171 / 49097025	0	0.3125	TSG
17	75110491		C	-	.	.	CSQ=-|frameshift_variant|HIGH|ARMC7|ENSG00000125449|Transcript|ENST00000245543|protein_coding|2/3||ENST00000245543.6:c.120del|ENSP00000245543.1:p.Ala41ProfsTer85|440|120|40|L/X|ctC/ct|COSV55462348||1||deletion|HGNC|HGNC:26168|YES|1|P1|CCDS11714.1|ENSP00000245543|Q9H6L4.145||UPI000007003E|Q9H6L4-1|NM_024585.4|||PDB-ENSP_mappings:7dvq.K&PANTHER:PTHR46263&PANTHER:PTHR46263:SF1&Gene3D:1.25.10.10&Superfamily:SSF48371&AFDB-ENSP_mappings:AF-Q9H6L4-F1.A||||||||||||||||||1|1|||||||,-|downstream_gene_variant|MODIFIER|SLC16A5|ENSG00000170190|Transcript|ENST00000329783|protein_coding||||||||||COSV55462348|4329|1||deletion|HGNC|HGNC:10926|YES|1|P2|CCDS11713.1|ENSP00000330141|O15375.171||UPI0000000DC7|O15375-1|NM_001369668.1&NM_004695.4|||||||||||||||||||||1|1|||||||,-|downstream_gene_variant|MODIFIER|SLC16A5|ENSG00000170190|Transcript|ENST00000450736|protein_coding||||||||||COSV55462348|4340|1||deletion|HGNC|HGNC:10926||1|P2|CCDS11713.1|ENSP00000390564|O15375.171||UPI0000000DC7|O15375-1||||||||||||||||||||||1|1|||||||,-|upstream_gene_variant|MODIFIER|ARMC7|ENSG00000125449|Transcript|ENST00000579096|protein_coding_CDS_not_defined||||||||||COSV55462348|3800|1||deletion|HGNC|HGNC:26168||1|||||||||||||||||||||||||||||1|1|||||||,-|downstream_gene_variant|MODIFIER|SLC16A5|ENSG00000170190|Transcript|ENST00000580123|protein_coding||||||||||COSV55462348|4329|1||deletion|HGNC|HGNC:10926||2|P2|CCDS11713.1|ENSP00000463434|O15375.171||UPI0000000DC7|O15375-1|NM_001271765.2|||||||||||||||||||||1|1|||||||,-|frameshift_variant|HIGH|ARMC7|ENSG00000125449|Transcript|ENST00000581078|protein_coding|2/3||ENST00000581078.1:c.120del|ENSP00000462962.1:p.Ala41ProfsTer50|457|120|40|L/X|ctC/ct|COSV55462348||1||deletion|HGNC|HGNC:26168||2||CCDS77107.1|ENSP00000462962|Q9H6L4.145||UPI00017A7E8E|Q9H6L4-2|NM_001304271.2|||PANTHER:PTHR46263:SF1&PANTHER:PTHR46263||||||||||||||||||1|1|||||||,-|frameshift_variant|HIGH|ARMC7|ENSG00000125449|Transcript|ENST00000582136|protein_coding|2/3||ENST00000582136.5:c.120del|ENSP00000462642.1:p.Ala41ProfsTer45|431|120|40|L/X|ctC/ct|COSV55462348||1||deletion|HGNC|HGNC:26168||2||CCDS77108.1|ENSP00000462642||J3KST7.64|UPI000020020F||NM_001304273.2|||PANTHER:PTHR46263:SF1&PANTHER:PTHR46263&Gene3D:1.25.10.10&Superfamily:SSF48371||||||||||||||||||1|1|||||||,-|frameshift_variant|HIGH|ARMC7|ENSG00000125449|Transcript|ENST00000584947|protein_coding|2/3||ENST00000584947.1:c.120del|ENSP00000462939.1:p.Ala41ProfsTer68|228|120|40|L/X|ctC/ct|COSV55462348||1||deletion|HGNC|HGNC:26168||3||CCDS77109.1|ENSP00000462939||J3KTE5.65|UPI000020020E||NM_001304272.2|||PANTHER:PTHR46263:SF1&PANTHER:PTHR46263&Gene3D:1.25.10.10&Superfamily:SSF48371||||||||||||||||||1|1|||||||,-|regulatory_region_variant|MODIFIER|||RegulatoryFeature|ENSR00000098322|promoter||||||||||COSV55462348||||deletion|||||||||||||||||||||||||||||||||1|1|||||||	GT:AD:DP	0/1:75,13:.	C/-	17:75110491	-		ENSR00000098322	RegulatoryFeature	regulatory_region_variant	MODIFIER						COSV55462348																	deletion								0	0	0.1250	UNCLASSIFIED
19	8888747		G	T	.	.	CSQ=T|stop_gained|HIGH|MUC16|ENSG00000181143|Transcript|ENST00000397910|protein_coding|56/84||ENST00000397910.8:c.40752C>A|ENSP00000381008.2:p.Tyr13584Ter|40956|40752|13584|Y/*|taC/taA|rs1289342178&COSV101110043&COSV66696200||-1||SNV|HGNC|HGNC:15582|YES|5|P1|CCDS54212.1|ENSP00000381008|Q8WXI7.145||UPI000065CA24||NM_024690.2|||Gene3D:3.30.70.960&AFDB-ENSP_mappings:AF-Q8WXI7-F62.A&AFDB-ENSP_mappings:AF-Q8WXI7-F63.A&AFDB-ENSP_mappings:AF-Q8WXI7-F64.A&AFDB-ENSP_mappings:AF-Q8WXI7-F65.A&AFDB-ENSP_mappings:AF-Q8WXI7-F66.A&AFDB-ENSP_mappings:AF-Q8WXI7-F67.A&Pfam:PF01390&PROSITE_profiles:PS50024&PANTHER:PTHR14672&SMART:SM00200&Superfamily:SSF82671||||||||0|0|0|0|0|0|0|0|0||0&1&1|0&1&1||||||57|10.393360,T|stop_gained&NMD_transcript_variant|HIGH|MUC16|ENSG00000181143|Transcript|ENST00000596768|nonsense_mediated_decay|6/28||ENST00000596768.5:c.612C>A|ENSP00000472883.1:p.Tyr204Ter|610|612|204|Y/*|taC/taA|rs1289342178&COSV101110043&COSV66696200||-1|cds_start_NF|SNV|HGNC|HGNC:15582||5|||ENSP00000472883||M0R2Y5.42||||||||||||||0|0|0|0|0|0|0|0|0||0&1&1|0&1&1||||||57|10.393360,T|stop_gained|HIGH|MUC16|ENSG00000181143|Transcript|ENST00000599436|protein_coding|13/40||ENST00000599436.1:c.1272C>A|ENSP00000472781.1:p.Tyr424Ter|1271|1272|424|Y/*|taC/taA|rs1289342178&COSV101110043&COSV66696200||-1|cds_start_NF|SNV|HGNC|HGNC:15582||5|||ENSP00000472781||M0R2S7.43||||||Gene3D:3.30.70.960&Pfam:PF01390&PROSITE_profiles:PS50024&PANTHER:PTHR14672&Superfamily:SSF82671||||||||0|0|0|0|0|0|0|0|0||0&1&1|0&1&1||||||57|10.393360,T|stop_gained&NMD_transcript_variant|HIGH|MUC16|ENSG00000181143|Transcript|ENST00000601404|nonsense_mediated_decay|13/40||ENST00000601404.5:c.1272C>A|ENSP00000470885.1:p.Tyr424Ter|1271|1272|424|Y/*|taC/taA|rs1289342178&COSV101110043&COSV66696200||-1|cds_start_NF|SNV|HGNC|HGNC:15582||5|||ENSP00000470885||M0QZZ9.43||||||||||||||0|0|0|0|0|0|0|0|0||0&1&1|0&1&1||||||57|10.393360	GT:AD:DP	0/1:237,27:.	G/T	19:8888747	T	ENSG00000181143	ENST00000397910	Transcript	stop_gained	HIGH	40956	40752	13584	Y/*	taC/taA	rs1289342178,COSV101110043,COSV66696200		P1					57	10.393360	MUC16	CGC:ONC	COSV101110043						SNV	c.40752C>A	p.Tyr13584Ter					Mutation previous last protein domain	7113 / 49097025	1 / 49097025	0.5040	ONC
19	8888747		G	T	.	.	CSQ=T|stop_gained|HIGH|MUC16|ENSG00000181143|Transcript|ENST00000397910|protein_coding|56/84||ENST00000397910.8:c.40752C>A|ENSP00000381008.2:p.Tyr13584Ter|40956|40752|13584|Y/*|taC/taA|rs1289342178&COSV101110043&COSV66696200||-1||SNV|HGNC|HGNC:15582|YES|5|P1|CCDS54212.1|ENSP00000381008|Q8WXI7.145||UPI000065CA24||NM_024690.2|||Gene3D:3.30.70.960&AFDB-ENSP_mappings:AF-Q8WXI7-F62.A&AFDB-ENSP_mappings:AF-Q8WXI7-F63.A&AFDB-ENSP_mappings:AF-Q8WXI7-F64.A&AFDB-ENSP_mappings:AF-Q8WXI7-F65.A&AFDB-ENSP_mappings:AF-Q8WXI7-F66.A&AFDB-ENSP_mappings:AF-Q8WXI7-F67.A&Pfam:PF01390&PROSITE_profiles:PS50024&PANTHER:PTHR14672&SMART:SM00200&Superfamily:SSF82671||||||||0|0|0|0|0|0|0|0|0||0&1&1|0&1&1||||||57|10.393360,T|stop_gained&NMD_transcript_variant|HIGH|MUC16|ENSG00000181143|Transcript|ENST00000596768|nonsense_mediated_decay|6/28||ENST00000596768.5:c.612C>A|ENSP00000472883.1:p.Tyr204Ter|610|612|204|Y/*|taC/taA|rs1289342178&COSV101110043&COSV66696200||-1|cds_start_NF|SNV|HGNC|HGNC:15582||5|||ENSP00000472883||M0R2Y5.42||||||||||||||0|0|0|0|0|0|0|0|0||0&1&1|0&1&1||||||57|10.393360,T|stop_gained|HIGH|MUC16|ENSG00000181143|Transcript|ENST00000599436|protein_coding|13/40||ENST00000599436.1:c.1272C>A|ENSP00000472781.1:p.Tyr424Ter|1271|1272|424|Y/*|taC/taA|rs1289342178&COSV101110043&COSV66696200||-1|cds_start_NF|SNV|HGNC|HGNC:15582||5|||ENSP00000472781||M0R2S7.43||||||Gene3D:3.30.70.960&Pfam:PF01390&PROSITE_profiles:PS50024&PANTHER:PTHR14672&Superfamily:SSF82671||||||||0|0|0|0|0|0|0|0|0||0&1&1|0&1&1||||||57|10.393360,T|stop_gained&NMD_transcript_variant|HIGH|MUC16|ENSG00000181143|Transcript|ENST00000601404|nonsense_mediated_decay|13/40||ENST00000601404.5:c.1272C>A|ENSP00000470885.1:p.Tyr424Ter|1271|1272|424|Y/*|taC/taA|rs1289342178&COSV101110043&COSV66696200||-1|cds_start_NF|SNV|HGNC|HGNC:15582||5|||ENSP00000470885||M0QZZ9.43||||||||||||||0|0|0|0|0|0|0|0|0||0&1&1|0&1&1||||||57|10.393360	GT:AD:DP	0/1:237,27:.	G/T	19:8888747	T	ENSG00000181143	ENST00000596768	Transcript	stop_gained,NMD_transcript_variant	HIGH	610	612	204	Y/*	taC/taA	rs1289342178,COSV101110043,COSV66696200							57	10.393360	MUC16	CGC:ONC							SNV	c.612C>A	p.Tyr204Ter					Mutation previous last protein domain	7113 / 49097025	0	0.4415	ONC
19	8888747		G	T	.	.	CSQ=T|stop_gained|HIGH|MUC16|ENSG00000181143|Transcript|ENST00000397910|protein_coding|56/84||ENST00000397910.8:c.40752C>A|ENSP00000381008.2:p.Tyr13584Ter|40956|40752|13584|Y/*|taC/taA|rs1289342178&COSV101110043&COSV66696200||-1||SNV|HGNC|HGNC:15582|YES|5|P1|CCDS54212.1|ENSP00000381008|Q8WXI7.145||UPI000065CA24||NM_024690.2|||Gene3D:3.30.70.960&AFDB-ENSP_mappings:AF-Q8WXI7-F62.A&AFDB-ENSP_mappings:AF-Q8WXI7-F63.A&AFDB-ENSP_mappings:AF-Q8WXI7-F64.A&AFDB-ENSP_mappings:AF-Q8WXI7-F65.A&AFDB-ENSP_mappings:AF-Q8WXI7-F66.A&AFDB-ENSP_mappings:AF-Q8WXI7-F67.A&Pfam:PF01390&PROSITE_profiles:PS50024&PANTHER:PTHR14672&SMART:SM00200&Superfamily:SSF82671||||||||0|0|0|0|0|0|0|0|0||0&1&1|0&1&1||||||57|10.393360,T|stop_gained&NMD_transcript_variant|HIGH|MUC16|ENSG00000181143|Transcript|ENST00000596768|nonsense_mediated_decay|6/28||ENST00000596768.5:c.612C>A|ENSP00000472883.1:p.Tyr204Ter|610|612|204|Y/*|taC/taA|rs1289342178&COSV101110043&COSV66696200||-1|cds_start_NF|SNV|HGNC|HGNC:15582||5|||ENSP00000472883||M0R2Y5.42||||||||||||||0|0|0|0|0|0|0|0|0||0&1&1|0&1&1||||||57|10.393360,T|stop_gained|HIGH|MUC16|ENSG00000181143|Transcript|ENST00000599436|protein_coding|13/40||ENST00000599436.1:c.1272C>A|ENSP00000472781.1:p.Tyr424Ter|1271|1272|424|Y/*|taC/taA|rs1289342178&COSV101110043&COSV66696200||-1|cds_start_NF|SNV|HGNC|HGNC:15582||5|||ENSP00000472781||M0R2S7.43||||||Gene3D:3.30.70.960&Pfam:PF01390&PROSITE_profiles:PS50024&PANTHER:PTHR14672&Superfamily:SSF82671||||||||0|0|0|0|0|0|0|0|0||0&1&1|0&1&1||||||57|10.393360,T|stop_gained&NMD_transcript_variant|HIGH|MUC16|ENSG00000181143|Transcript|ENST00000601404|nonsense_mediated_decay|13/40||ENST00000601404.5:c.1272C>A|ENSP00000470885.1:p.Tyr424Ter|1271|1272|424|Y/*|taC/taA|rs1289342178&COSV101110043&COSV66696200||-1|cds_start_NF|SNV|HGNC|HGNC:15582||5|||ENSP00000470885||M0QZZ9.43||||||||||||||0|0|0|0|0|0|0|0|0||0&1&1|0&1&1||||||57|10.393360	GT:AD:DP	0/1:237,27:.	G/T	19:8888747	T	ENSG00000181143	ENST00000599436	Transcript	stop_gained	HIGH	1271	1272	424	Y/*	taC/taA	rs1289342178,COSV101110043,COSV66696200							57	10.393360	MUC16	CGC:ONC							SNV	c.1272C>A	p.Tyr424Ter					Mutation previous last protein domain	7113 / 49097025	0	0.4415	ONC
19	8888747		G	T	.	.	CSQ=T|stop_gained|HIGH|MUC16|ENSG00000181143|Transcript|ENST00000397910|protein_coding|56/84||ENST00000397910.8:c.40752C>A|ENSP00000381008.2:p.Tyr13584Ter|40956|40752|13584|Y/*|taC/taA|rs1289342178&COSV101110043&COSV66696200||-1||SNV|HGNC|HGNC:15582|YES|5|P1|CCDS54212.1|ENSP00000381008|Q8WXI7.145||UPI000065CA24||NM_024690.2|||Gene3D:3.30.70.960&AFDB-ENSP_mappings:AF-Q8WXI7-F62.A&AFDB-ENSP_mappings:AF-Q8WXI7-F63.A&AFDB-ENSP_mappings:AF-Q8WXI7-F64.A&AFDB-ENSP_mappings:AF-Q8WXI7-F65.A&AFDB-ENSP_mappings:AF-Q8WXI7-F66.A&AFDB-ENSP_mappings:AF-Q8WXI7-F67.A&Pfam:PF01390&PROSITE_profiles:PS50024&PANTHER:PTHR14672&SMART:SM00200&Superfamily:SSF82671||||||||0|0|0|0|0|0|0|0|0||0&1&1|0&1&1||||||57|10.393360,T|stop_gained&NMD_transcript_variant|HIGH|MUC16|ENSG00000181143|Transcript|ENST00000596768|nonsense_mediated_decay|6/28||ENST00000596768.5:c.612C>A|ENSP00000472883.1:p.Tyr204Ter|610|612|204|Y/*|taC/taA|rs1289342178&COSV101110043&COSV66696200||-1|cds_start_NF|SNV|HGNC|HGNC:15582||5|||ENSP00000472883||M0R2Y5.42||||||||||||||0|0|0|0|0|0|0|0|0||0&1&1|0&1&1||||||57|10.393360,T|stop_gained|HIGH|MUC16|ENSG00000181143|Transcript|ENST00000599436|protein_coding|13/40||ENST00000599436.1:c.1272C>A|ENSP00000472781.1:p.Tyr424Ter|1271|1272|424|Y/*|taC/taA|rs1289342178&COSV101110043&COSV66696200||-1|cds_start_NF|SNV|HGNC|HGNC:15582||5|||ENSP00000472781||M0R2S7.43||||||Gene3D:3.30.70.960&Pfam:PF01390&PROSITE_profiles:PS50024&PANTHER:PTHR14672&Superfamily:SSF82671||||||||0|0|0|0|0|0|0|0|0||0&1&1|0&1&1||||||57|10.393360,T|stop_gained&NMD_transcript_variant|HIGH|MUC16|ENSG00000181143|Transcript|ENST00000601404|nonsense_mediated_decay|13/40||ENST00000601404.5:c.1272C>A|ENSP00000470885.1:p.Tyr424Ter|1271|1272|424|Y/*|taC/taA|rs1289342178&COSV101110043&COSV66696200||-1|cds_start_NF|SNV|HGNC|HGNC:15582||5|||ENSP00000470885||M0QZZ9.43||||||||||||||0|0|0|0|0|0|0|0|0||0&1&1|0&1&1||||||57|10.393360	GT:AD:DP	0/1:237,27:.	G/T	19:8888747	T	ENSG00000181143	ENST00000601404	Transcript	stop_gained,NMD_transcript_variant	HIGH	1271	1272	424	Y/*	taC/taA	rs1289342178,COSV101110043,COSV66696200							57	10.393360	MUC16	CGC:ONC							SNV	c.1272C>A	p.Tyr424Ter					Mutation previous last protein domain	7113 / 49097025	0	0.4415	ONC
3	147277290		A	-	.	.	CSQ=-|downstream_gene_variant|MODIFIER|RPL21P71|ENSG00000239412|Transcript|ENST00000465598|processed_pseudogene||||||||||rs755958043|38|1||deletion|HGNC|HGNC:36049|YES|||||||||||||||||||||||||||||||||||||2.882|0.107531,-|intron_variant&non_coding_transcript_variant|MODIFIER||ENSG00000243620|Transcript|ENST00000473299|lncRNA||2/5|ENST00000473299.1:n.132+92878del|||||||rs755958043||-1||deletion|||YES|4||||||||||||||||||||||||||||||||||||2.882|0.107531,-|intron_variant&non_coding_transcript_variant|MODIFIER||ENSG00000243620|Transcript|ENST00000670466|lncRNA||2/3|ENST00000670466.1:n.180+92878del|||||||rs755958043||-1||deletion||||||||||||||||||||||||||||||||||||||||2.882|0.107531	GT:AD:DP	0/1:5,3:.	A/-	3:147277290	-	ENSG00000239412	ENST00000465598	Transcript	downstream_gene_variant	MODIFIER						rs755958043							2.882	0.107531	RPL21P71								deletion								0	0	0.1250	UNCLASSIFIED
3	147277290		A	-	.	.	CSQ=-|downstream_gene_variant|MODIFIER|RPL21P71|ENSG00000239412|Transcript|ENST00000465598|processed_pseudogene||||||||||rs755958043|38|1||deletion|HGNC|HGNC:36049|YES|||||||||||||||||||||||||||||||||||||2.882|0.107531,-|intron_variant&non_coding_transcript_variant|MODIFIER||ENSG00000243620|Transcript|ENST00000473299|lncRNA||2/5|ENST00000473299.1:n.132+92878del|||||||rs755958043||-1||deletion|||YES|4||||||||||||||||||||||||||||||||||||2.882|0.107531,-|intron_variant&non_coding_transcript_variant|MODIFIER||ENSG00000243620|Transcript|ENST00000670466|lncRNA||2/3|ENST00000670466.1:n.180+92878del|||||||rs755958043||-1||deletion||||||||||||||||||||||||||||||||||||||||2.882|0.107531	GT:AD:DP	0/1:5,3:.	A/-	3:147277290	-	ENSG00000243620	ENST00000473299	Transcript	intron_variant,non_coding_transcript_variant	MODIFIER						rs755958043							2.882	0.107531									deletion	n.132+92878del							0	0	0.1250	UNCLASSIFIED
3	147277290		A	-	.	.	CSQ=-|downstream_gene_variant|MODIFIER|RPL21P71|ENSG00000239412|Transcript|ENST00000465598|processed_pseudogene||||||||||rs755958043|38|1||deletion|HGNC|HGNC:36049|YES|||||||||||||||||||||||||||||||||||||2.882|0.107531,-|intron_variant&non_coding_transcript_variant|MODIFIER||ENSG00000243620|Transcript|ENST00000473299|lncRNA||2/5|ENST00000473299.1:n.132+92878del|||||||rs755958043||-1||deletion|||YES|4||||||||||||||||||||||||||||||||||||2.882|0.107531,-|intron_variant&non_coding_transcript_variant|MODIFIER||ENSG00000243620|Transcript|ENST00000670466|lncRNA||2/3|ENST00000670466.1:n.180+92878del|||||||rs755958043||-1||deletion||||||||||||||||||||||||||||||||||||||||2.882|0.107531	GT:AD:DP	0/1:5,3:.	A/-	3:147277290	-	ENSG00000243620	ENST00000670466	Transcript	intron_variant,non_coding_transcript_variant	MODIFIER						rs755958043							2.882	0.107531									deletion	n.180+92878del							0	0	0.1250	UNCLASSIFIED
5	32780757		GACC	-	.	.	CSQ=-|frameshift_variant|HIGH|NPR3|ENSG00000113389|Transcript|ENST00000265074|protein_coding|5/8||ENST00000265074.13:c.1233_1236del|ENSP00000265074.8:p.Arg412MetfsTer6|1687-1690|1231-1234|411-412|DR/X|GACCga/ga|||1||deletion|HGNC|HGNC:7945|YES|1|P4|CCDS56357.1|ENSP00000265074|P17342.201||UPI0000125B46|P17342-1|NM_001364458.2&NM_001204375.2|||PDB-ENSP_mappings:1jdn.A&PDB-ENSP_mappings:1jdp.A&PDB-ENSP_mappings:1jdp.B&PDB-ENSP_mappings:1yk0.A&PDB-ENSP_mappings:1yk0.B&PDB-ENSP_mappings:1yk1.A&PDB-ENSP_mappings:1yk1.B&Gene3D:3.40.50.2300&AFDB-ENSP_mappings:AF-P17342-F1.A&Pfam:PF01094&Prints:PR00255&PANTHER:PTHR44755&PANTHER:PTHR44755:SF1&Superfamily:SSF53822&CDD:cd06386|2|||||||||||||||||||||||||,-|frameshift_variant|HIGH|NPR3|ENSG00000113389|Transcript|ENST00000326958|protein_coding|5/8||ENST00000326958.5:c.585_588del|ENSP00000318340.2:p.Arg196MetfsTer6|609-612|583-586|195-196|DR/X|GACCga/ga|||1||deletion|HGNC|HGNC:7945||2||CCDS56356.1|ENSP00000318340|P17342.201||UPI0000E094A2|P17342-3|NM_001204376.2|||Gene3D:3.40.50.2300&Pfam:PF01094&Prints:PR00255&PANTHER:PTHR44755&PANTHER:PTHR44755:SF1&Superfamily:SSF53822|2|||||||||||||||||||||||||,-|frameshift_variant|HIGH|NPR3|ENSG00000113389|Transcript|ENST00000415167|protein_coding|5/8||ENST00000415167.2:c.1233_1236del|ENSP00000398028.2:p.Arg412MetfsTer6|1285-1288|1231-1234|411-412|DR/X|GACCga/ga|||1||deletion|HGNC|HGNC:7945||1|A1|CCDS47196.1|ENSP00000398028|P17342.201|Q60I31.117|UPI000000D75E|P17342-2|NM_000908.4|||PDB-ENSP_mappings:1jdn.A&PDB-ENSP_mappings:1jdp.A&PDB-ENSP_mappings:1jdp.B&PDB-ENSP_mappings:1yk0.A&PDB-ENSP_mappings:1yk0.B&PDB-ENSP_mappings:1yk1.A&PDB-ENSP_mappings:1yk1.B&Gene3D:3.40.50.2300&Pfam:PF01094&Prints:PR00255&PANTHER:PTHR44755&PANTHER:PTHR44755:SF1&Superfamily:SSF53822&CDD:cd06386|2|||||||||||||||||||||||||,-|frameshift_variant|HIGH|NPR3|ENSG00000113389|Transcript|ENST00000434067|protein_coding|5/8||ENST00000434067.6:c.585_588del|ENSP00000388408.2:p.Arg196MetfsTer6|1839-1842|583-586|195-196|DR/X|GACCga/ga|||1||deletion|HGNC|HGNC:7945||5||CCDS87291.1|ENSP00000388408||C9JK69.81|UPI0001D3B197||NM_001363652.2&NM_001364460.2|||Gene3D:3.40.50.2300&Pfam:PF01094&Prints:PR00255&PANTHER:PTHR44755&PANTHER:PTHR44755:SF1&Superfamily:SSF53822|2|||||||||||||||||||||||||,-|non_coding_transcript_exon_variant|MODIFIER|NPR3|ENSG00000113389|Transcript|ENST00000506712|retained_intron|5/6||ENST00000506712.1:n.594_597del||592-595|||||||1||deletion|HGNC|HGNC:7945||1|||||||||||||||||||||||||||||||||||||,-|frameshift_variant|HIGH|NPR3|ENSG00000113389|Transcript|ENST00000509104|protein_coding|5/6||ENST00000509104.5:c.564_567del|ENSP00000425325.1:p.Arg189MetfsTer6|579-582|562-565|188-189|DR/X|GACCga/ga|||1|cds_end_NF|deletion|HGNC|HGNC:7945||2|||ENSP00000425325||D6RDL8.69|UPI0001D3B196|||||Gene3D:3.40.50.2300&Pfam:PF01094&Prints:PR00255&PANTHER:PTHR44755&PANTHER:PTHR44755:SF1&Superfamily:SSF53822|2|||||||||||||||||||||||||,-|regulatory_region_variant|MODIFIER|||RegulatoryFeature|ENSR00001257166|enhancer||||||||||||||deletion|||||||||||||||||||||||||||||||||||||||||,-|TF_binding_site_variant|MODIFIER|||MotifFeature|ENSM00131561060|||||||||||||1||deletion|||||||||||||||||||||||||||||||||||ENSPFM0531|1|N||TEAD4::ELK1||	GT:AD:DP	0/1:145,23:.	GACC/-	5:32780757	-	ENSG00000113389	ENST00000265074	Transcript	frameshift_variant	HIGH	1687-1690	1231-1234	411-412	DR/X	GACCga/ga			P4							NPR3								deletion	c.1233_1236del	p.Arg412MetfsTer6				PF01094.31: Receptor family ligand binding region	IPR028082: Periplasmic binding protein-like I	1037 / 49097025	0	0.3250	TSG
5	32780757		GACC	-	.	.	CSQ=-|frameshift_variant|HIGH|NPR3|ENSG00000113389|Transcript|ENST00000265074|protein_coding|5/8||ENST00000265074.13:c.1233_1236del|ENSP00000265074.8:p.Arg412MetfsTer6|1687-1690|1231-1234|411-412|DR/X|GACCga/ga|||1||deletion|HGNC|HGNC:7945|YES|1|P4|CCDS56357.1|ENSP00000265074|P17342.201||UPI0000125B46|P17342-1|NM_001364458.2&NM_001204375.2|||PDB-ENSP_mappings:1jdn.A&PDB-ENSP_mappings:1jdp.A&PDB-ENSP_mappings:1jdp.B&PDB-ENSP_mappings:1yk0.A&PDB-ENSP_mappings:1yk0.B&PDB-ENSP_mappings:1yk1.A&PDB-ENSP_mappings:1yk1.B&Gene3D:3.40.50.2300&AFDB-ENSP_mappings:AF-P17342-F1.A&Pfam:PF01094&Prints:PR00255&PANTHER:PTHR44755&PANTHER:PTHR44755:SF1&Superfamily:SSF53822&CDD:cd06386|2|||||||||||||||||||||||||,-|frameshift_variant|HIGH|NPR3|ENSG00000113389|Transcript|ENST00000326958|protein_coding|5/8||ENST00000326958.5:c.585_588del|ENSP00000318340.2:p.Arg196MetfsTer6|609-612|583-586|195-196|DR/X|GACCga/ga|||1||deletion|HGNC|HGNC:7945||2||CCDS56356.1|ENSP00000318340|P17342.201||UPI0000E094A2|P17342-3|NM_001204376.2|||Gene3D:3.40.50.2300&Pfam:PF01094&Prints:PR00255&PANTHER:PTHR44755&PANTHER:PTHR44755:SF1&Superfamily:SSF53822|2|||||||||||||||||||||||||,-|frameshift_variant|HIGH|NPR3|ENSG00000113389|Transcript|ENST00000415167|protein_coding|5/8||ENST00000415167.2:c.1233_1236del|ENSP00000398028.2:p.Arg412MetfsTer6|1285-1288|1231-1234|411-412|DR/X|GACCga/ga|||1||deletion|HGNC|HGNC:7945||1|A1|CCDS47196.1|ENSP00000398028|P17342.201|Q60I31.117|UPI000000D75E|P17342-2|NM_000908.4|||PDB-ENSP_mappings:1jdn.A&PDB-ENSP_mappings:1jdp.A&PDB-ENSP_mappings:1jdp.B&PDB-ENSP_mappings:1yk0.A&PDB-ENSP_mappings:1yk0.B&PDB-ENSP_mappings:1yk1.A&PDB-ENSP_mappings:1yk1.B&Gene3D:3.40.50.2300&Pfam:PF01094&Prints:PR00255&PANTHER:PTHR44755&PANTHER:PTHR44755:SF1&Superfamily:SSF53822&CDD:cd06386|2|||||||||||||||||||||||||,-|frameshift_variant|HIGH|NPR3|ENSG00000113389|Transcript|ENST00000434067|protein_coding|5/8||ENST00000434067.6:c.585_588del|ENSP00000388408.2:p.Arg196MetfsTer6|1839-1842|583-586|195-196|DR/X|GACCga/ga|||1||deletion|HGNC|HGNC:7945||5||CCDS87291.1|ENSP00000388408||C9JK69.81|UPI0001D3B197||NM_001363652.2&NM_001364460.2|||Gene3D:3.40.50.2300&Pfam:PF01094&Prints:PR00255&PANTHER:PTHR44755&PANTHER:PTHR44755:SF1&Superfamily:SSF53822|2|||||||||||||||||||||||||,-|non_coding_transcript_exon_variant|MODIFIER|NPR3|ENSG00000113389|Transcript|ENST00000506712|retained_intron|5/6||ENST00000506712.1:n.594_597del||592-595|||||||1||deletion|HGNC|HGNC:7945||1|||||||||||||||||||||||||||||||||||||,-|frameshift_variant|HIGH|NPR3|ENSG00000113389|Transcript|ENST00000509104|protein_coding|5/6||ENST00000509104.5:c.564_567del|ENSP00000425325.1:p.Arg189MetfsTer6|579-582|562-565|188-189|DR/X|GACCga/ga|||1|cds_end_NF|deletion|HGNC|HGNC:7945||2|||ENSP00000425325||D6RDL8.69|UPI0001D3B196|||||Gene3D:3.40.50.2300&Pfam:PF01094&Prints:PR00255&PANTHER:PTHR44755&PANTHER:PTHR44755:SF1&Superfamily:SSF53822|2|||||||||||||||||||||||||,-|regulatory_region_variant|MODIFIER|||RegulatoryFeature|ENSR00001257166|enhancer||||||||||||||deletion|||||||||||||||||||||||||||||||||||||||||,-|TF_binding_site_variant|MODIFIER|||MotifFeature|ENSM00131561060|||||||||||||1||deletion|||||||||||||||||||||||||||||||||||ENSPFM0531|1|N||TEAD4::ELK1||	GT:AD:DP	0/1:145,23:.	GACC/-	5:32780757	-	ENSG00000113389	ENST00000326958	Transcript	frameshift_variant	HIGH	609-612	583-586	195-196	DR/X	GACCga/ga										NPR3								deletion	c.585_588del	p.Arg196MetfsTer6				PF01094.31: Receptor family ligand binding region	IPR028082: Periplasmic binding protein-like I	1037 / 49097025	0	0.3250	TSG
5	32780757		GACC	-	.	.	CSQ=-|frameshift_variant|HIGH|NPR3|ENSG00000113389|Transcript|ENST00000265074|protein_coding|5/8||ENST00000265074.13:c.1233_1236del|ENSP00000265074.8:p.Arg412MetfsTer6|1687-1690|1231-1234|411-412|DR/X|GACCga/ga|||1||deletion|HGNC|HGNC:7945|YES|1|P4|CCDS56357.1|ENSP00000265074|P17342.201||UPI0000125B46|P17342-1|NM_001364458.2&NM_001204375.2|||PDB-ENSP_mappings:1jdn.A&PDB-ENSP_mappings:1jdp.A&PDB-ENSP_mappings:1jdp.B&PDB-ENSP_mappings:1yk0.A&PDB-ENSP_mappings:1yk0.B&PDB-ENSP_mappings:1yk1.A&PDB-ENSP_mappings:1yk1.B&Gene3D:3.40.50.2300&AFDB-ENSP_mappings:AF-P17342-F1.A&Pfam:PF01094&Prints:PR00255&PANTHER:PTHR44755&PANTHER:PTHR44755:SF1&Superfamily:SSF53822&CDD:cd06386|2|||||||||||||||||||||||||,-|frameshift_variant|HIGH|NPR3|ENSG00000113389|Transcript|ENST00000326958|protein_coding|5/8||ENST00000326958.5:c.585_588del|ENSP00000318340.2:p.Arg196MetfsTer6|609-612|583-586|195-196|DR/X|GACCga/ga|||1||deletion|HGNC|HGNC:7945||2||CCDS56356.1|ENSP00000318340|P17342.201||UPI0000E094A2|P17342-3|NM_001204376.2|||Gene3D:3.40.50.2300&Pfam:PF01094&Prints:PR00255&PANTHER:PTHR44755&PANTHER:PTHR44755:SF1&Superfamily:SSF53822|2|||||||||||||||||||||||||,-|frameshift_variant|HIGH|NPR3|ENSG00000113389|Transcript|ENST00000415167|protein_coding|5/8||ENST00000415167.2:c.1233_1236del|ENSP00000398028.2:p.Arg412MetfsTer6|1285-1288|1231-1234|411-412|DR/X|GACCga/ga|||1||deletion|HGNC|HGNC:7945||1|A1|CCDS47196.1|ENSP00000398028|P17342.201|Q60I31.117|UPI000000D75E|P17342-2|NM_000908.4|||PDB-ENSP_mappings:1jdn.A&PDB-ENSP_mappings:1jdp.A&PDB-ENSP_mappings:1jdp.B&PDB-ENSP_mappings:1yk0.A&PDB-ENSP_mappings:1yk0.B&PDB-ENSP_mappings:1yk1.A&PDB-ENSP_mappings:1yk1.B&Gene3D:3.40.50.2300&Pfam:PF01094&Prints:PR00255&PANTHER:PTHR44755&PANTHER:PTHR44755:SF1&Superfamily:SSF53822&CDD:cd06386|2|||||||||||||||||||||||||,-|frameshift_variant|HIGH|NPR3|ENSG00000113389|Transcript|ENST00000434067|protein_coding|5/8||ENST00000434067.6:c.585_588del|ENSP00000388408.2:p.Arg196MetfsTer6|1839-1842|583-586|195-196|DR/X|GACCga/ga|||1||deletion|HGNC|HGNC:7945||5||CCDS87291.1|ENSP00000388408||C9JK69.81|UPI0001D3B197||NM_001363652.2&NM_001364460.2|||Gene3D:3.40.50.2300&Pfam:PF01094&Prints:PR00255&PANTHER:PTHR44755&PANTHER:PTHR44755:SF1&Superfamily:SSF53822|2|||||||||||||||||||||||||,-|non_coding_transcript_exon_variant|MODIFIER|NPR3|ENSG00000113389|Transcript|ENST00000506712|retained_intron|5/6||ENST00000506712.1:n.594_597del||592-595|||||||1||deletion|HGNC|HGNC:7945||1|||||||||||||||||||||||||||||||||||||,-|frameshift_variant|HIGH|NPR3|ENSG00000113389|Transcript|ENST00000509104|protein_coding|5/6||ENST00000509104.5:c.564_567del|ENSP00000425325.1:p.Arg189MetfsTer6|579-582|562-565|188-189|DR/X|GACCga/ga|||1|cds_end_NF|deletion|HGNC|HGNC:7945||2|||ENSP00000425325||D6RDL8.69|UPI0001D3B196|||||Gene3D:3.40.50.2300&Pfam:PF01094&Prints:PR00255&PANTHER:PTHR44755&PANTHER:PTHR44755:SF1&Superfamily:SSF53822|2|||||||||||||||||||||||||,-|regulatory_region_variant|MODIFIER|||RegulatoryFeature|ENSR00001257166|enhancer||||||||||||||deletion|||||||||||||||||||||||||||||||||||||||||,-|TF_binding_site_variant|MODIFIER|||MotifFeature|ENSM00131561060|||||||||||||1||deletion|||||||||||||||||||||||||||||||||||ENSPFM0531|1|N||TEAD4::ELK1||	GT:AD:DP	0/1:145,23:.	GACC/-	5:32780757	-	ENSG00000113389	ENST00000415167	Transcript	frameshift_variant	HIGH	1285-1288	1231-1234	411-412	DR/X	GACCga/ga			A1							NPR3								deletion	c.1233_1236del	p.Arg412MetfsTer6				PF01094.31: Receptor family ligand binding region	IPR028082: Periplasmic binding protein-like I	1037 / 49097025	0	0.3250	TSG
5	32780757		GACC	-	.	.	CSQ=-|frameshift_variant|HIGH|NPR3|ENSG00000113389|Transcript|ENST00000265074|protein_coding|5/8||ENST00000265074.13:c.1233_1236del|ENSP00000265074.8:p.Arg412MetfsTer6|1687-1690|1231-1234|411-412|DR/X|GACCga/ga|||1||deletion|HGNC|HGNC:7945|YES|1|P4|CCDS56357.1|ENSP00000265074|P17342.201||UPI0000125B46|P17342-1|NM_001364458.2&NM_001204375.2|||PDB-ENSP_mappings:1jdn.A&PDB-ENSP_mappings:1jdp.A&PDB-ENSP_mappings:1jdp.B&PDB-ENSP_mappings:1yk0.A&PDB-ENSP_mappings:1yk0.B&PDB-ENSP_mappings:1yk1.A&PDB-ENSP_mappings:1yk1.B&Gene3D:3.40.50.2300&AFDB-ENSP_mappings:AF-P17342-F1.A&Pfam:PF01094&Prints:PR00255&PANTHER:PTHR44755&PANTHER:PTHR44755:SF1&Superfamily:SSF53822&CDD:cd06386|2|||||||||||||||||||||||||,-|frameshift_variant|HIGH|NPR3|ENSG00000113389|Transcript|ENST00000326958|protein_coding|5/8||ENST00000326958.5:c.585_588del|ENSP00000318340.2:p.Arg196MetfsTer6|609-612|583-586|195-196|DR/X|GACCga/ga|||1||deletion|HGNC|HGNC:7945||2||CCDS56356.1|ENSP00000318340|P17342.201||UPI0000E094A2|P17342-3|NM_001204376.2|||Gene3D:3.40.50.2300&Pfam:PF01094&Prints:PR00255&PANTHER:PTHR44755&PANTHER:PTHR44755:SF1&Superfamily:SSF53822|2|||||||||||||||||||||||||,-|frameshift_variant|HIGH|NPR3|ENSG00000113389|Transcript|ENST00000415167|protein_coding|5/8||ENST00000415167.2:c.1233_1236del|ENSP00000398028.2:p.Arg412MetfsTer6|1285-1288|1231-1234|411-412|DR/X|GACCga/ga|||1||deletion|HGNC|HGNC:7945||1|A1|CCDS47196.1|ENSP00000398028|P17342.201|Q60I31.117|UPI000000D75E|P17342-2|NM_000908.4|||PDB-ENSP_mappings:1jdn.A&PDB-ENSP_mappings:1jdp.A&PDB-ENSP_mappings:1jdp.B&PDB-ENSP_mappings:1yk0.A&PDB-ENSP_mappings:1yk0.B&PDB-ENSP_mappings:1yk1.A&PDB-ENSP_mappings:1yk1.B&Gene3D:3.40.50.2300&Pfam:PF01094&Prints:PR00255&PANTHER:PTHR44755&PANTHER:PTHR44755:SF1&Superfamily:SSF53822&CDD:cd06386|2|||||||||||||||||||||||||,-|frameshift_variant|HIGH|NPR3|ENSG00000113389|Transcript|ENST00000434067|protein_coding|5/8||ENST00000434067.6:c.585_588del|ENSP00000388408.2:p.Arg196MetfsTer6|1839-1842|583-586|195-196|DR/X|GACCga/ga|||1||deletion|HGNC|HGNC:7945||5||CCDS87291.1|ENSP00000388408||C9JK69.81|UPI0001D3B197||NM_001363652.2&NM_001364460.2|||Gene3D:3.40.50.2300&Pfam:PF01094&Prints:PR00255&PANTHER:PTHR44755&PANTHER:PTHR44755:SF1&Superfamily:SSF53822|2|||||||||||||||||||||||||,-|non_coding_transcript_exon_variant|MODIFIER|NPR3|ENSG00000113389|Transcript|ENST00000506712|retained_intron|5/6||ENST00000506712.1:n.594_597del||592-595|||||||1||deletion|HGNC|HGNC:7945||1|||||||||||||||||||||||||||||||||||||,-|frameshift_variant|HIGH|NPR3|ENSG00000113389|Transcript|ENST00000509104|protein_coding|5/6||ENST00000509104.5:c.564_567del|ENSP00000425325.1:p.Arg189MetfsTer6|579-582|562-565|188-189|DR/X|GACCga/ga|||1|cds_end_NF|deletion|HGNC|HGNC:7945||2|||ENSP00000425325||D6RDL8.69|UPI0001D3B196|||||Gene3D:3.40.50.2300&Pfam:PF01094&Prints:PR00255&PANTHER:PTHR44755&PANTHER:PTHR44755:SF1&Superfamily:SSF53822|2|||||||||||||||||||||||||,-|regulatory_region_variant|MODIFIER|||RegulatoryFeature|ENSR00001257166|enhancer||||||||||||||deletion|||||||||||||||||||||||||||||||||||||||||,-|TF_binding_site_variant|MODIFIER|||MotifFeature|ENSM00131561060|||||||||||||1||deletion|||||||||||||||||||||||||||||||||||ENSPFM0531|1|N||TEAD4::ELK1||	GT:AD:DP	0/1:145,23:.	GACC/-	5:32780757	-	ENSG00000113389	ENST00000434067	Transcript	frameshift_variant	HIGH	1839-1842	583-586	195-196	DR/X	GACCga/ga										NPR3								deletion	c.585_588del	p.Arg196MetfsTer6				PF01094.31: Receptor family ligand binding region	IPR028082: Periplasmic binding protein-like I	1037 / 49097025	0	0.3250	TSG
5	32780757		GACC	-	.	.	CSQ=-|frameshift_variant|HIGH|NPR3|ENSG00000113389|Transcript|ENST00000265074|protein_coding|5/8||ENST00000265074.13:c.1233_1236del|ENSP00000265074.8:p.Arg412MetfsTer6|1687-1690|1231-1234|411-412|DR/X|GACCga/ga|||1||deletion|HGNC|HGNC:7945|YES|1|P4|CCDS56357.1|ENSP00000265074|P17342.201||UPI0000125B46|P17342-1|NM_001364458.2&NM_001204375.2|||PDB-ENSP_mappings:1jdn.A&PDB-ENSP_mappings:1jdp.A&PDB-ENSP_mappings:1jdp.B&PDB-ENSP_mappings:1yk0.A&PDB-ENSP_mappings:1yk0.B&PDB-ENSP_mappings:1yk1.A&PDB-ENSP_mappings:1yk1.B&Gene3D:3.40.50.2300&AFDB-ENSP_mappings:AF-P17342-F1.A&Pfam:PF01094&Prints:PR00255&PANTHER:PTHR44755&PANTHER:PTHR44755:SF1&Superfamily:SSF53822&CDD:cd06386|2|||||||||||||||||||||||||,-|frameshift_variant|HIGH|NPR3|ENSG00000113389|Transcript|ENST00000326958|protein_coding|5/8||ENST00000326958.5:c.585_588del|ENSP00000318340.2:p.Arg196MetfsTer6|609-612|583-586|195-196|DR/X|GACCga/ga|||1||deletion|HGNC|HGNC:7945||2||CCDS56356.1|ENSP00000318340|P17342.201||UPI0000E094A2|P17342-3|NM_001204376.2|||Gene3D:3.40.50.2300&Pfam:PF01094&Prints:PR00255&PANTHER:PTHR44755&PANTHER:PTHR44755:SF1&Superfamily:SSF53822|2|||||||||||||||||||||||||,-|frameshift_variant|HIGH|NPR3|ENSG00000113389|Transcript|ENST00000415167|protein_coding|5/8||ENST00000415167.2:c.1233_1236del|ENSP00000398028.2:p.Arg412MetfsTer6|1285-1288|1231-1234|411-412|DR/X|GACCga/ga|||1||deletion|HGNC|HGNC:7945||1|A1|CCDS47196.1|ENSP00000398028|P17342.201|Q60I31.117|UPI000000D75E|P17342-2|NM_000908.4|||PDB-ENSP_mappings:1jdn.A&PDB-ENSP_mappings:1jdp.A&PDB-ENSP_mappings:1jdp.B&PDB-ENSP_mappings:1yk0.A&PDB-ENSP_mappings:1yk0.B&PDB-ENSP_mappings:1yk1.A&PDB-ENSP_mappings:1yk1.B&Gene3D:3.40.50.2300&Pfam:PF01094&Prints:PR00255&PANTHER:PTHR44755&PANTHER:PTHR44755:SF1&Superfamily:SSF53822&CDD:cd06386|2|||||||||||||||||||||||||,-|frameshift_variant|HIGH|NPR3|ENSG00000113389|Transcript|ENST00000434067|protein_coding|5/8||ENST00000434067.6:c.585_588del|ENSP00000388408.2:p.Arg196MetfsTer6|1839-1842|583-586|195-196|DR/X|GACCga/ga|||1||deletion|HGNC|HGNC:7945||5||CCDS87291.1|ENSP00000388408||C9JK69.81|UPI0001D3B197||NM_001363652.2&NM_001364460.2|||Gene3D:3.40.50.2300&Pfam:PF01094&Prints:PR00255&PANTHER:PTHR44755&PANTHER:PTHR44755:SF1&Superfamily:SSF53822|2|||||||||||||||||||||||||,-|non_coding_transcript_exon_variant|MODIFIER|NPR3|ENSG00000113389|Transcript|ENST00000506712|retained_intron|5/6||ENST00000506712.1:n.594_597del||592-595|||||||1||deletion|HGNC|HGNC:7945||1|||||||||||||||||||||||||||||||||||||,-|frameshift_variant|HIGH|NPR3|ENSG00000113389|Transcript|ENST00000509104|protein_coding|5/6||ENST00000509104.5:c.564_567del|ENSP00000425325.1:p.Arg189MetfsTer6|579-582|562-565|188-189|DR/X|GACCga/ga|||1|cds_end_NF|deletion|HGNC|HGNC:7945||2|||ENSP00000425325||D6RDL8.69|UPI0001D3B196|||||Gene3D:3.40.50.2300&Pfam:PF01094&Prints:PR00255&PANTHER:PTHR44755&PANTHER:PTHR44755:SF1&Superfamily:SSF53822|2|||||||||||||||||||||||||,-|regulatory_region_variant|MODIFIER|||RegulatoryFeature|ENSR00001257166|enhancer||||||||||||||deletion|||||||||||||||||||||||||||||||||||||||||,-|TF_binding_site_variant|MODIFIER|||MotifFeature|ENSM00131561060|||||||||||||1||deletion|||||||||||||||||||||||||||||||||||ENSPFM0531|1|N||TEAD4::ELK1||	GT:AD:DP	0/1:145,23:.	GACC/-	5:32780757	-	ENSG00000113389	ENST00000506712	Transcript	non_coding_transcript_exon_variant	MODIFIER	592-595														NPR3								deletion	n.594_597del							1037 / 49097025	0	0.1375	UNCLASSIFIED
5	32780757		GACC	-	.	.	CSQ=-|frameshift_variant|HIGH|NPR3|ENSG00000113389|Transcript|ENST00000265074|protein_coding|5/8||ENST00000265074.13:c.1233_1236del|ENSP00000265074.8:p.Arg412MetfsTer6|1687-1690|1231-1234|411-412|DR/X|GACCga/ga|||1||deletion|HGNC|HGNC:7945|YES|1|P4|CCDS56357.1|ENSP00000265074|P17342.201||UPI0000125B46|P17342-1|NM_001364458.2&NM_001204375.2|||PDB-ENSP_mappings:1jdn.A&PDB-ENSP_mappings:1jdp.A&PDB-ENSP_mappings:1jdp.B&PDB-ENSP_mappings:1yk0.A&PDB-ENSP_mappings:1yk0.B&PDB-ENSP_mappings:1yk1.A&PDB-ENSP_mappings:1yk1.B&Gene3D:3.40.50.2300&AFDB-ENSP_mappings:AF-P17342-F1.A&Pfam:PF01094&Prints:PR00255&PANTHER:PTHR44755&PANTHER:PTHR44755:SF1&Superfamily:SSF53822&CDD:cd06386|2|||||||||||||||||||||||||,-|frameshift_variant|HIGH|NPR3|ENSG00000113389|Transcript|ENST00000326958|protein_coding|5/8||ENST00000326958.5:c.585_588del|ENSP00000318340.2:p.Arg196MetfsTer6|609-612|583-586|195-196|DR/X|GACCga/ga|||1||deletion|HGNC|HGNC:7945||2||CCDS56356.1|ENSP00000318340|P17342.201||UPI0000E094A2|P17342-3|NM_001204376.2|||Gene3D:3.40.50.2300&Pfam:PF01094&Prints:PR00255&PANTHER:PTHR44755&PANTHER:PTHR44755:SF1&Superfamily:SSF53822|2|||||||||||||||||||||||||,-|frameshift_variant|HIGH|NPR3|ENSG00000113389|Transcript|ENST00000415167|protein_coding|5/8||ENST00000415167.2:c.1233_1236del|ENSP00000398028.2:p.Arg412MetfsTer6|1285-1288|1231-1234|411-412|DR/X|GACCga/ga|||1||deletion|HGNC|HGNC:7945||1|A1|CCDS47196.1|ENSP00000398028|P17342.201|Q60I31.117|UPI000000D75E|P17342-2|NM_000908.4|||PDB-ENSP_mappings:1jdn.A&PDB-ENSP_mappings:1jdp.A&PDB-ENSP_mappings:1jdp.B&PDB-ENSP_mappings:1yk0.A&PDB-ENSP_mappings:1yk0.B&PDB-ENSP_mappings:1yk1.A&PDB-ENSP_mappings:1yk1.B&Gene3D:3.40.50.2300&Pfam:PF01094&Prints:PR00255&PANTHER:PTHR44755&PANTHER:PTHR44755:SF1&Superfamily:SSF53822&CDD:cd06386|2|||||||||||||||||||||||||,-|frameshift_variant|HIGH|NPR3|ENSG00000113389|Transcript|ENST00000434067|protein_coding|5/8||ENST00000434067.6:c.585_588del|ENSP00000388408.2:p.Arg196MetfsTer6|1839-1842|583-586|195-196|DR/X|GACCga/ga|||1||deletion|HGNC|HGNC:7945||5||CCDS87291.1|ENSP00000388408||C9JK69.81|UPI0001D3B197||NM_001363652.2&NM_001364460.2|||Gene3D:3.40.50.2300&Pfam:PF01094&Prints:PR00255&PANTHER:PTHR44755&PANTHER:PTHR44755:SF1&Superfamily:SSF53822|2|||||||||||||||||||||||||,-|non_coding_transcript_exon_variant|MODIFIER|NPR3|ENSG00000113389|Transcript|ENST00000506712|retained_intron|5/6||ENST00000506712.1:n.594_597del||592-595|||||||1||deletion|HGNC|HGNC:7945||1|||||||||||||||||||||||||||||||||||||,-|frameshift_variant|HIGH|NPR3|ENSG00000113389|Transcript|ENST00000509104|protein_coding|5/6||ENST00000509104.5:c.564_567del|ENSP00000425325.1:p.Arg189MetfsTer6|579-582|562-565|188-189|DR/X|GACCga/ga|||1|cds_end_NF|deletion|HGNC|HGNC:7945||2|||ENSP00000425325||D6RDL8.69|UPI0001D3B196|||||Gene3D:3.40.50.2300&Pfam:PF01094&Prints:PR00255&PANTHER:PTHR44755&PANTHER:PTHR44755:SF1&Superfamily:SSF53822|2|||||||||||||||||||||||||,-|regulatory_region_variant|MODIFIER|||RegulatoryFeature|ENSR00001257166|enhancer||||||||||||||deletion|||||||||||||||||||||||||||||||||||||||||,-|TF_binding_site_variant|MODIFIER|||MotifFeature|ENSM00131561060|||||||||||||1||deletion|||||||||||||||||||||||||||||||||||ENSPFM0531|1|N||TEAD4::ELK1||	GT:AD:DP	0/1:145,23:.	GACC/-	5:32780757	-	ENSG00000113389	ENST00000509104	Transcript	frameshift_variant	HIGH	579-582	562-565	188-189	DR/X	GACCga/ga										NPR3								deletion	c.564_567del	p.Arg189MetfsTer6				PF01094.31: Receptor family ligand binding region	IPR028082: Periplasmic binding protein-like I	1037 / 49097025	0	0.3250	TSG
5	32780757		GACC	-	.	.	CSQ=-|frameshift_variant|HIGH|NPR3|ENSG00000113389|Transcript|ENST00000265074|protein_coding|5/8||ENST00000265074.13:c.1233_1236del|ENSP00000265074.8:p.Arg412MetfsTer6|1687-1690|1231-1234|411-412|DR/X|GACCga/ga|||1||deletion|HGNC|HGNC:7945|YES|1|P4|CCDS56357.1|ENSP00000265074|P17342.201||UPI0000125B46|P17342-1|NM_001364458.2&NM_001204375.2|||PDB-ENSP_mappings:1jdn.A&PDB-ENSP_mappings:1jdp.A&PDB-ENSP_mappings:1jdp.B&PDB-ENSP_mappings:1yk0.A&PDB-ENSP_mappings:1yk0.B&PDB-ENSP_mappings:1yk1.A&PDB-ENSP_mappings:1yk1.B&Gene3D:3.40.50.2300&AFDB-ENSP_mappings:AF-P17342-F1.A&Pfam:PF01094&Prints:PR00255&PANTHER:PTHR44755&PANTHER:PTHR44755:SF1&Superfamily:SSF53822&CDD:cd06386|2|||||||||||||||||||||||||,-|frameshift_variant|HIGH|NPR3|ENSG00000113389|Transcript|ENST00000326958|protein_coding|5/8||ENST00000326958.5:c.585_588del|ENSP00000318340.2:p.Arg196MetfsTer6|609-612|583-586|195-196|DR/X|GACCga/ga|||1||deletion|HGNC|HGNC:7945||2||CCDS56356.1|ENSP00000318340|P17342.201||UPI0000E094A2|P17342-3|NM_001204376.2|||Gene3D:3.40.50.2300&Pfam:PF01094&Prints:PR00255&PANTHER:PTHR44755&PANTHER:PTHR44755:SF1&Superfamily:SSF53822|2|||||||||||||||||||||||||,-|frameshift_variant|HIGH|NPR3|ENSG00000113389|Transcript|ENST00000415167|protein_coding|5/8||ENST00000415167.2:c.1233_1236del|ENSP00000398028.2:p.Arg412MetfsTer6|1285-1288|1231-1234|411-412|DR/X|GACCga/ga|||1||deletion|HGNC|HGNC:7945||1|A1|CCDS47196.1|ENSP00000398028|P17342.201|Q60I31.117|UPI000000D75E|P17342-2|NM_000908.4|||PDB-ENSP_mappings:1jdn.A&PDB-ENSP_mappings:1jdp.A&PDB-ENSP_mappings:1jdp.B&PDB-ENSP_mappings:1yk0.A&PDB-ENSP_mappings:1yk0.B&PDB-ENSP_mappings:1yk1.A&PDB-ENSP_mappings:1yk1.B&Gene3D:3.40.50.2300&Pfam:PF01094&Prints:PR00255&PANTHER:PTHR44755&PANTHER:PTHR44755:SF1&Superfamily:SSF53822&CDD:cd06386|2|||||||||||||||||||||||||,-|frameshift_variant|HIGH|NPR3|ENSG00000113389|Transcript|ENST00000434067|protein_coding|5/8||ENST00000434067.6:c.585_588del|ENSP00000388408.2:p.Arg196MetfsTer6|1839-1842|583-586|195-196|DR/X|GACCga/ga|||1||deletion|HGNC|HGNC:7945||5||CCDS87291.1|ENSP00000388408||C9JK69.81|UPI0001D3B197||NM_001363652.2&NM_001364460.2|||Gene3D:3.40.50.2300&Pfam:PF01094&Prints:PR00255&PANTHER:PTHR44755&PANTHER:PTHR44755:SF1&Superfamily:SSF53822|2|||||||||||||||||||||||||,-|non_coding_transcript_exon_variant|MODIFIER|NPR3|ENSG00000113389|Transcript|ENST00000506712|retained_intron|5/6||ENST00000506712.1:n.594_597del||592-595|||||||1||deletion|HGNC|HGNC:7945||1|||||||||||||||||||||||||||||||||||||,-|frameshift_variant|HIGH|NPR3|ENSG00000113389|Transcript|ENST00000509104|protein_coding|5/6||ENST00000509104.5:c.564_567del|ENSP00000425325.1:p.Arg189MetfsTer6|579-582|562-565|188-189|DR/X|GACCga/ga|||1|cds_end_NF|deletion|HGNC|HGNC:7945||2|||ENSP00000425325||D6RDL8.69|UPI0001D3B196|||||Gene3D:3.40.50.2300&Pfam:PF01094&Prints:PR00255&PANTHER:PTHR44755&PANTHER:PTHR44755:SF1&Superfamily:SSF53822|2|||||||||||||||||||||||||,-|regulatory_region_variant|MODIFIER|||RegulatoryFeature|ENSR00001257166|enhancer||||||||||||||deletion|||||||||||||||||||||||||||||||||||||||||,-|TF_binding_site_variant|MODIFIER|||MotifFeature|ENSM00131561060|||||||||||||1||deletion|||||||||||||||||||||||||||||||||||ENSPFM0531|1|N||TEAD4::ELK1||	GT:AD:DP	0/1:145,23:.	GACC/-	5:32780757	-		ENSR00001257166	RegulatoryFeature	regulatory_region_variant	MODIFIER																							deletion								0	0	0.1250	UNCLASSIFIED
5	32780757		GACC	-	.	.	CSQ=-|frameshift_variant|HIGH|NPR3|ENSG00000113389|Transcript|ENST00000265074|protein_coding|5/8||ENST00000265074.13:c.1233_1236del|ENSP00000265074.8:p.Arg412MetfsTer6|1687-1690|1231-1234|411-412|DR/X|GACCga/ga|||1||deletion|HGNC|HGNC:7945|YES|1|P4|CCDS56357.1|ENSP00000265074|P17342.201||UPI0000125B46|P17342-1|NM_001364458.2&NM_001204375.2|||PDB-ENSP_mappings:1jdn.A&PDB-ENSP_mappings:1jdp.A&PDB-ENSP_mappings:1jdp.B&PDB-ENSP_mappings:1yk0.A&PDB-ENSP_mappings:1yk0.B&PDB-ENSP_mappings:1yk1.A&PDB-ENSP_mappings:1yk1.B&Gene3D:3.40.50.2300&AFDB-ENSP_mappings:AF-P17342-F1.A&Pfam:PF01094&Prints:PR00255&PANTHER:PTHR44755&PANTHER:PTHR44755:SF1&Superfamily:SSF53822&CDD:cd06386|2|||||||||||||||||||||||||,-|frameshift_variant|HIGH|NPR3|ENSG00000113389|Transcript|ENST00000326958|protein_coding|5/8||ENST00000326958.5:c.585_588del|ENSP00000318340.2:p.Arg196MetfsTer6|609-612|583-586|195-196|DR/X|GACCga/ga|||1||deletion|HGNC|HGNC:7945||2||CCDS56356.1|ENSP00000318340|P17342.201||UPI0000E094A2|P17342-3|NM_001204376.2|||Gene3D:3.40.50.2300&Pfam:PF01094&Prints:PR00255&PANTHER:PTHR44755&PANTHER:PTHR44755:SF1&Superfamily:SSF53822|2|||||||||||||||||||||||||,-|frameshift_variant|HIGH|NPR3|ENSG00000113389|Transcript|ENST00000415167|protein_coding|5/8||ENST00000415167.2:c.1233_1236del|ENSP00000398028.2:p.Arg412MetfsTer6|1285-1288|1231-1234|411-412|DR/X|GACCga/ga|||1||deletion|HGNC|HGNC:7945||1|A1|CCDS47196.1|ENSP00000398028|P17342.201|Q60I31.117|UPI000000D75E|P17342-2|NM_000908.4|||PDB-ENSP_mappings:1jdn.A&PDB-ENSP_mappings:1jdp.A&PDB-ENSP_mappings:1jdp.B&PDB-ENSP_mappings:1yk0.A&PDB-ENSP_mappings:1yk0.B&PDB-ENSP_mappings:1yk1.A&PDB-ENSP_mappings:1yk1.B&Gene3D:3.40.50.2300&Pfam:PF01094&Prints:PR00255&PANTHER:PTHR44755&PANTHER:PTHR44755:SF1&Superfamily:SSF53822&CDD:cd06386|2|||||||||||||||||||||||||,-|frameshift_variant|HIGH|NPR3|ENSG00000113389|Transcript|ENST00000434067|protein_coding|5/8||ENST00000434067.6:c.585_588del|ENSP00000388408.2:p.Arg196MetfsTer6|1839-1842|583-586|195-196|DR/X|GACCga/ga|||1||deletion|HGNC|HGNC:7945||5||CCDS87291.1|ENSP00000388408||C9JK69.81|UPI0001D3B197||NM_001363652.2&NM_001364460.2|||Gene3D:3.40.50.2300&Pfam:PF01094&Prints:PR00255&PANTHER:PTHR44755&PANTHER:PTHR44755:SF1&Superfamily:SSF53822|2|||||||||||||||||||||||||,-|non_coding_transcript_exon_variant|MODIFIER|NPR3|ENSG00000113389|Transcript|ENST00000506712|retained_intron|5/6||ENST00000506712.1:n.594_597del||592-595|||||||1||deletion|HGNC|HGNC:7945||1|||||||||||||||||||||||||||||||||||||,-|frameshift_variant|HIGH|NPR3|ENSG00000113389|Transcript|ENST00000509104|protein_coding|5/6||ENST00000509104.5:c.564_567del|ENSP00000425325.1:p.Arg189MetfsTer6|579-582|562-565|188-189|DR/X|GACCga/ga|||1|cds_end_NF|deletion|HGNC|HGNC:7945||2|||ENSP00000425325||D6RDL8.69|UPI0001D3B196|||||Gene3D:3.40.50.2300&Pfam:PF01094&Prints:PR00255&PANTHER:PTHR44755&PANTHER:PTHR44755:SF1&Superfamily:SSF53822|2|||||||||||||||||||||||||,-|regulatory_region_variant|MODIFIER|||RegulatoryFeature|ENSR00001257166|enhancer||||||||||||||deletion|||||||||||||||||||||||||||||||||||||||||,-|TF_binding_site_variant|MODIFIER|||MotifFeature|ENSM00131561060|||||||||||||1||deletion|||||||||||||||||||||||||||||||||||ENSPFM0531|1|N||TEAD4::ELK1||	GT:AD:DP	0/1:145,23:.	GACC/-	5:32780757	-		ENSM00131561060	MotifFeature	TF_binding_site_variant	MODIFIER																							deletion								0	0	0.1250	UNCLASSIFIED
2	9919771		C	A	.	.	CSQ=A|missense_variant|MODERATE|TAF1B|ENSG00000115750|Transcript|ENST00000263663|protein_coding|14/15||ENST00000263663.10:c.1516C>A|ENSP00000263663.4:p.Leu506Met|1584|1516|506|L/M|Ctg/Atg|COSV99722471||1||SNV|HGNC|HGNC:11533|YES|1|P1|CCDS33143.1|ENSP00000263663|Q53T94.151||UPI0000208E44|Q53T94-1|NM_001318976.1&NM_001318977.1&NM_005680.3|tolerated(0.12)|benign(0.105)|PANTHER:PTHR31576&PANTHER:PTHR31576:SF2&AFDB-ENSP_mappings:AF-Q53T94-F1.A||||||||||||||||||1|1||||||8.951|0.690926,A|3_prime_UTR_variant&NMD_transcript_variant|MODIFIER|TAF1B|ENSG00000115750|Transcript|ENST00000434858|nonsense_mediated_decay|13/14||ENST00000434858.5:c.*777C>A||1379|||||COSV99722471||1||SNV|HGNC|HGNC:11533||2|||ENSP00000414184||F8WE32.52|UPI000048BC77|||||||||||||||||||||||1|1||||||8.951|0.690926	GT:AD:DP	0/1:30,3:.	C/A	2:9919771	A	ENSG00000115750	ENST00000263663	Transcript	missense_variant	MODERATE	1584	1516	506	L/M	Ctg/Atg	COSV99722471		P1	benign	0.105	tolerated	0.12	8.951	0.690926	TAF1B		COSV99722471:NEUTRAL						SNV	c.1516C>A	p.Leu506Met					IPR033599: RNA polymerase I transcription initiation factor TAF1B/Rrn7	695 / 49097025	1 / 49097025	0.2500	UNCLASSIFIED
2	9919771		C	A	.	.	CSQ=A|missense_variant|MODERATE|TAF1B|ENSG00000115750|Transcript|ENST00000263663|protein_coding|14/15||ENST00000263663.10:c.1516C>A|ENSP00000263663.4:p.Leu506Met|1584|1516|506|L/M|Ctg/Atg|COSV99722471||1||SNV|HGNC|HGNC:11533|YES|1|P1|CCDS33143.1|ENSP00000263663|Q53T94.151||UPI0000208E44|Q53T94-1|NM_001318976.1&NM_001318977.1&NM_005680.3|tolerated(0.12)|benign(0.105)|PANTHER:PTHR31576&PANTHER:PTHR31576:SF2&AFDB-ENSP_mappings:AF-Q53T94-F1.A||||||||||||||||||1|1||||||8.951|0.690926,A|3_prime_UTR_variant&NMD_transcript_variant|MODIFIER|TAF1B|ENSG00000115750|Transcript|ENST00000434858|nonsense_mediated_decay|13/14||ENST00000434858.5:c.*777C>A||1379|||||COSV99722471||1||SNV|HGNC|HGNC:11533||2|||ENSP00000414184||F8WE32.52|UPI000048BC77|||||||||||||||||||||||1|1||||||8.951|0.690926	GT:AD:DP	0/1:30,3:.	C/A	2:9919771	A	ENSG00000115750	ENST00000434858	Transcript	3_prime_UTR_variant,NMD_transcript_variant	MODIFIER	1379					COSV99722471							8.951	0.690926	TAF1B								SNV	c.*777C>A							695 / 49097025	0	0.1250	UNCLASSIFIED
10	106672875		T	A	.	.	CSQ=A|missense_variant|MODERATE|SORCS1|ENSG00000108018|Transcript|ENST00000263054|protein_coding|15/26||ENST00000263054.11:c.2051A>T|ENSP00000263054.5:p.His684Leu|2231|2051|684|H/L|cAc/cTc|COSV99549327||-1||SNV|HGNC|HGNC:16697|YES|1|P1|CCDS7559.1|ENSP00000263054|Q8WY21.163||UPI00001AE866|Q8WY21-1|NM_001206570.2&NM_052918.5&NM_001387556.1&NM_001013031.3&NM_001206572.2&NM_001206569.2&NM_001206571.2|deleterious_low_confidence(0.04)|benign(0.029)|Gene3D:2.10.70.80&AFDB-ENSP_mappings:AF-Q8WY21-F1.A&Pfam:PF15901&PANTHER:PTHR12106&PANTHER:PTHR12106:SF8&SMART:SM00602||||||||||||||||||1|1||||||22.8|2.807990,A|missense_variant|MODERATE|SORCS1|ENSG00000108018|Transcript|ENST00000344440|protein_coding|14/26||ENST00000344440.7:c.1325A>T|ENSP00000345964.7:p.His442Leu|1496|1325|442|H/L|cAc/cTc|COSV99549327||-1||SNV|HGNC|HGNC:16697||5|||ENSP00000345964||A0A0A0MRC2.45|UPI0004E4CA54|||deleterious_low_confidence(0.05)|benign(0.061)|PANTHER:PTHR12106:SF8&PANTHER:PTHR12106&Pfam:PF15901&Gene3D:2.10.70.80&SMART:SM00602||||||||||||||||||1|1||||||22.8|2.807990,A|missense_variant|MODERATE|SORCS1|ENSG00000108018|Transcript|ENST00000369698|protein_coding|7/19||ENST00000369698.5:c.656A>T|ENSP00000358712.1:p.His219Leu|783|656|219|H/L|cAc/cTc|COSV99549327||-1||SNV|HGNC|HGNC:16697||5|||ENSP00000358712||X6R7D6.52|UPI00004A3A2C|||tolerated_low_confidence(0.05)|benign(0.029)|Gene3D:2.10.70.80&Pfam:PF15901&PANTHER:PTHR12106&PANTHER:PTHR12106:SF8&SMART:SM00602||||||||||||||||||1|1||||||22.8|2.807990,A|non_coding_transcript_exon_variant|MODIFIER|SORCS1|ENSG00000108018|Transcript|ENST00000472196|protein_coding_CDS_not_defined|2/5||ENST00000472196.1:n.152A>T||152|||||COSV99549327||-1||SNV|HGNC|HGNC:16697||5|||||||||||||||||||||||||||||1|1||||||22.8|2.807990,A|missense_variant|MODERATE|SORCS1|ENSG00000108018|Transcript|ENST00000612154|protein_coding|14/26||ENST00000612154.4:c.1325A>T|ENSP00000478065.1:p.His442Leu|1496|1325|442|H/L|cAc/cTc|COSV99549327||-1||SNV|HGNC|HGNC:16697||5|||ENSP00000478065||A0A087WTQ9.44|UPI0004E4CC23|||deleterious_low_confidence(0.05)|benign(0.029)|PANTHER:PTHR12106:SF8&PANTHER:PTHR12106&Pfam:PF15901&Gene3D:2.10.70.80&SMART:SM00602||||||||||||||||||1|1||||||22.8|2.807990,A|missense_variant|MODERATE|SORCS1|ENSG00000108018|Transcript|ENST00000622431|protein_coding|14/25||ENST00000622431.4:c.1325A>T|ENSP00000477888.1:p.His442Leu|1496|1325|442|H/L|cAc/cTc|COSV99549327||-1||SNV|HGNC|HGNC:16697||5|||ENSP00000477888||A0A087WTI0.44|UPI0004E4CB88|||tolerated_low_confidence(0.05)|benign(0.029)|PANTHER:PTHR12106:SF8&PANTHER:PTHR12106&Pfam:PF15901&Gene3D:2.10.70.80&SMART:SM00602||||||||||||||||||1|1||||||22.8|2.807990,A|intron_variant&non_coding_transcript_variant|MODIFIER||ENSG00000287047|Transcript|ENST00000662495|lncRNA||1/1|ENST00000662495.1:n.248-3270T>A|||||||COSV99549327||1||SNV|||YES||||||||||||||||||||||||||||||1|1||||||22.8|2.807990	GT:AD:DP	0/1:26,9:.	T/A	10:106672875	A	ENSG00000108018	ENST00000263054	Transcript	missense_variant	MODERATE	2231	2051	684	H/L	cAc/cTc	COSV99549327		P1	benign	0.029	deleterious_low_confidence	0.04	22.8	2.807990	SORCS1		COSV99549327:PATHOGENIC						SNV	c.2051A>T	p.His684Leu				PF15901.8: Sortilin, neurotensin receptor 3, C-terminal		3664 / 49097025	1 / 49097025	0.3750	UNCLASSIFIED
10	106672875		T	A	.	.	CSQ=A|missense_variant|MODERATE|SORCS1|ENSG00000108018|Transcript|ENST00000263054|protein_coding|15/26||ENST00000263054.11:c.2051A>T|ENSP00000263054.5:p.His684Leu|2231|2051|684|H/L|cAc/cTc|COSV99549327||-1||SNV|HGNC|HGNC:16697|YES|1|P1|CCDS7559.1|ENSP00000263054|Q8WY21.163||UPI00001AE866|Q8WY21-1|NM_001206570.2&NM_052918.5&NM_001387556.1&NM_001013031.3&NM_001206572.2&NM_001206569.2&NM_001206571.2|deleterious_low_confidence(0.04)|benign(0.029)|Gene3D:2.10.70.80&AFDB-ENSP_mappings:AF-Q8WY21-F1.A&Pfam:PF15901&PANTHER:PTHR12106&PANTHER:PTHR12106:SF8&SMART:SM00602||||||||||||||||||1|1||||||22.8|2.807990,A|missense_variant|MODERATE|SORCS1|ENSG00000108018|Transcript|ENST00000344440|protein_coding|14/26||ENST00000344440.7:c.1325A>T|ENSP00000345964.7:p.His442Leu|1496|1325|442|H/L|cAc/cTc|COSV99549327||-1||SNV|HGNC|HGNC:16697||5|||ENSP00000345964||A0A0A0MRC2.45|UPI0004E4CA54|||deleterious_low_confidence(0.05)|benign(0.061)|PANTHER:PTHR12106:SF8&PANTHER:PTHR12106&Pfam:PF15901&Gene3D:2.10.70.80&SMART:SM00602||||||||||||||||||1|1||||||22.8|2.807990,A|missense_variant|MODERATE|SORCS1|ENSG00000108018|Transcript|ENST00000369698|protein_coding|7/19||ENST00000369698.5:c.656A>T|ENSP00000358712.1:p.His219Leu|783|656|219|H/L|cAc/cTc|COSV99549327||-1||SNV|HGNC|HGNC:16697||5|||ENSP00000358712||X6R7D6.52|UPI00004A3A2C|||tolerated_low_confidence(0.05)|benign(0.029)|Gene3D:2.10.70.80&Pfam:PF15901&PANTHER:PTHR12106&PANTHER:PTHR12106:SF8&SMART:SM00602||||||||||||||||||1|1||||||22.8|2.807990,A|non_coding_transcript_exon_variant|MODIFIER|SORCS1|ENSG00000108018|Transcript|ENST00000472196|protein_coding_CDS_not_defined|2/5||ENST00000472196.1:n.152A>T||152|||||COSV99549327||-1||SNV|HGNC|HGNC:16697||5|||||||||||||||||||||||||||||1|1||||||22.8|2.807990,A|missense_variant|MODERATE|SORCS1|ENSG00000108018|Transcript|ENST00000612154|protein_coding|14/26||ENST00000612154.4:c.1325A>T|ENSP00000478065.1:p.His442Leu|1496|1325|442|H/L|cAc/cTc|COSV99549327||-1||SNV|HGNC|HGNC:16697||5|||ENSP00000478065||A0A087WTQ9.44|UPI0004E4CC23|||deleterious_low_confidence(0.05)|benign(0.029)|PANTHER:PTHR12106:SF8&PANTHER:PTHR12106&Pfam:PF15901&Gene3D:2.10.70.80&SMART:SM00602||||||||||||||||||1|1||||||22.8|2.807990,A|missense_variant|MODERATE|SORCS1|ENSG00000108018|Transcript|ENST00000622431|protein_coding|14/25||ENST00000622431.4:c.1325A>T|ENSP00000477888.1:p.His442Leu|1496|1325|442|H/L|cAc/cTc|COSV99549327||-1||SNV|HGNC|HGNC:16697||5|||ENSP00000477888||A0A087WTI0.44|UPI0004E4CB88|||tolerated_low_confidence(0.05)|benign(0.029)|PANTHER:PTHR12106:SF8&PANTHER:PTHR12106&Pfam:PF15901&Gene3D:2.10.70.80&SMART:SM00602||||||||||||||||||1|1||||||22.8|2.807990,A|intron_variant&non_coding_transcript_variant|MODIFIER||ENSG00000287047|Transcript|ENST00000662495|lncRNA||1/1|ENST00000662495.1:n.248-3270T>A|||||||COSV99549327||1||SNV|||YES||||||||||||||||||||||||||||||1|1||||||22.8|2.807990	GT:AD:DP	0/1:26,9:.	T/A	10:106672875	A	ENSG00000108018	ENST00000344440	Transcript	missense_variant	MODERATE	1496	1325	442	H/L	cAc/cTc	COSV99549327			benign	0.061	deleterious_low_confidence	0.05	22.8	2.807990	SORCS1		COSV99549327:PATHOGENIC						SNV	c.1325A>T	p.His442Leu						3664 / 49097025	1 / 49097025	0.3125	UNCLASSIFIED
10	106672875		T	A	.	.	CSQ=A|missense_variant|MODERATE|SORCS1|ENSG00000108018|Transcript|ENST00000263054|protein_coding|15/26||ENST00000263054.11:c.2051A>T|ENSP00000263054.5:p.His684Leu|2231|2051|684|H/L|cAc/cTc|COSV99549327||-1||SNV|HGNC|HGNC:16697|YES|1|P1|CCDS7559.1|ENSP00000263054|Q8WY21.163||UPI00001AE866|Q8WY21-1|NM_001206570.2&NM_052918.5&NM_001387556.1&NM_001013031.3&NM_001206572.2&NM_001206569.2&NM_001206571.2|deleterious_low_confidence(0.04)|benign(0.029)|Gene3D:2.10.70.80&AFDB-ENSP_mappings:AF-Q8WY21-F1.A&Pfam:PF15901&PANTHER:PTHR12106&PANTHER:PTHR12106:SF8&SMART:SM00602||||||||||||||||||1|1||||||22.8|2.807990,A|missense_variant|MODERATE|SORCS1|ENSG00000108018|Transcript|ENST00000344440|protein_coding|14/26||ENST00000344440.7:c.1325A>T|ENSP00000345964.7:p.His442Leu|1496|1325|442|H/L|cAc/cTc|COSV99549327||-1||SNV|HGNC|HGNC:16697||5|||ENSP00000345964||A0A0A0MRC2.45|UPI0004E4CA54|||deleterious_low_confidence(0.05)|benign(0.061)|PANTHER:PTHR12106:SF8&PANTHER:PTHR12106&Pfam:PF15901&Gene3D:2.10.70.80&SMART:SM00602||||||||||||||||||1|1||||||22.8|2.807990,A|missense_variant|MODERATE|SORCS1|ENSG00000108018|Transcript|ENST00000369698|protein_coding|7/19||ENST00000369698.5:c.656A>T|ENSP00000358712.1:p.His219Leu|783|656|219|H/L|cAc/cTc|COSV99549327||-1||SNV|HGNC|HGNC:16697||5|||ENSP00000358712||X6R7D6.52|UPI00004A3A2C|||tolerated_low_confidence(0.05)|benign(0.029)|Gene3D:2.10.70.80&Pfam:PF15901&PANTHER:PTHR12106&PANTHER:PTHR12106:SF8&SMART:SM00602||||||||||||||||||1|1||||||22.8|2.807990,A|non_coding_transcript_exon_variant|MODIFIER|SORCS1|ENSG00000108018|Transcript|ENST00000472196|protein_coding_CDS_not_defined|2/5||ENST00000472196.1:n.152A>T||152|||||COSV99549327||-1||SNV|HGNC|HGNC:16697||5|||||||||||||||||||||||||||||1|1||||||22.8|2.807990,A|missense_variant|MODERATE|SORCS1|ENSG00000108018|Transcript|ENST00000612154|protein_coding|14/26||ENST00000612154.4:c.1325A>T|ENSP00000478065.1:p.His442Leu|1496|1325|442|H/L|cAc/cTc|COSV99549327||-1||SNV|HGNC|HGNC:16697||5|||ENSP00000478065||A0A087WTQ9.44|UPI0004E4CC23|||deleterious_low_confidence(0.05)|benign(0.029)|PANTHER:PTHR12106:SF8&PANTHER:PTHR12106&Pfam:PF15901&Gene3D:2.10.70.80&SMART:SM00602||||||||||||||||||1|1||||||22.8|2.807990,A|missense_variant|MODERATE|SORCS1|ENSG00000108018|Transcript|ENST00000622431|protein_coding|14/25||ENST00000622431.4:c.1325A>T|ENSP00000477888.1:p.His442Leu|1496|1325|442|H/L|cAc/cTc|COSV99549327||-1||SNV|HGNC|HGNC:16697||5|||ENSP00000477888||A0A087WTI0.44|UPI0004E4CB88|||tolerated_low_confidence(0.05)|benign(0.029)|PANTHER:PTHR12106:SF8&PANTHER:PTHR12106&Pfam:PF15901&Gene3D:2.10.70.80&SMART:SM00602||||||||||||||||||1|1||||||22.8|2.807990,A|intron_variant&non_coding_transcript_variant|MODIFIER||ENSG00000287047|Transcript|ENST00000662495|lncRNA||1/1|ENST00000662495.1:n.248-3270T>A|||||||COSV99549327||1||SNV|||YES||||||||||||||||||||||||||||||1|1||||||22.8|2.807990	GT:AD:DP	0/1:26,9:.	T/A	10:106672875	A	ENSG00000108018	ENST00000369698	Transcript	missense_variant	MODERATE	783	656	219	H/L	cAc/cTc	COSV99549327			benign	0.029	tolerated_low_confidence	0.05	22.8	2.807990	SORCS1		COSV99549327:PATHOGENIC						SNV	c.656A>T	p.His219Leu						3664 / 49097025	1 / 49097025	0.3125	UNCLASSIFIED
10	106672875		T	A	.	.	CSQ=A|missense_variant|MODERATE|SORCS1|ENSG00000108018|Transcript|ENST00000263054|protein_coding|15/26||ENST00000263054.11:c.2051A>T|ENSP00000263054.5:p.His684Leu|2231|2051|684|H/L|cAc/cTc|COSV99549327||-1||SNV|HGNC|HGNC:16697|YES|1|P1|CCDS7559.1|ENSP00000263054|Q8WY21.163||UPI00001AE866|Q8WY21-1|NM_001206570.2&NM_052918.5&NM_001387556.1&NM_001013031.3&NM_001206572.2&NM_001206569.2&NM_001206571.2|deleterious_low_confidence(0.04)|benign(0.029)|Gene3D:2.10.70.80&AFDB-ENSP_mappings:AF-Q8WY21-F1.A&Pfam:PF15901&PANTHER:PTHR12106&PANTHER:PTHR12106:SF8&SMART:SM00602||||||||||||||||||1|1||||||22.8|2.807990,A|missense_variant|MODERATE|SORCS1|ENSG00000108018|Transcript|ENST00000344440|protein_coding|14/26||ENST00000344440.7:c.1325A>T|ENSP00000345964.7:p.His442Leu|1496|1325|442|H/L|cAc/cTc|COSV99549327||-1||SNV|HGNC|HGNC:16697||5|||ENSP00000345964||A0A0A0MRC2.45|UPI0004E4CA54|||deleterious_low_confidence(0.05)|benign(0.061)|PANTHER:PTHR12106:SF8&PANTHER:PTHR12106&Pfam:PF15901&Gene3D:2.10.70.80&SMART:SM00602||||||||||||||||||1|1||||||22.8|2.807990,A|missense_variant|MODERATE|SORCS1|ENSG00000108018|Transcript|ENST00000369698|protein_coding|7/19||ENST00000369698.5:c.656A>T|ENSP00000358712.1:p.His219Leu|783|656|219|H/L|cAc/cTc|COSV99549327||-1||SNV|HGNC|HGNC:16697||5|||ENSP00000358712||X6R7D6.52|UPI00004A3A2C|||tolerated_low_confidence(0.05)|benign(0.029)|Gene3D:2.10.70.80&Pfam:PF15901&PANTHER:PTHR12106&PANTHER:PTHR12106:SF8&SMART:SM00602||||||||||||||||||1|1||||||22.8|2.807990,A|non_coding_transcript_exon_variant|MODIFIER|SORCS1|ENSG00000108018|Transcript|ENST00000472196|protein_coding_CDS_not_defined|2/5||ENST00000472196.1:n.152A>T||152|||||COSV99549327||-1||SNV|HGNC|HGNC:16697||5|||||||||||||||||||||||||||||1|1||||||22.8|2.807990,A|missense_variant|MODERATE|SORCS1|ENSG00000108018|Transcript|ENST00000612154|protein_coding|14/26||ENST00000612154.4:c.1325A>T|ENSP00000478065.1:p.His442Leu|1496|1325|442|H/L|cAc/cTc|COSV99549327||-1||SNV|HGNC|HGNC:16697||5|||ENSP00000478065||A0A087WTQ9.44|UPI0004E4CC23|||deleterious_low_confidence(0.05)|benign(0.029)|PANTHER:PTHR12106:SF8&PANTHER:PTHR12106&Pfam:PF15901&Gene3D:2.10.70.80&SMART:SM00602||||||||||||||||||1|1||||||22.8|2.807990,A|missense_variant|MODERATE|SORCS1|ENSG00000108018|Transcript|ENST00000622431|protein_coding|14/25||ENST00000622431.4:c.1325A>T|ENSP00000477888.1:p.His442Leu|1496|1325|442|H/L|cAc/cTc|COSV99549327||-1||SNV|HGNC|HGNC:16697||5|||ENSP00000477888||A0A087WTI0.44|UPI0004E4CB88|||tolerated_low_confidence(0.05)|benign(0.029)|PANTHER:PTHR12106:SF8&PANTHER:PTHR12106&Pfam:PF15901&Gene3D:2.10.70.80&SMART:SM00602||||||||||||||||||1|1||||||22.8|2.807990,A|intron_variant&non_coding_transcript_variant|MODIFIER||ENSG00000287047|Transcript|ENST00000662495|lncRNA||1/1|ENST00000662495.1:n.248-3270T>A|||||||COSV99549327||1||SNV|||YES||||||||||||||||||||||||||||||1|1||||||22.8|2.807990	GT:AD:DP	0/1:26,9:.	T/A	10:106672875	A	ENSG00000108018	ENST00000472196	Transcript	non_coding_transcript_exon_variant	MODIFIER	152					COSV99549327							22.8	2.807990	SORCS1								SNV	n.152A>T							3664 / 49097025	0	0.1650	UNCLASSIFIED
10	106672875		T	A	.	.	CSQ=A|missense_variant|MODERATE|SORCS1|ENSG00000108018|Transcript|ENST00000263054|protein_coding|15/26||ENST00000263054.11:c.2051A>T|ENSP00000263054.5:p.His684Leu|2231|2051|684|H/L|cAc/cTc|COSV99549327||-1||SNV|HGNC|HGNC:16697|YES|1|P1|CCDS7559.1|ENSP00000263054|Q8WY21.163||UPI00001AE866|Q8WY21-1|NM_001206570.2&NM_052918.5&NM_001387556.1&NM_001013031.3&NM_001206572.2&NM_001206569.2&NM_001206571.2|deleterious_low_confidence(0.04)|benign(0.029)|Gene3D:2.10.70.80&AFDB-ENSP_mappings:AF-Q8WY21-F1.A&Pfam:PF15901&PANTHER:PTHR12106&PANTHER:PTHR12106:SF8&SMART:SM00602||||||||||||||||||1|1||||||22.8|2.807990,A|missense_variant|MODERATE|SORCS1|ENSG00000108018|Transcript|ENST00000344440|protein_coding|14/26||ENST00000344440.7:c.1325A>T|ENSP00000345964.7:p.His442Leu|1496|1325|442|H/L|cAc/cTc|COSV99549327||-1||SNV|HGNC|HGNC:16697||5|||ENSP00000345964||A0A0A0MRC2.45|UPI0004E4CA54|||deleterious_low_confidence(0.05)|benign(0.061)|PANTHER:PTHR12106:SF8&PANTHER:PTHR12106&Pfam:PF15901&Gene3D:2.10.70.80&SMART:SM00602||||||||||||||||||1|1||||||22.8|2.807990,A|missense_variant|MODERATE|SORCS1|ENSG00000108018|Transcript|ENST00000369698|protein_coding|7/19||ENST00000369698.5:c.656A>T|ENSP00000358712.1:p.His219Leu|783|656|219|H/L|cAc/cTc|COSV99549327||-1||SNV|HGNC|HGNC:16697||5|||ENSP00000358712||X6R7D6.52|UPI00004A3A2C|||tolerated_low_confidence(0.05)|benign(0.029)|Gene3D:2.10.70.80&Pfam:PF15901&PANTHER:PTHR12106&PANTHER:PTHR12106:SF8&SMART:SM00602||||||||||||||||||1|1||||||22.8|2.807990,A|non_coding_transcript_exon_variant|MODIFIER|SORCS1|ENSG00000108018|Transcript|ENST00000472196|protein_coding_CDS_not_defined|2/5||ENST00000472196.1:n.152A>T||152|||||COSV99549327||-1||SNV|HGNC|HGNC:16697||5|||||||||||||||||||||||||||||1|1||||||22.8|2.807990,A|missense_variant|MODERATE|SORCS1|ENSG00000108018|Transcript|ENST00000612154|protein_coding|14/26||ENST00000612154.4:c.1325A>T|ENSP00000478065.1:p.His442Leu|1496|1325|442|H/L|cAc/cTc|COSV99549327||-1||SNV|HGNC|HGNC:16697||5|||ENSP00000478065||A0A087WTQ9.44|UPI0004E4CC23|||deleterious_low_confidence(0.05)|benign(0.029)|PANTHER:PTHR12106:SF8&PANTHER:PTHR12106&Pfam:PF15901&Gene3D:2.10.70.80&SMART:SM00602||||||||||||||||||1|1||||||22.8|2.807990,A|missense_variant|MODERATE|SORCS1|ENSG00000108018|Transcript|ENST00000622431|protein_coding|14/25||ENST00000622431.4:c.1325A>T|ENSP00000477888.1:p.His442Leu|1496|1325|442|H/L|cAc/cTc|COSV99549327||-1||SNV|HGNC|HGNC:16697||5|||ENSP00000477888||A0A087WTI0.44|UPI0004E4CB88|||tolerated_low_confidence(0.05)|benign(0.029)|PANTHER:PTHR12106:SF8&PANTHER:PTHR12106&Pfam:PF15901&Gene3D:2.10.70.80&SMART:SM00602||||||||||||||||||1|1||||||22.8|2.807990,A|intron_variant&non_coding_transcript_variant|MODIFIER||ENSG00000287047|Transcript|ENST00000662495|lncRNA||1/1|ENST00000662495.1:n.248-3270T>A|||||||COSV99549327||1||SNV|||YES||||||||||||||||||||||||||||||1|1||||||22.8|2.807990	GT:AD:DP	0/1:26,9:.	T/A	10:106672875	A	ENSG00000108018	ENST00000612154	Transcript	missense_variant	MODERATE	1496	1325	442	H/L	cAc/cTc	COSV99549327			benign	0.029	deleterious_low_confidence	0.05	22.8	2.807990	SORCS1		COSV99549327:PATHOGENIC						SNV	c.1325A>T	p.His442Leu						3664 / 49097025	1 / 49097025	0.3125	UNCLASSIFIED
10	106672875		T	A	.	.	CSQ=A|missense_variant|MODERATE|SORCS1|ENSG00000108018|Transcript|ENST00000263054|protein_coding|15/26||ENST00000263054.11:c.2051A>T|ENSP00000263054.5:p.His684Leu|2231|2051|684|H/L|cAc/cTc|COSV99549327||-1||SNV|HGNC|HGNC:16697|YES|1|P1|CCDS7559.1|ENSP00000263054|Q8WY21.163||UPI00001AE866|Q8WY21-1|NM_001206570.2&NM_052918.5&NM_001387556.1&NM_001013031.3&NM_001206572.2&NM_001206569.2&NM_001206571.2|deleterious_low_confidence(0.04)|benign(0.029)|Gene3D:2.10.70.80&AFDB-ENSP_mappings:AF-Q8WY21-F1.A&Pfam:PF15901&PANTHER:PTHR12106&PANTHER:PTHR12106:SF8&SMART:SM00602||||||||||||||||||1|1||||||22.8|2.807990,A|missense_variant|MODERATE|SORCS1|ENSG00000108018|Transcript|ENST00000344440|protein_coding|14/26||ENST00000344440.7:c.1325A>T|ENSP00000345964.7:p.His442Leu|1496|1325|442|H/L|cAc/cTc|COSV99549327||-1||SNV|HGNC|HGNC:16697||5|||ENSP00000345964||A0A0A0MRC2.45|UPI0004E4CA54|||deleterious_low_confidence(0.05)|benign(0.061)|PANTHER:PTHR12106:SF8&PANTHER:PTHR12106&Pfam:PF15901&Gene3D:2.10.70.80&SMART:SM00602||||||||||||||||||1|1||||||22.8|2.807990,A|missense_variant|MODERATE|SORCS1|ENSG00000108018|Transcript|ENST00000369698|protein_coding|7/19||ENST00000369698.5:c.656A>T|ENSP00000358712.1:p.His219Leu|783|656|219|H/L|cAc/cTc|COSV99549327||-1||SNV|HGNC|HGNC:16697||5|||ENSP00000358712||X6R7D6.52|UPI00004A3A2C|||tolerated_low_confidence(0.05)|benign(0.029)|Gene3D:2.10.70.80&Pfam:PF15901&PANTHER:PTHR12106&PANTHER:PTHR12106:SF8&SMART:SM00602||||||||||||||||||1|1||||||22.8|2.807990,A|non_coding_transcript_exon_variant|MODIFIER|SORCS1|ENSG00000108018|Transcript|ENST00000472196|protein_coding_CDS_not_defined|2/5||ENST00000472196.1:n.152A>T||152|||||COSV99549327||-1||SNV|HGNC|HGNC:16697||5|||||||||||||||||||||||||||||1|1||||||22.8|2.807990,A|missense_variant|MODERATE|SORCS1|ENSG00000108018|Transcript|ENST00000612154|protein_coding|14/26||ENST00000612154.4:c.1325A>T|ENSP00000478065.1:p.His442Leu|1496|1325|442|H/L|cAc/cTc|COSV99549327||-1||SNV|HGNC|HGNC:16697||5|||ENSP00000478065||A0A087WTQ9.44|UPI0004E4CC23|||deleterious_low_confidence(0.05)|benign(0.029)|PANTHER:PTHR12106:SF8&PANTHER:PTHR12106&Pfam:PF15901&Gene3D:2.10.70.80&SMART:SM00602||||||||||||||||||1|1||||||22.8|2.807990,A|missense_variant|MODERATE|SORCS1|ENSG00000108018|Transcript|ENST00000622431|protein_coding|14/25||ENST00000622431.4:c.1325A>T|ENSP00000477888.1:p.His442Leu|1496|1325|442|H/L|cAc/cTc|COSV99549327||-1||SNV|HGNC|HGNC:16697||5|||ENSP00000477888||A0A087WTI0.44|UPI0004E4CB88|||tolerated_low_confidence(0.05)|benign(0.029)|PANTHER:PTHR12106:SF8&PANTHER:PTHR12106&Pfam:PF15901&Gene3D:2.10.70.80&SMART:SM00602||||||||||||||||||1|1||||||22.8|2.807990,A|intron_variant&non_coding_transcript_variant|MODIFIER||ENSG00000287047|Transcript|ENST00000662495|lncRNA||1/1|ENST00000662495.1:n.248-3270T>A|||||||COSV99549327||1||SNV|||YES||||||||||||||||||||||||||||||1|1||||||22.8|2.807990	GT:AD:DP	0/1:26,9:.	T/A	10:106672875	A	ENSG00000108018	ENST00000622431	Transcript	missense_variant	MODERATE	1496	1325	442	H/L	cAc/cTc	COSV99549327			benign	0.029	tolerated_low_confidence	0.05	22.8	2.807990	SORCS1		COSV99549327:PATHOGENIC						SNV	c.1325A>T	p.His442Leu						3664 / 49097025	1 / 49097025	0.3125	UNCLASSIFIED
10	106672875		T	A	.	.	CSQ=A|missense_variant|MODERATE|SORCS1|ENSG00000108018|Transcript|ENST00000263054|protein_coding|15/26||ENST00000263054.11:c.2051A>T|ENSP00000263054.5:p.His684Leu|2231|2051|684|H/L|cAc/cTc|COSV99549327||-1||SNV|HGNC|HGNC:16697|YES|1|P1|CCDS7559.1|ENSP00000263054|Q8WY21.163||UPI00001AE866|Q8WY21-1|NM_001206570.2&NM_052918.5&NM_001387556.1&NM_001013031.3&NM_001206572.2&NM_001206569.2&NM_001206571.2|deleterious_low_confidence(0.04)|benign(0.029)|Gene3D:2.10.70.80&AFDB-ENSP_mappings:AF-Q8WY21-F1.A&Pfam:PF15901&PANTHER:PTHR12106&PANTHER:PTHR12106:SF8&SMART:SM00602||||||||||||||||||1|1||||||22.8|2.807990,A|missense_variant|MODERATE|SORCS1|ENSG00000108018|Transcript|ENST00000344440|protein_coding|14/26||ENST00000344440.7:c.1325A>T|ENSP00000345964.7:p.His442Leu|1496|1325|442|H/L|cAc/cTc|COSV99549327||-1||SNV|HGNC|HGNC:16697||5|||ENSP00000345964||A0A0A0MRC2.45|UPI0004E4CA54|||deleterious_low_confidence(0.05)|benign(0.061)|PANTHER:PTHR12106:SF8&PANTHER:PTHR12106&Pfam:PF15901&Gene3D:2.10.70.80&SMART:SM00602||||||||||||||||||1|1||||||22.8|2.807990,A|missense_variant|MODERATE|SORCS1|ENSG00000108018|Transcript|ENST00000369698|protein_coding|7/19||ENST00000369698.5:c.656A>T|ENSP00000358712.1:p.His219Leu|783|656|219|H/L|cAc/cTc|COSV99549327||-1||SNV|HGNC|HGNC:16697||5|||ENSP00000358712||X6R7D6.52|UPI00004A3A2C|||tolerated_low_confidence(0.05)|benign(0.029)|Gene3D:2.10.70.80&Pfam:PF15901&PANTHER:PTHR12106&PANTHER:PTHR12106:SF8&SMART:SM00602||||||||||||||||||1|1||||||22.8|2.807990,A|non_coding_transcript_exon_variant|MODIFIER|SORCS1|ENSG00000108018|Transcript|ENST00000472196|protein_coding_CDS_not_defined|2/5||ENST00000472196.1:n.152A>T||152|||||COSV99549327||-1||SNV|HGNC|HGNC:16697||5|||||||||||||||||||||||||||||1|1||||||22.8|2.807990,A|missense_variant|MODERATE|SORCS1|ENSG00000108018|Transcript|ENST00000612154|protein_coding|14/26||ENST00000612154.4:c.1325A>T|ENSP00000478065.1:p.His442Leu|1496|1325|442|H/L|cAc/cTc|COSV99549327||-1||SNV|HGNC|HGNC:16697||5|||ENSP00000478065||A0A087WTQ9.44|UPI0004E4CC23|||deleterious_low_confidence(0.05)|benign(0.029)|PANTHER:PTHR12106:SF8&PANTHER:PTHR12106&Pfam:PF15901&Gene3D:2.10.70.80&SMART:SM00602||||||||||||||||||1|1||||||22.8|2.807990,A|missense_variant|MODERATE|SORCS1|ENSG00000108018|Transcript|ENST00000622431|protein_coding|14/25||ENST00000622431.4:c.1325A>T|ENSP00000477888.1:p.His442Leu|1496|1325|442|H/L|cAc/cTc|COSV99549327||-1||SNV|HGNC|HGNC:16697||5|||ENSP00000477888||A0A087WTI0.44|UPI0004E4CB88|||tolerated_low_confidence(0.05)|benign(0.029)|PANTHER:PTHR12106:SF8&PANTHER:PTHR12106&Pfam:PF15901&Gene3D:2.10.70.80&SMART:SM00602||||||||||||||||||1|1||||||22.8|2.807990,A|intron_variant&non_coding_transcript_variant|MODIFIER||ENSG00000287047|Transcript|ENST00000662495|lncRNA||1/1|ENST00000662495.1:n.248-3270T>A|||||||COSV99549327||1||SNV|||YES||||||||||||||||||||||||||||||1|1||||||22.8|2.807990	GT:AD:DP	0/1:26,9:.	T/A	10:106672875	A	ENSG00000287047	ENST00000662495	Transcript	intron_variant,non_coding_transcript_variant	MODIFIER						COSV99549327							22.8	2.807990									SNV	n.248-3270T>A							0	0	0.1650	UNCLASSIFIED
4	68228051		C	A	.	.	CSQ=A|missense_variant|MODERATE|TMPRSS11B|ENSG00000185873|Transcript|ENST00000332644|protein_coding|10/10||ENST00000332644.6:c.1111G>T|ENSP00000330475.5:p.Ala371Ser|1247|1111|371|A/S|Gct/Tct|rs746441461&COSV100219485||-1||SNV|HGNC|HGNC:25398|YES|1|P1|CCDS3521.1|ENSP00000330475|Q86T26.155||UPI000013E249||NM_182502.3|deleterious(0)|benign(0.078)|Gene3D:2.40.10.10&Gene3D:2.40.10.10&AFDB-ENSP_mappings:AF-Q86T26-F1.A&Pfam:PF00089&PIRSF:PIRSF037941&Prints:PR00722&PROSITE_profiles:PS50240&PANTHER:PTHR24253&PANTHER:PTHR24253:SF56&SMART:SM00020&Superfamily:SSF50494&CDD:cd00190||||||||8.335e-06|0|6.401e-05|0|0|0|0|0|0||0&1|0&1||||||6.669|0.429391,A|downstream_gene_variant|MODIFIER|TMPRSS11B|ENSG00000185873|Transcript|ENST00000502365|retained_intron||||||||||rs746441461&COSV100219485|3782|-1||SNV|HGNC|HGNC:25398||1|||||||||||||||||||8.335e-06|0|6.401e-05|0|0|0|0|0|0||0&1|0&1||||||6.669|0.429391,A|downstream_gene_variant|MODIFIER|TMPRSS11B|ENSG00000185873|Transcript|ENST00000510856|retained_intron||||||||||rs746441461&COSV100219485|691|-1||SNV|HGNC|HGNC:25398||3|||||||||||||||||||8.335e-06|0|6.401e-05|0|0|0|0|0|0||0&1|0&1||||||6.669|0.429391	GT:AD:DP	0/1:28,7:.	C/A	4:68228051	A	ENSG00000185873	ENST00000332644	Transcript	missense_variant	MODERATE	1247	1111	371	A/S	Gct/Tct	rs746441461,COSV100219485		P1	benign	0.078	deleterious	0	6.669	0.429391	TMPRSS11B		COSV100219485:NEUTRAL						SNV	c.1111G>T	p.Ala371Ser		0.0008335		PF00089.29: Trypsin	IPR001254: Serine proteases, trypsin domain	496 / 49097025	1 / 49097025	0.2900	UNCLASSIFIED
4	68228051		C	A	.	.	CSQ=A|missense_variant|MODERATE|TMPRSS11B|ENSG00000185873|Transcript|ENST00000332644|protein_coding|10/10||ENST00000332644.6:c.1111G>T|ENSP00000330475.5:p.Ala371Ser|1247|1111|371|A/S|Gct/Tct|rs746441461&COSV100219485||-1||SNV|HGNC|HGNC:25398|YES|1|P1|CCDS3521.1|ENSP00000330475|Q86T26.155||UPI000013E249||NM_182502.3|deleterious(0)|benign(0.078)|Gene3D:2.40.10.10&Gene3D:2.40.10.10&AFDB-ENSP_mappings:AF-Q86T26-F1.A&Pfam:PF00089&PIRSF:PIRSF037941&Prints:PR00722&PROSITE_profiles:PS50240&PANTHER:PTHR24253&PANTHER:PTHR24253:SF56&SMART:SM00020&Superfamily:SSF50494&CDD:cd00190||||||||8.335e-06|0|6.401e-05|0|0|0|0|0|0||0&1|0&1||||||6.669|0.429391,A|downstream_gene_variant|MODIFIER|TMPRSS11B|ENSG00000185873|Transcript|ENST00000502365|retained_intron||||||||||rs746441461&COSV100219485|3782|-1||SNV|HGNC|HGNC:25398||1|||||||||||||||||||8.335e-06|0|6.401e-05|0|0|0|0|0|0||0&1|0&1||||||6.669|0.429391,A|downstream_gene_variant|MODIFIER|TMPRSS11B|ENSG00000185873|Transcript|ENST00000510856|retained_intron||||||||||rs746441461&COSV100219485|691|-1||SNV|HGNC|HGNC:25398||3|||||||||||||||||||8.335e-06|0|6.401e-05|0|0|0|0|0|0||0&1|0&1||||||6.669|0.429391	GT:AD:DP	0/1:28,7:.	C/A	4:68228051	A	ENSG00000185873	ENST00000502365	Transcript	downstream_gene_variant	MODIFIER						rs746441461,COSV100219485							6.669	0.429391	TMPRSS11B								SNV				0.0008335				496 / 49097025	0	0.1250	UNCLASSIFIED
4	68228051		C	A	.	.	CSQ=A|missense_variant|MODERATE|TMPRSS11B|ENSG00000185873|Transcript|ENST00000332644|protein_coding|10/10||ENST00000332644.6:c.1111G>T|ENSP00000330475.5:p.Ala371Ser|1247|1111|371|A/S|Gct/Tct|rs746441461&COSV100219485||-1||SNV|HGNC|HGNC:25398|YES|1|P1|CCDS3521.1|ENSP00000330475|Q86T26.155||UPI000013E249||NM_182502.3|deleterious(0)|benign(0.078)|Gene3D:2.40.10.10&Gene3D:2.40.10.10&AFDB-ENSP_mappings:AF-Q86T26-F1.A&Pfam:PF00089&PIRSF:PIRSF037941&Prints:PR00722&PROSITE_profiles:PS50240&PANTHER:PTHR24253&PANTHER:PTHR24253:SF56&SMART:SM00020&Superfamily:SSF50494&CDD:cd00190||||||||8.335e-06|0|6.401e-05|0|0|0|0|0|0||0&1|0&1||||||6.669|0.429391,A|downstream_gene_variant|MODIFIER|TMPRSS11B|ENSG00000185873|Transcript|ENST00000502365|retained_intron||||||||||rs746441461&COSV100219485|3782|-1||SNV|HGNC|HGNC:25398||1|||||||||||||||||||8.335e-06|0|6.401e-05|0|0|0|0|0|0||0&1|0&1||||||6.669|0.429391,A|downstream_gene_variant|MODIFIER|TMPRSS11B|ENSG00000185873|Transcript|ENST00000510856|retained_intron||||||||||rs746441461&COSV100219485|691|-1||SNV|HGNC|HGNC:25398||3|||||||||||||||||||8.335e-06|0|6.401e-05|0|0|0|0|0|0||0&1|0&1||||||6.669|0.429391	GT:AD:DP	0/1:28,7:.	C/A	4:68228051	A	ENSG00000185873	ENST00000510856	Transcript	downstream_gene_variant	MODIFIER						rs746441461,COSV100219485							6.669	0.429391	TMPRSS11B								SNV				0.0008335				496 / 49097025	0	0.1250	UNCLASSIFIED
12	25225627		G	A	.	.	CSQ=A|missense_variant|MODERATE|KRAS|ENSG00000133703|Transcript|ENST00000256078|protein_coding|4/6||ENST00000256078.10:c.437C>T|ENSP00000256078.5:p.Ala146Val|627|437|146|A/V|gCa/gTa|rs1057519725&COSV55498939||-1||SNV|HGNC|HGNC:6407||1|A1|CCDS8703.1|ENSP00000256078|P01116.251|L7RSL8.77|UPI0000133132|P01116-1|NM_001369786.1&NM_033360.4|deleterious_low_confidence(0)||PDB-ENSP_mappings:3gft.A&PDB-ENSP_mappings:3gft.B&PDB-ENSP_mappings:3gft.C&PDB-ENSP_mappings:3gft.D&PDB-ENSP_mappings:3gft.E&PDB-ENSP_mappings:3gft.F&PDB-ENSP_mappings:4dsn.A&PDB-ENSP_mappings:4dso.A&PDB-ENSP_mappings:4dst.A&PDB-ENSP_mappings:4dsu.A&PDB-ENSP_mappings:4epr.A&PDB-ENSP_mappings:4ept.A&PDB-ENSP_mappings:4epv.A&PDB-ENSP_mappings:4epw.A&PDB-ENSP_mappings:4epx.A&PDB-ENSP_mappings:4epy.A&PDB-ENSP_mappings:4l8g.A&PDB-ENSP_mappings:4ldj.A&PDB-ENSP_mappings:4lpk.A&PDB-ENSP_mappings:4lpk.B&PDB-ENSP_mappings:4lrw.A&PDB-ENSP_mappings:4lrw.B&PDB-ENSP_mappings:4luc.A&PDB-ENSP_mappings:4luc.B&PDB-ENSP_mappings:4lv6.A&PDB-ENSP_mappings:4lv6.B&PDB-ENSP_mappings:4lyf.A&PDB-ENSP_mappings:4lyf.B&PDB-ENSP_mappings:4lyf.C&PDB-ENSP_mappings:4lyh.A&PDB-ENSP_mappings:4lyh.B&PDB-ENSP_mappings:4lyh.C&PDB-ENSP_mappings:4lyj.A&PDB-ENSP_mappings:4m1o.A&PDB-ENSP_mappings:4m1o.B&PDB-ENSP_mappings:4m1o.C&PDB-ENSP_mappings:4m1s.A&PDB-ENSP_mappings:4m1s.B&PDB-ENSP_mappings:4m1s.C&PDB-ENSP_mappings:4m1t.A&PDB-ENSP_mappings:4m1t.B&PDB-ENSP_mappings:4m1t.C&PDB-ENSP_mappings:4m1w.A&PDB-ENSP_mappings:4m1w.B&PDB-ENSP_mappings:4m1w.C&PDB-ENSP_mappings:4m1y.A&PDB-ENSP_mappings:4m1y.B&PDB-ENSP_mappings:4m1y.C&PDB-ENSP_mappings:4m21.A&PDB-ENSP_mappings:4m21.B&PDB-ENSP_mappings:4m21.C&PDB-ENSP_mappings:4m22.A&PDB-ENSP_mappings:4m22.B&PDB-ENSP_mappings:4m22.C&PDB-ENSP_mappings:4nmm.A&PDB-ENSP_mappings:4obe.A&PDB-ENSP_mappings:4obe.B&PDB-ENSP_mappings:4pzy.A&PDB-ENSP_mappings:4pzy.B&PDB-ENSP_mappings:4pzz.A&PDB-ENSP_mappings:4q01.A&PDB-ENSP_mappings:4q01.B&PDB-ENSP_mappings:4q02.A&PDB-ENSP_mappings:4q03.A&PDB-ENSP_mappings:4ql3.A&PDB-ENSP_mappings:4tq9.A&PDB-ENSP_mappings:4tq9.B&PDB-ENSP_mappings:4tqa.A&PDB-ENSP_mappings:4tqa.B&PDB-ENSP_mappings:4wa7.A&PDB-ENSP_mappings:5f2e.A&PDB-ENSP_mappings:5kyk.A&PDB-ENSP_mappings:5kyk.B&PDB-ENSP_mappings:5kyk.C&PDB-ENSP_mappings:5mla.A&PDB-ENSP_mappings:5mlb.A&PDB-ENSP_mappings:5mlb.C&PDB-ENSP_mappings:5mlb.E&PDB-ENSP_mappings:5mlb.G&PDB-ENSP_mappings:5o2s.A&PDB-ENSP_mappings:5o2s.C&PDB-ENSP_mappings:5o2s.E&PDB-ENSP_mappings:5o2s.G&PDB-ENSP_mappings:5o2t.A&PDB-ENSP_mappings:5ocg.A&PDB-ENSP_mappings:5oco.A&PDB-ENSP_mappings:5oco.B&PDB-ENSP_mappings:5oco.C&PDB-ENSP_mappings:5oco.D&PDB-ENSP_mappings:5oco.E&PDB-ENSP_mappings:5oco.F&PDB-ENSP_mappings:5oct.A&PDB-ENSP_mappings:5oct.B&PDB-ENSP_mappings:5oct.C&PDB-ENSP_mappings:5oct.D&PDB-ENSP_mappings:5oct.E&PDB-ENSP_mappings:5oct.F&PDB-ENSP_mappings:5tar.A&PDB-ENSP_mappings:5tb5.A&PDB-ENSP_mappings:5tb5.C&PDB-ENSP_mappings:5ufe.A&PDB-ENSP_mappings:5ufq.A&PDB-ENSP_mappings:5ufq.B&PDB-ENSP_mappings:5uk9.A&PDB-ENSP_mappings:5uk9.B&PDB-ENSP_mappings:5uqw.A&PDB-ENSP_mappings:5uqw.B&PDB-ENSP_mappings:5us4.A&PDB-ENSP_mappings:5us4.B&PDB-ENSP_mappings:5usj.A&PDB-ENSP_mappings:5usj.B&PDB-ENSP_mappings:5usj.C&PDB-ENSP_mappings:5usj.D&PDB-ENSP_mappings:5usj.E&PDB-ENSP_mappings:5usj.F&PDB-ENSP_mappings:5v6s.A&PDB-ENSP_mappings:5v6v.A&PDB-ENSP_mappings:5v6v.B&PDB-ENSP_mappings:5v71.A&PDB-ENSP_mappings:5v71.B&PDB-ENSP_mappings:5v71.C&PDB-ENSP_mappings:5v71.D&PDB-ENSP_mappings:5v71.E&PDB-ENSP_mappings:5v71.F&PDB-ENSP_mappings:5v9l.A&PDB-ENSP_mappings:5v9l.B&PDB-ENSP_mappings:5v9l.C&PDB-ENSP_mappings:5v9o.A&PDB-ENSP_mappings:5v9u.A&PDB-ENSP_mappings:5v9u.B&PDB-ENSP_mappings:5vbm.A&PDB-ENSP_mappings:5vp7.A&PDB-ENSP_mappings:5vp7.F&PDB-ENSP_mappings:5vpi.A&PDB-ENSP_mappings:5vpi.B&PDB-ENSP_mappings:5vpy.A&PDB-ENSP_mappings:5vpy.B&PDB-ENSP_mappings:5vpz.A&PDB-ENSP_mappings:5vpz.B&PDB-ENSP_mappings:5vq0.A&PDB-ENSP_mappings:5vq0.B&PDB-ENSP_mappings:5vq1.A&PDB-ENSP_mappings:5vq1.B&PDB-ENSP_mappings:5vq2.A&PDB-ENSP_mappings:5vq2.B&PDB-ENSP_mappings:5vq6.A&PDB-ENSP_mappings:5vq6.B&PDB-ENSP_mappings:5vq8.A&PDB-ENSP_mappings:5vq8.B&PDB-ENSP_mappings:5w22.A&PDB-ENSP_mappings:5w22.B&PDB-ENSP_mappings:5wha.A&PDB-ENSP_mappings:5wha.D&PDB-ENSP_mappings:5wha.G&PDB-ENSP_mappings:5wha.J&PDB-ENSP_mappings:5whb.A&PDB-ENSP_mappings:5whb.D&PDB-ENSP_mappings:5whb.G&PDB-ENSP_mappings:5whb.J&PDB-ENSP_mappings:5whd.A&PDB-ENSP_mappings:5whd.B&PDB-ENSP_mappings:5whd.C&PDB-ENSP_mappings:5whd.D&PDB-ENSP_mappings:5whe.A&PDB-ENSP_mappings:5whe.D&PDB-ENSP_mappings:5whe.G&PDB-ENSP_mappings:5whe.J&PDB-ENSP_mappings:5wlb.A&PDB-ENSP_mappings:5wlb.D&PDB-ENSP_mappings:5wpm.A&PDB-ENSP_mappings:5xco.A&PDB-ENSP_mappings:5yxz.A&PDB-ENSP_mappings:5yy1.A&PDB-ENSP_mappings:6ark.A&PDB-ENSP_mappings:6asa.A&PDB-ENSP_mappings:6ase.A&PDB-ENSP_mappings:6b0v.A&PDB-ENSP_mappings:6b0v.B&PDB-ENSP_mappings:6b0y.A&PDB-ENSP_mappings:6b0y.B&PDB-ENSP_mappings:6bof.A&PDB-ENSP_mappings:6bof.B&PDB-ENSP_mappings:6bp1.A&PDB-ENSP_mappings:6cc9.B&PDB-ENSP_mappings:6cch.B&PDB-ENSP_mappings:6ccx.B&PDB-ENSP_mappings:6cu6.A&PDB-ENSP_mappings:6cu6.B&PDB-ENSP_mappings:6cu6.C&PDB-ENSP_mappings:6e6f.A&PDB-ENSP_mappings:6e6f.B&PDB-ENSP_mappings:6e6g.A&PDB-ENSP_mappings:6epl.R&PDB-ENSP_mappings:6epm.R&PDB-ENSP_mappings:6epn.R&PDB-ENSP_mappings:6epo.R&PDB-ENSP_mappings:6epp.R&PDB-ENSP_mappings:6f76.A&PDB-ENSP_mappings:6f76.B&PDB-ENSP_mappings:6f76.C&PDB-ENSP_mappings:6f76.D&PDB-ENSP_mappings:6f76.E&PDB-ENSP_mappings:6f76.F&PDB-ENSP_mappings:6fa1.A&PDB-ENSP_mappings:6fa1.B&PDB-ENSP_mappings:6fa1.C&PDB-ENSP_mappings:6fa1.D&PDB-ENSP_mappings:6fa1.E&PDB-ENSP_mappings:6fa1.F&PDB-ENSP_mappings:6fa2.A&PDB-ENSP_mappings:6fa2.B&PDB-ENSP_mappings:6fa2.C&PDB-ENSP_mappings:6fa2.D&PDB-ENSP_mappings:6fa2.E&PDB-ENSP_mappings:6fa2.F&PDB-ENSP_mappings:6fa3.A&PDB-ENSP_mappings:6fa3.B&PDB-ENSP_mappings:6fa3.C&PDB-ENSP_mappings:6fa3.D&PDB-ENSP_mappings:6fa3.E&PDB-ENSP_mappings:6fa3.F&PDB-ENSP_mappings:6fa4.A&PDB-ENSP_mappings:6fa4.B&PDB-ENSP_mappings:6fa4.C&PDB-ENSP_mappings:6fa4.D&PDB-ENSP_mappings:6fa4.E&PDB-ENSP_mappings:6fa4.F&PDB-ENSP_mappings:6gj5.A&PDB-ENSP_mappings:6gj5.B&PDB-ENSP_mappings:6gj6.A&PDB-ENSP_mappings:6gj7.A&PDB-ENSP_mappings:6gj8.A&PDB-ENSP_mappings:6god.A&PDB-ENSP_mappings:6goe.A&PDB-ENSP_mappings:6gof.A&PDB-ENSP_mappings:6gog.A&PDB-ENSP_mappings:6gog.B&PDB-ENSP_mappings:6gog.C&PDB-ENSP_mappings:6gog.D&PDB-ENSP_mappings:6gog.E&PDB-ENSP_mappings:6gog.F&PDB-ENSP_mappings:6gom.A&PDB-ENSP_mappings:6gom.B&PDB-ENSP_mappings:6gom.C&PDB-ENSP_mappings:6gom.D&PDB-ENSP_mappings:6gom.E&PDB-ENSP_mappings:6gom.F&PDB-ENSP_mappings:6gqt.A&PDB-ENSP_mappings:6gqt.B&PDB-ENSP_mappings:6gqt.C&PDB-ENSP_mappings:6gqt.D&PDB-ENSP_mappings:6gqt.E&PDB-ENSP_mappings:6gqt.F&PDB-ENSP_mappings:6gqw.A&PDB-ENSP_mappings:6gqw.B&PDB-ENSP_mappings:6gqw.C&PDB-ENSP_mappings:6gqw.D&PDB-ENSP_mappings:6gqw.E&PDB-ENSP_mappings:6gqw.F&PDB-ENSP_mappings:6gqx.A&PDB-ENSP_mappings:6gqx.B&PDB-ENSP_mappings:6gqx.C&PDB-ENSP_mappings:6gqx.D&PDB-ENSP_mappings:6gqx.E&PDB-ENSP_mappings:6gqx.F&PDB-ENSP_mappings:6gqy.A&PDB-ENSP_mappings:6gqy.B&PDB-ENSP_mappings:6gqy.C&PDB-ENSP_mappings:6gqy.D&PDB-ENSP_mappings:6gqy.E&PDB-ENSP_mappings:6gqy.F&PDB-ENSP_mappings:6h46.A&PDB-ENSP_mappings:6h47.A&PDB-ENSP_mappings:6m9w.A&PDB-ENSP_mappings:6mbq.A&PDB-ENSP_mappings:6mbt.A&PDB-ENSP_mappings:6mbt.B&PDB-ENSP_mappings:6mbu.A&PDB-ENSP_mappings:6mbu.B&PDB-ENSP_mappings:6mnx.A&PDB-ENSP_mappings:6mnx.B&PDB-ENSP_mappings:6mnx.C&PDB-ENSP_mappings:6mnx.D&PDB-ENSP_mappings:6mnx.E&PDB-ENSP_mappings:6mnx.F&PDB-ENSP_mappings:6mqg.A&PDB-ENSP_mappings:6mqn.A&PDB-ENSP_mappings:6mqn.B&PDB-ENSP_mappings:6mqn.C&PDB-ENSP_mappings:6ms9.A&PDB-ENSP_mappings:6ms9.B&PDB-ENSP_mappings:6ms9.C&PDB-ENSP_mappings:6mta.A&PDB-ENSP_mappings:6mta.B&PDB-ENSP_mappings:6mta.C&PDB-ENSP_mappings:6n2j.A&PDB-ENSP_mappings:6n2k.A&PDB-ENSP_mappings:6o36.A&PDB-ENSP_mappings:6o36.B&PDB-ENSP_mappings:6o36.C&PDB-ENSP_mappings:6o46.A&PDB-ENSP_mappings:6o46.B&PDB-ENSP_mappings:6o46.C&PDB-ENSP_mappings:6ob2.A&PDB-ENSP_mappings:6ob2.C&PDB-ENSP_mappings:6ob3.A&PDB-ENSP_mappings:6ob3.C&PDB-ENSP_mappings:6oim.A&PDB-ENSP_mappings:6p0z.A&PDB-ENSP_mappings:6p0z.B&PDB-ENSP_mappings:6p8w.A&PDB-ENSP_mappings:6p8w.B&PDB-ENSP_mappings:6p8x.A&PDB-ENSP_mappings:6p8x.B&PDB-ENSP_mappings:6p8x.C&PDB-ENSP_mappings:6p8x.D&PDB-ENSP_mappings:6p8y.A&PDB-ENSP_mappings:6p8y.B&PDB-ENSP_mappings:6p8z.A&PDB-ENSP_mappings:6p8z.B&PDB-ENSP_mappings:6pgo.A&PDB-ENSP_mappings:6pgo.B&PDB-ENSP_mappings:6pgp.A&PDB-ENSP_mappings:6pgp.B&PDB-ENSP_mappings:6pq3.A&PDB-ENSP_mappings:6pts.B&PDB-ENSP_mappings:6ptw.B&PDB-ENSP_mappings:6quu.A&PDB-ENSP_mappings:6quu.B&PDB-ENSP_mappings:6quv.A&PDB-ENSP_mappings:6quv.B&PDB-ENSP_mappings:6quw.A&PDB-ENSP_mappings:6quw.B&PDB-ENSP_mappings:6qux.A&PDB-ENSP_mappings:6qux.B&PDB-ENSP_mappings:6t5b.A&PDB-ENSP_mappings:6t5u.B&PDB-ENSP_mappings:6t5v.A&PDB-ENSP_mappings:6tam.A&PDB-ENSP_mappings:6tan.A&PDB-ENSP_mappings:6usx.A&PDB-ENSP_mappings:6usx.B&PDB-ENSP_mappings:6usz.A&PDB-ENSP_mappings:6ut0.A&PDB-ENSP_mappings:6ut0.B&PDB-ENSP_mappings:6ut0.C&PDB-ENSP_mappings:6ut0.D&PDB-ENSP_mappings:6v5l.A&PDB-ENSP_mappings:6v65.C&PDB-ENSP_mappings:6v6f.C&PDB-ENSP_mappings:6vc8.A&PDB-ENSP_mappings:6vc8.B&PDB-ENSP_mappings:6vc8.C&PDB-ENSP_mappings:6vjj.A&PDB-ENSP_mappings:6w4e.B&PDB-ENSP_mappings:6w4e.C&PDB-ENSP_mappings:6w4f.B&PDB-ENSP_mappings:6w4f.C&PDB-ENSP_mappings:6wgn.A&PDB-ENSP_mappings:6wgn.B&PDB-ENSP_mappings:6wgn.C&PDB-ENSP_mappings:6ws2.A&PDB-ENSP_mappings:6ws2.B&PDB-ENSP_mappings:6ws2.C&PDB-ENSP_mappings:6ws2.D&PDB-ENSP_mappings:6ws4.A&PDB-ENSP_mappings:6ws4.B&PDB-ENSP_mappings:6ws4.C&PDB-ENSP_mappings:6ws4.D&PDB-ENSP_mappings:6xgu.A&PDB-ENSP_mappings:6xgv.A&PDB-ENSP_mappings:6xhb.A&PDB-ENSP_mappings:6yr8.A&PDB-ENSP_mappings:6yxw.A&PDB-ENSP_mappings:6yxw.C&PDB-ENSP_mappings:6zl5.A&PDB-ENSP_mappings:6zli.A&PDB-ENSP_mappings:6zli.B&PDB-ENSP_mappings:7a1w.A&PDB-ENSP_mappings:7a1x.A&PDB-ENSP_mappings:7a1y.A&PDB-ENSP_mappings:7a47.A&PDB-ENSP_mappings:7a47.C&PDB-ENSP_mappings:7a47.E&PDB-ENSP_mappings:7aca.A&PDB-ENSP_mappings:7aca.B&PDB-ENSP_mappings:7aca.C&PDB-ENSP_mappings:7aca.D&PDB-ENSP_mappings:7acf.A&PDB-ENSP_mappings:7acf.B&PDB-ENSP_mappings:7acf.C&PDB-ENSP_mappings:7acf.D&PDB-ENSP_mappings:7ach.A&PDB-ENSP_mappings:7ach.B&PDB-ENSP_mappings:7acq.A&PDB-ENSP_mappings:7acq.B&PDB-ENSP_mappings:7acq.C&PDB-ENSP_mappings:7c40.A&PDB-ENSP_mappings:7c41.A&PDB-ENSP_mappings:7c41.G&PDB-ENSP_mappings:7c41.J&PDB-ENSP_mappings:7c41.M&PDB-ENSP_mappings:7ew9.A&PDB-ENSP_mappings:7ew9.B&PDB-ENSP_mappings:7ew9.C&PDB-ENSP_mappings:7ewa.A&PDB-ENSP_mappings:7ewa.B&PDB-ENSP_mappings:7ewa.C&PDB-ENSP_mappings:7ewb.A&PDB-ENSP_mappings:7ewb.B&PDB-ENSP_mappings:7ewb.C&PDB-ENSP_mappings:7eyx.A&PDB-ENSP_mappings:7f0w.A&PDB-ENSP_mappings:7kfz.A&PDB-ENSP_mappings:7kfz.C&PDB-ENSP_mappings:7kmr.A&PDB-ENSP_mappings:7kyz.A&PDB-ENSP_mappings:7lc1.A&PDB-ENSP_mappings:7lc1.C&PDB-ENSP_mappings:7lc2.A&PDB-ENSP_mappings:7lc2.B&PDB-ENSP_mappings:7lgi.A&PDB-ENSP_mappings:7mqu.A&PDB-ENSP_mappings:7ny8.A&PDB-ENSP_mappings:7ny8.B&PDB-ENSP_mappings:7o70.A&PDB-ENSP_mappings:7o70.D&PDB-ENSP_mappings:7oo7.A&PDB-ENSP_mappings:7oo7.D&PDB-ENSP_mappings:7r0m.A&PDB-ENSP_mappings:7r0m.B&PDB-ENSP_mappings:7r0n.A&PDB-ENSP_mappings:7r0q.A&PDB-ENSP_mappings:7r0q.B&PDB-ENSP_mappings:7rov.A&PDB-ENSP_mappings:7rov.B&PDB-ENSP_mappings:7rp2.A&PDB-ENSP_mappings:7rp4.A&PDB-ENSP_mappings:7rp4.B&PDB-ENSP_mappings:7rpz.A&PDB-ENSP_mappings:7rsc.A&PDB-ENSP_mappings:7rsc.B&PDB-ENSP_mappings:7rse.A&PDB-ENSP_mappings:7rse.B&PDB-ENSP_mappings:7rt1.A&PDB-ENSP_mappings:7rt2.A&PDB-ENSP_mappings:7rt3.A&PDB-ENSP_mappings:7rt4.A&PDB-ENSP_mappings:7rt5.A&PDB-ENSP_mappings:7scw.A&PDB-ENSP_mappings:7scx.A&PDB-ENSP_mappings:7t47.A&PDB-ENSP_mappings:7tle.A&PDB-ENSP_mappings:7tlg.A&PDB-ENSP_mappings:7tlg.B&PDB-ENSP_mappings:7tlk.A&PDB-ENSP_mappings:7tlk.B&PDB-ENSP_mappings:7vvb.A&PDB-ENSP_mappings:8dni.A&PROSITE_profiles:PS51420&PROSITE_profiles:PS51421&PROSITE_profiles:PS51419&CDD:cd04138&PANTHER:PTHR24070&PANTHER:PTHR24070:SF388&Gene3D:3.40.50.300&TIGRFAM:TIGR00231&Pfam:PF00071&SMART:SM00173&SMART:SM00176&SMART:SM00175&SMART:SM00174&Superfamily:SSF52540&Prints:PR00449&AFDB-ENSP_mappings:AF-P01116-F1.A|||||||||||||||||not_provided&pathogenic|0&1|1&1||||||32|4.792440,A|missense_variant|MODERATE|KRAS|ENSG00000133703|Transcript|ENST00000311936|protein_coding|4/5||ENST00000311936.8:c.437C>T|ENSP00000308495.3:p.Ala146Val|627|437|146|A/V|gCa/gTa|rs1057519725&COSV55498939||-1||SNV|HGNC|HGNC:6407|YES|1|P3|CCDS8702.1|ENSP00000308495|P01116.251|A0A024RAV5.54|UPI0000001252|P01116-2|NM_004985.5|deleterious_low_confidence(0)||Gene3D:3.40.50.300&PDB-ENSP_mappings:6xha.A&PDB-ENSP_mappings:6xi7.A&PDB-ENSP_mappings:7lz5.A&PDB-ENSP_mappings:7mdp.A&PDB-ENSP_mappings:7ok3.A&PDB-ENSP_mappings:7ok4.A&PDB-ENSP_mappings:7q9u.AAA&PDB-ENSP_mappings:7q9u.BBB&PDB-ENSP_mappings:7rp3.A&PDB-ENSP_mappings:7ycc.A&PDB-ENSP_mappings:7ycc.B&PDB-ENSP_mappings:7ycc.C&PDB-ENSP_mappings:7yce.A&PDB-ENSP_mappings:8dnj.A&PDB-ENSP_mappings:8dnj.B&PDB-ENSP_mappings:8dnj.C&PDB-ENSP_mappings:8dnk.A&Pfam:PF00071&Prints:PR00449&PROSITE_profiles:PS51419&PROSITE_profiles:PS51420&PROSITE_profiles:PS51421&PANTHER:PTHR24070&PANTHER:PTHR24070:SF388&SMART:SM00173&SMART:SM00174&SMART:SM00175&Superfamily:SSF52540&TIGRFAM:TIGR00231&CDD:cd04138|||||||||||||||||not_provided&pathogenic|0&1|1&1||||||32|4.792440,A|intron_variant|MODIFIER|KRAS|ENSG00000133703|Transcript|ENST00000557334|protein_coding||2/2|ENST00000557334.6:c.112-15716C>T|||||||rs1057519725&COSV55498939||-1||SNV|HGNC|HGNC:6407||5|||ENSP00000452512||G3V5T7.63|UPI00021CF477||||||||||||||||||||||not_provided&pathogenic|0&1|1&1||||||32|4.792440,A|non_coding_transcript_exon_variant|MODIFIER||ENSG00000275197|Transcript|ENST00000620933|lncRNA|1/1||ENST00000620933.1:n.525G>A||525|||||rs1057519725&COSV55498939||1||SNV|||YES|||||||||||||||||||||||||||||not_provided&pathogenic|0&1|1&1||||||32|4.792440,A|missense_variant|MODERATE|KRAS|ENSG00000133703|Transcript|ENST00000685328|protein_coding|4/5||ENST00000685328.1:c.437C>T|ENSP00000508921.1:p.Ala146Val|620|437|146|A/V|gCa/gTa|rs1057519725&COSV55498939||-1||SNV|HGNC|HGNC:6407|||P3|CCDS8702.1|ENSP00000508921|P01116.251|A0A024RAV5.54|UPI0000001252|P01116-2|NM_001369787.1|deleterious_low_confidence(0)||Gene3D:3.40.50.300&PDB-ENSP_mappings:6xha.A&PDB-ENSP_mappings:6xi7.A&PDB-ENSP_mappings:7lz5.A&PDB-ENSP_mappings:7mdp.A&PDB-ENSP_mappings:7ok3.A&PDB-ENSP_mappings:7ok4.A&PDB-ENSP_mappings:7q9u.AAA&PDB-ENSP_mappings:7q9u.BBB&PDB-ENSP_mappings:7rp3.A&PDB-ENSP_mappings:7ycc.A&PDB-ENSP_mappings:7ycc.B&PDB-ENSP_mappings:7ycc.C&PDB-ENSP_mappings:7yce.A&PDB-ENSP_mappings:8dnj.A&PDB-ENSP_mappings:8dnj.B&PDB-ENSP_mappings:8dnj.C&PDB-ENSP_mappings:8dnk.A&Pfam:PF00071&Prints:PR00449&PROSITE_profiles:PS51419&PROSITE_profiles:PS51420&PROSITE_profiles:PS51421&PANTHER:PTHR24070&PANTHER:PTHR24070:SF388&SMART:SM00173&SMART:SM00174&SMART:SM00175&Superfamily:SSF52540&TIGRFAM:TIGR00231&CDD:cd04138|||||||||||||||||not_provided&pathogenic|0&1|1&1||||||32|4.792440,A|3_prime_UTR_variant&NMD_transcript_variant|MODIFIER|KRAS|ENSG00000133703|Transcript|ENST00000686877|nonsense_mediated_decay|5/6||ENST00000686877.1:c.*408C>T||745|||||rs1057519725&COSV55498939||-1||SNV|HGNC|HGNC:6407|||||ENSP00000510431||A0A8I5KR86.2|UPI001E2497D5||||||||||||||||||||||not_provided&pathogenic|0&1|1&1||||||32|4.792440,A|3_prime_UTR_variant&NMD_transcript_variant|MODIFIER|KRAS|ENSG00000133703|Transcript|ENST00000687356|nonsense_mediated_decay|3/4||ENST00000687356.1:c.*135C>T||446|||||rs1057519725&COSV55498939||-1||SNV|HGNC|HGNC:6407|||||ENSP00000510511||A0A8I5KXN3.2|UPI00015AA4A0||||||||||||||||||||||not_provided&pathogenic|0&1|1&1||||||32|4.792440,A|non_coding_transcript_exon_variant|MODIFIER|KRAS|ENSG00000133703|Transcript|ENST00000688228|retained_intron|2/3||ENST00000688228.1:n.911C>T||911|||||rs1057519725&COSV55498939||-1||SNV|HGNC|HGNC:6407||||||||||||||||||||||||||||||not_provided&pathogenic|0&1|1&1||||||32|4.792440,A|missense_variant|MODERATE|KRAS|ENSG00000133703|Transcript|ENST00000688940|protein_coding|4/5||ENST00000688940.1:c.437C>T|ENSP00000509238.1:p.Ala146Val|638|437|146|A/V|gCa/gTa|rs1057519725&COSV55498939||-1||SNV|HGNC|HGNC:6407|||P3|CCDS8702.1|ENSP00000509238|P01116.251|A0A024RAV5.54|UPI0000001252|P01116-2||deleterious_low_confidence(0)||Gene3D:3.40.50.300&PDB-ENSP_mappings:6xha.A&PDB-ENSP_mappings:6xi7.A&PDB-ENSP_mappings:7lz5.A&PDB-ENSP_mappings:7mdp.A&PDB-ENSP_mappings:7ok3.A&PDB-ENSP_mappings:7ok4.A&PDB-ENSP_mappings:7q9u.AAA&PDB-ENSP_mappings:7q9u.BBB&PDB-ENSP_mappings:7rp3.A&PDB-ENSP_mappings:7ycc.A&PDB-ENSP_mappings:7ycc.B&PDB-ENSP_mappings:7ycc.C&PDB-ENSP_mappings:7yce.A&PDB-ENSP_mappings:8dnj.A&PDB-ENSP_mappings:8dnj.B&PDB-ENSP_mappings:8dnj.C&PDB-ENSP_mappings:8dnk.A&Pfam:PF00071&Prints:PR00449&PROSITE_profiles:PS51419&PROSITE_profiles:PS51420&PROSITE_profiles:PS51421&PANTHER:PTHR24070&PANTHER:PTHR24070:SF388&SMART:SM00173&SMART:SM00174&SMART:SM00175&Superfamily:SSF52540&TIGRFAM:TIGR00231&CDD:cd04138|||||||||||||||||not_provided&pathogenic|0&1|1&1||||||32|4.792440,A|missense_variant&NMD_transcript_variant|MODERATE|KRAS|ENSG00000133703|Transcript|ENST00000690406|nonsense_mediated_decay|1/3||ENST00000690406.1:c.149C>T|ENSP00000509798.1:p.Ala50Val|147|149|50|A/V|gCa/gTa|rs1057519725&COSV55498939||-1|cds_start_NF|SNV|HGNC|HGNC:6407|||||ENSP00000509798||A0A8I5KYH6.2&A0A221ZRZ5.11|UPI000B8D9C09|||deleterious_low_confidence(0)|probably_damaging(0.985)||||||||||||||||||not_provided&pathogenic|0&1|1&1||||||32|4.792440,A|3_prime_UTR_variant&NMD_transcript_variant|MODIFIER|KRAS|ENSG00000133703|Transcript|ENST00000690804|nonsense_mediated_decay|5/6||ENST00000690804.1:c.*398C>T||744|||||rs1057519725&COSV55498939||-1||SNV|HGNC|HGNC:6407|||||ENSP00000508568||A0A8I5KQU3.2|UPI001E249B21||||||||||||||||||||||not_provided&pathogenic|0&1|1&1||||||32|4.792440,A|missense_variant|MODERATE|KRAS|ENSG00000133703|Transcript|ENST00000692768|protein_coding|3/4||ENST00000692768.1:c.239C>T|ENSP00000510254.1:p.Ala80Val|493|239|80|A/V|gCa/gTa|rs1057519725&COSV55498939||-1||SNV|HGNC|HGNC:6407|||||ENSP00000510254||A0A8I5KUB5.2|UPI001E24C9F0|||deleterious_low_confidence(0)||Gene3D:3.40.50.300&Pfam:PF00071&Prints:PR00449&PROSITE_profiles:PS51419&PROSITE_profiles:PS51421&PANTHER:PTHR24070&PANTHER:PTHR24070:SF388&SMART:SM00173&SMART:SM00174&SMART:SM00175&Superfamily:SSF52540&TIGRFAM:TIGR00231|||||||||||||||||not_provided&pathogenic|0&1|1&1||||||32|4.792440,A|missense_variant|MODERATE|KRAS|ENSG00000133703|Transcript|ENST00000693229|protein_coding|4/5||ENST00000693229.1:c.362C>T|ENSP00000509223.1:p.Ala121Val|522|362|121|A/V|gCa/gTa|rs1057519725&COSV55498939||-1||SNV|HGNC|HGNC:6407|||||ENSP00000509223||A0A8I5KQ21.2|UPI001E2444E0|||deleterious_low_confidence(0)|probably_damaging(0.982)|Gene3D:3.40.50.300&Pfam:PF00071&PROSITE_profiles:PS51419&PROSITE_profiles:PS51421&PANTHER:PTHR24070&PANTHER:PTHR24070:SF388&SMART:SM00173&SMART:SM00174&SMART:SM00175&Superfamily:SSF52540&TIGRFAM:TIGR00231|||||||||||||||||not_provided&pathogenic|0&1|1&1||||||32|4.792440	GT:AD:DP	0/1:149,9:.	G/A	12:25225627	A	ENSG00000133703	ENST00000256078	Transcript	missense_variant	MODERATE	627	437	146	A/V	gCa/gTa	rs1057519725,COSV55498939		A1			deleterious_low_confidence	0	32	4.792440	KRAS	CGC:ONC; OncoKB:ONC; 2020Rule:ONC; CTAT:ONC; Oncogene:ONC	COSV55498939:PATHOGENIC	EGFR tyrosine kinase inhibitor resistance|Endocrine resistance|MAPK signaling pathway|ErbB signaling pathway|Ras signaling pathway|Rap1 signaling pathway|Chemokine signaling pathway|FoxO signaling pathway|Sphingolipid signaling pathway|Phospholipase D signaling pathway|Mitophagy - animal|Autophagy - animal|mTOR signaling pathway|PI3K-Akt signaling pathway|Apoptosis|Longevity regulating pathway|Longevity regulating pathway - multiple species|Cellular senescence|Axon guidance|VEGF signaling pathway|Apelin signaling pathway|Gap junction|Signaling pathways regulating pluripotency of stem cells|C-type lectin receptor signaling pathway|Natural killer cell mediated cytotoxicity|T cell receptor signaling pathway|B cell receptor signaling pathway|Fc epsilon RI signaling pathway|Thermogenesis|Long-term potentiation|Neurotrophin signaling pathway|Cholinergic synapse|Serotonergic synapse|Long-term depression|Regulation of actin cytoskeleton|Insulin signaling pathway|GnRH signaling pathway|Progesterone-mediated oocyte maturation|Estrogen signaling pathway|Melanogenesis|Prolactin signaling pathway|Thyroid hormone signaling pathway|Oxytocin signaling pathway|Relaxin signaling pathway|GnRH secretion|AGE-RAGE signaling pathway in diabetic complications|Growth hormone synthesis, secretion and action|Aldosterone-regulated sodium reabsorption|Alzheimer disease|Pathways of neurodegeneration - multiple diseases|Alcoholism|Hepatitis C|Hepatitis B|Human cytomegalovirus infection|Human papillomavirus infection|Human T-cell leukemia virus 1 infection|Kaposi sarcoma-associated herpesvirus infection|Human immunodeficiency virus 1 infection|Pathways in cancer|Viral carcinogenesis|Proteoglycans in cancer|MicroRNAs in cancer|Chemical carcinogenesis - receptor activation|Chemical carcinogenesis - reactive oxygen species|Colorectal cancer|Renal cell carcinoma|Pancreatic cancer|Endometrial cancer|Glioma|Prostate cancer|Thyroid cancer|Melanoma|Bladder cancer|Chronic myeloid leukemia|Acute myeloid leukemia|Non-small cell lung cancer|Breast cancer|Hepatocellular carcinoma|Gastric cancer|Central carbon metabolism in cancer|Choline metabolism in cancer|PD-L1 expression and PD-1 checkpoint pathway in cancer|Lipid and atherosclerosis	hsa01521|hsa01522|hsa04010|hsa04012|hsa04014|hsa04015|hsa04062|hsa04068|hsa04071|hsa04072|hsa04137|hsa04140|hsa04150|hsa04151|hsa04210|hsa04211|hsa04213|hsa04218|hsa04360|hsa04370|hsa04371|hsa04540|hsa04550|hsa04625|hsa04650|hsa04660|hsa04662|hsa04664|hsa04714|hsa04720|hsa04722|hsa04725|hsa04726|hsa04730|hsa04810|hsa04910|hsa04912|hsa04914|hsa04915|hsa04916|hsa04917|hsa04919|hsa04921|hsa04926|hsa04929|hsa04933|hsa04935|hsa04960|hsa05010|hsa05022|hsa05034|hsa05160|hsa05161|hsa05163|hsa05165|hsa05166|hsa05167|hsa05170|hsa05200|hsa05203|hsa05205|hsa05206|hsa05207|hsa05208|hsa05210|hsa05211|hsa05212|hsa05213|hsa05214|hsa05215|hsa05216|hsa05218|hsa05219|hsa05220|hsa05221|hsa05223|hsa05224|hsa05225|hsa05226|hsa05230|hsa05231|hsa05235|hsa05417	RCV000423608; RCV000434735; RCV000441300; RCV000791299	Non-small cell lung carcinoma; Neoplasm of the thyroid gland; Neoplasm of the large intestine; OCULOECTODERMAL SYNDROME, SOMATIC	not provided; Pathogenic; Pathogenic; Pathogenic	SNV	c.437C>T	p.Ala146Val				PF00071.25: Ras family	IPR005225: Small GTP-binding protein domain	47691 / 49097025	82 / 49097025	0.6732	ONC
12	25225627		G	A	.	.	CSQ=A|missense_variant|MODERATE|KRAS|ENSG00000133703|Transcript|ENST00000256078|protein_coding|4/6||ENST00000256078.10:c.437C>T|ENSP00000256078.5:p.Ala146Val|627|437|146|A/V|gCa/gTa|rs1057519725&COSV55498939||-1||SNV|HGNC|HGNC:6407||1|A1|CCDS8703.1|ENSP00000256078|P01116.251|L7RSL8.77|UPI0000133132|P01116-1|NM_001369786.1&NM_033360.4|deleterious_low_confidence(0)||PDB-ENSP_mappings:3gft.A&PDB-ENSP_mappings:3gft.B&PDB-ENSP_mappings:3gft.C&PDB-ENSP_mappings:3gft.D&PDB-ENSP_mappings:3gft.E&PDB-ENSP_mappings:3gft.F&PDB-ENSP_mappings:4dsn.A&PDB-ENSP_mappings:4dso.A&PDB-ENSP_mappings:4dst.A&PDB-ENSP_mappings:4dsu.A&PDB-ENSP_mappings:4epr.A&PDB-ENSP_mappings:4ept.A&PDB-ENSP_mappings:4epv.A&PDB-ENSP_mappings:4epw.A&PDB-ENSP_mappings:4epx.A&PDB-ENSP_mappings:4epy.A&PDB-ENSP_mappings:4l8g.A&PDB-ENSP_mappings:4ldj.A&PDB-ENSP_mappings:4lpk.A&PDB-ENSP_mappings:4lpk.B&PDB-ENSP_mappings:4lrw.A&PDB-ENSP_mappings:4lrw.B&PDB-ENSP_mappings:4luc.A&PDB-ENSP_mappings:4luc.B&PDB-ENSP_mappings:4lv6.A&PDB-ENSP_mappings:4lv6.B&PDB-ENSP_mappings:4lyf.A&PDB-ENSP_mappings:4lyf.B&PDB-ENSP_mappings:4lyf.C&PDB-ENSP_mappings:4lyh.A&PDB-ENSP_mappings:4lyh.B&PDB-ENSP_mappings:4lyh.C&PDB-ENSP_mappings:4lyj.A&PDB-ENSP_mappings:4m1o.A&PDB-ENSP_mappings:4m1o.B&PDB-ENSP_mappings:4m1o.C&PDB-ENSP_mappings:4m1s.A&PDB-ENSP_mappings:4m1s.B&PDB-ENSP_mappings:4m1s.C&PDB-ENSP_mappings:4m1t.A&PDB-ENSP_mappings:4m1t.B&PDB-ENSP_mappings:4m1t.C&PDB-ENSP_mappings:4m1w.A&PDB-ENSP_mappings:4m1w.B&PDB-ENSP_mappings:4m1w.C&PDB-ENSP_mappings:4m1y.A&PDB-ENSP_mappings:4m1y.B&PDB-ENSP_mappings:4m1y.C&PDB-ENSP_mappings:4m21.A&PDB-ENSP_mappings:4m21.B&PDB-ENSP_mappings:4m21.C&PDB-ENSP_mappings:4m22.A&PDB-ENSP_mappings:4m22.B&PDB-ENSP_mappings:4m22.C&PDB-ENSP_mappings:4nmm.A&PDB-ENSP_mappings:4obe.A&PDB-ENSP_mappings:4obe.B&PDB-ENSP_mappings:4pzy.A&PDB-ENSP_mappings:4pzy.B&PDB-ENSP_mappings:4pzz.A&PDB-ENSP_mappings:4q01.A&PDB-ENSP_mappings:4q01.B&PDB-ENSP_mappings:4q02.A&PDB-ENSP_mappings:4q03.A&PDB-ENSP_mappings:4ql3.A&PDB-ENSP_mappings:4tq9.A&PDB-ENSP_mappings:4tq9.B&PDB-ENSP_mappings:4tqa.A&PDB-ENSP_mappings:4tqa.B&PDB-ENSP_mappings:4wa7.A&PDB-ENSP_mappings:5f2e.A&PDB-ENSP_mappings:5kyk.A&PDB-ENSP_mappings:5kyk.B&PDB-ENSP_mappings:5kyk.C&PDB-ENSP_mappings:5mla.A&PDB-ENSP_mappings:5mlb.A&PDB-ENSP_mappings:5mlb.C&PDB-ENSP_mappings:5mlb.E&PDB-ENSP_mappings:5mlb.G&PDB-ENSP_mappings:5o2s.A&PDB-ENSP_mappings:5o2s.C&PDB-ENSP_mappings:5o2s.E&PDB-ENSP_mappings:5o2s.G&PDB-ENSP_mappings:5o2t.A&PDB-ENSP_mappings:5ocg.A&PDB-ENSP_mappings:5oco.A&PDB-ENSP_mappings:5oco.B&PDB-ENSP_mappings:5oco.C&PDB-ENSP_mappings:5oco.D&PDB-ENSP_mappings:5oco.E&PDB-ENSP_mappings:5oco.F&PDB-ENSP_mappings:5oct.A&PDB-ENSP_mappings:5oct.B&PDB-ENSP_mappings:5oct.C&PDB-ENSP_mappings:5oct.D&PDB-ENSP_mappings:5oct.E&PDB-ENSP_mappings:5oct.F&PDB-ENSP_mappings:5tar.A&PDB-ENSP_mappings:5tb5.A&PDB-ENSP_mappings:5tb5.C&PDB-ENSP_mappings:5ufe.A&PDB-ENSP_mappings:5ufq.A&PDB-ENSP_mappings:5ufq.B&PDB-ENSP_mappings:5uk9.A&PDB-ENSP_mappings:5uk9.B&PDB-ENSP_mappings:5uqw.A&PDB-ENSP_mappings:5uqw.B&PDB-ENSP_mappings:5us4.A&PDB-ENSP_mappings:5us4.B&PDB-ENSP_mappings:5usj.A&PDB-ENSP_mappings:5usj.B&PDB-ENSP_mappings:5usj.C&PDB-ENSP_mappings:5usj.D&PDB-ENSP_mappings:5usj.E&PDB-ENSP_mappings:5usj.F&PDB-ENSP_mappings:5v6s.A&PDB-ENSP_mappings:5v6v.A&PDB-ENSP_mappings:5v6v.B&PDB-ENSP_mappings:5v71.A&PDB-ENSP_mappings:5v71.B&PDB-ENSP_mappings:5v71.C&PDB-ENSP_mappings:5v71.D&PDB-ENSP_mappings:5v71.E&PDB-ENSP_mappings:5v71.F&PDB-ENSP_mappings:5v9l.A&PDB-ENSP_mappings:5v9l.B&PDB-ENSP_mappings:5v9l.C&PDB-ENSP_mappings:5v9o.A&PDB-ENSP_mappings:5v9u.A&PDB-ENSP_mappings:5v9u.B&PDB-ENSP_mappings:5vbm.A&PDB-ENSP_mappings:5vp7.A&PDB-ENSP_mappings:5vp7.F&PDB-ENSP_mappings:5vpi.A&PDB-ENSP_mappings:5vpi.B&PDB-ENSP_mappings:5vpy.A&PDB-ENSP_mappings:5vpy.B&PDB-ENSP_mappings:5vpz.A&PDB-ENSP_mappings:5vpz.B&PDB-ENSP_mappings:5vq0.A&PDB-ENSP_mappings:5vq0.B&PDB-ENSP_mappings:5vq1.A&PDB-ENSP_mappings:5vq1.B&PDB-ENSP_mappings:5vq2.A&PDB-ENSP_mappings:5vq2.B&PDB-ENSP_mappings:5vq6.A&PDB-ENSP_mappings:5vq6.B&PDB-ENSP_mappings:5vq8.A&PDB-ENSP_mappings:5vq8.B&PDB-ENSP_mappings:5w22.A&PDB-ENSP_mappings:5w22.B&PDB-ENSP_mappings:5wha.A&PDB-ENSP_mappings:5wha.D&PDB-ENSP_mappings:5wha.G&PDB-ENSP_mappings:5wha.J&PDB-ENSP_mappings:5whb.A&PDB-ENSP_mappings:5whb.D&PDB-ENSP_mappings:5whb.G&PDB-ENSP_mappings:5whb.J&PDB-ENSP_mappings:5whd.A&PDB-ENSP_mappings:5whd.B&PDB-ENSP_mappings:5whd.C&PDB-ENSP_mappings:5whd.D&PDB-ENSP_mappings:5whe.A&PDB-ENSP_mappings:5whe.D&PDB-ENSP_mappings:5whe.G&PDB-ENSP_mappings:5whe.J&PDB-ENSP_mappings:5wlb.A&PDB-ENSP_mappings:5wlb.D&PDB-ENSP_mappings:5wpm.A&PDB-ENSP_mappings:5xco.A&PDB-ENSP_mappings:5yxz.A&PDB-ENSP_mappings:5yy1.A&PDB-ENSP_mappings:6ark.A&PDB-ENSP_mappings:6asa.A&PDB-ENSP_mappings:6ase.A&PDB-ENSP_mappings:6b0v.A&PDB-ENSP_mappings:6b0v.B&PDB-ENSP_mappings:6b0y.A&PDB-ENSP_mappings:6b0y.B&PDB-ENSP_mappings:6bof.A&PDB-ENSP_mappings:6bof.B&PDB-ENSP_mappings:6bp1.A&PDB-ENSP_mappings:6cc9.B&PDB-ENSP_mappings:6cch.B&PDB-ENSP_mappings:6ccx.B&PDB-ENSP_mappings:6cu6.A&PDB-ENSP_mappings:6cu6.B&PDB-ENSP_mappings:6cu6.C&PDB-ENSP_mappings:6e6f.A&PDB-ENSP_mappings:6e6f.B&PDB-ENSP_mappings:6e6g.A&PDB-ENSP_mappings:6epl.R&PDB-ENSP_mappings:6epm.R&PDB-ENSP_mappings:6epn.R&PDB-ENSP_mappings:6epo.R&PDB-ENSP_mappings:6epp.R&PDB-ENSP_mappings:6f76.A&PDB-ENSP_mappings:6f76.B&PDB-ENSP_mappings:6f76.C&PDB-ENSP_mappings:6f76.D&PDB-ENSP_mappings:6f76.E&PDB-ENSP_mappings:6f76.F&PDB-ENSP_mappings:6fa1.A&PDB-ENSP_mappings:6fa1.B&PDB-ENSP_mappings:6fa1.C&PDB-ENSP_mappings:6fa1.D&PDB-ENSP_mappings:6fa1.E&PDB-ENSP_mappings:6fa1.F&PDB-ENSP_mappings:6fa2.A&PDB-ENSP_mappings:6fa2.B&PDB-ENSP_mappings:6fa2.C&PDB-ENSP_mappings:6fa2.D&PDB-ENSP_mappings:6fa2.E&PDB-ENSP_mappings:6fa2.F&PDB-ENSP_mappings:6fa3.A&PDB-ENSP_mappings:6fa3.B&PDB-ENSP_mappings:6fa3.C&PDB-ENSP_mappings:6fa3.D&PDB-ENSP_mappings:6fa3.E&PDB-ENSP_mappings:6fa3.F&PDB-ENSP_mappings:6fa4.A&PDB-ENSP_mappings:6fa4.B&PDB-ENSP_mappings:6fa4.C&PDB-ENSP_mappings:6fa4.D&PDB-ENSP_mappings:6fa4.E&PDB-ENSP_mappings:6fa4.F&PDB-ENSP_mappings:6gj5.A&PDB-ENSP_mappings:6gj5.B&PDB-ENSP_mappings:6gj6.A&PDB-ENSP_mappings:6gj7.A&PDB-ENSP_mappings:6gj8.A&PDB-ENSP_mappings:6god.A&PDB-ENSP_mappings:6goe.A&PDB-ENSP_mappings:6gof.A&PDB-ENSP_mappings:6gog.A&PDB-ENSP_mappings:6gog.B&PDB-ENSP_mappings:6gog.C&PDB-ENSP_mappings:6gog.D&PDB-ENSP_mappings:6gog.E&PDB-ENSP_mappings:6gog.F&PDB-ENSP_mappings:6gom.A&PDB-ENSP_mappings:6gom.B&PDB-ENSP_mappings:6gom.C&PDB-ENSP_mappings:6gom.D&PDB-ENSP_mappings:6gom.E&PDB-ENSP_mappings:6gom.F&PDB-ENSP_mappings:6gqt.A&PDB-ENSP_mappings:6gqt.B&PDB-ENSP_mappings:6gqt.C&PDB-ENSP_mappings:6gqt.D&PDB-ENSP_mappings:6gqt.E&PDB-ENSP_mappings:6gqt.F&PDB-ENSP_mappings:6gqw.A&PDB-ENSP_mappings:6gqw.B&PDB-ENSP_mappings:6gqw.C&PDB-ENSP_mappings:6gqw.D&PDB-ENSP_mappings:6gqw.E&PDB-ENSP_mappings:6gqw.F&PDB-ENSP_mappings:6gqx.A&PDB-ENSP_mappings:6gqx.B&PDB-ENSP_mappings:6gqx.C&PDB-ENSP_mappings:6gqx.D&PDB-ENSP_mappings:6gqx.E&PDB-ENSP_mappings:6gqx.F&PDB-ENSP_mappings:6gqy.A&PDB-ENSP_mappings:6gqy.B&PDB-ENSP_mappings:6gqy.C&PDB-ENSP_mappings:6gqy.D&PDB-ENSP_mappings:6gqy.E&PDB-ENSP_mappings:6gqy.F&PDB-ENSP_mappings:6h46.A&PDB-ENSP_mappings:6h47.A&PDB-ENSP_mappings:6m9w.A&PDB-ENSP_mappings:6mbq.A&PDB-ENSP_mappings:6mbt.A&PDB-ENSP_mappings:6mbt.B&PDB-ENSP_mappings:6mbu.A&PDB-ENSP_mappings:6mbu.B&PDB-ENSP_mappings:6mnx.A&PDB-ENSP_mappings:6mnx.B&PDB-ENSP_mappings:6mnx.C&PDB-ENSP_mappings:6mnx.D&PDB-ENSP_mappings:6mnx.E&PDB-ENSP_mappings:6mnx.F&PDB-ENSP_mappings:6mqg.A&PDB-ENSP_mappings:6mqn.A&PDB-ENSP_mappings:6mqn.B&PDB-ENSP_mappings:6mqn.C&PDB-ENSP_mappings:6ms9.A&PDB-ENSP_mappings:6ms9.B&PDB-ENSP_mappings:6ms9.C&PDB-ENSP_mappings:6mta.A&PDB-ENSP_mappings:6mta.B&PDB-ENSP_mappings:6mta.C&PDB-ENSP_mappings:6n2j.A&PDB-ENSP_mappings:6n2k.A&PDB-ENSP_mappings:6o36.A&PDB-ENSP_mappings:6o36.B&PDB-ENSP_mappings:6o36.C&PDB-ENSP_mappings:6o46.A&PDB-ENSP_mappings:6o46.B&PDB-ENSP_mappings:6o46.C&PDB-ENSP_mappings:6ob2.A&PDB-ENSP_mappings:6ob2.C&PDB-ENSP_mappings:6ob3.A&PDB-ENSP_mappings:6ob3.C&PDB-ENSP_mappings:6oim.A&PDB-ENSP_mappings:6p0z.A&PDB-ENSP_mappings:6p0z.B&PDB-ENSP_mappings:6p8w.A&PDB-ENSP_mappings:6p8w.B&PDB-ENSP_mappings:6p8x.A&PDB-ENSP_mappings:6p8x.B&PDB-ENSP_mappings:6p8x.C&PDB-ENSP_mappings:6p8x.D&PDB-ENSP_mappings:6p8y.A&PDB-ENSP_mappings:6p8y.B&PDB-ENSP_mappings:6p8z.A&PDB-ENSP_mappings:6p8z.B&PDB-ENSP_mappings:6pgo.A&PDB-ENSP_mappings:6pgo.B&PDB-ENSP_mappings:6pgp.A&PDB-ENSP_mappings:6pgp.B&PDB-ENSP_mappings:6pq3.A&PDB-ENSP_mappings:6pts.B&PDB-ENSP_mappings:6ptw.B&PDB-ENSP_mappings:6quu.A&PDB-ENSP_mappings:6quu.B&PDB-ENSP_mappings:6quv.A&PDB-ENSP_mappings:6quv.B&PDB-ENSP_mappings:6quw.A&PDB-ENSP_mappings:6quw.B&PDB-ENSP_mappings:6qux.A&PDB-ENSP_mappings:6qux.B&PDB-ENSP_mappings:6t5b.A&PDB-ENSP_mappings:6t5u.B&PDB-ENSP_mappings:6t5v.A&PDB-ENSP_mappings:6tam.A&PDB-ENSP_mappings:6tan.A&PDB-ENSP_mappings:6usx.A&PDB-ENSP_mappings:6usx.B&PDB-ENSP_mappings:6usz.A&PDB-ENSP_mappings:6ut0.A&PDB-ENSP_mappings:6ut0.B&PDB-ENSP_mappings:6ut0.C&PDB-ENSP_mappings:6ut0.D&PDB-ENSP_mappings:6v5l.A&PDB-ENSP_mappings:6v65.C&PDB-ENSP_mappings:6v6f.C&PDB-ENSP_mappings:6vc8.A&PDB-ENSP_mappings:6vc8.B&PDB-ENSP_mappings:6vc8.C&PDB-ENSP_mappings:6vjj.A&PDB-ENSP_mappings:6w4e.B&PDB-ENSP_mappings:6w4e.C&PDB-ENSP_mappings:6w4f.B&PDB-ENSP_mappings:6w4f.C&PDB-ENSP_mappings:6wgn.A&PDB-ENSP_mappings:6wgn.B&PDB-ENSP_mappings:6wgn.C&PDB-ENSP_mappings:6ws2.A&PDB-ENSP_mappings:6ws2.B&PDB-ENSP_mappings:6ws2.C&PDB-ENSP_mappings:6ws2.D&PDB-ENSP_mappings:6ws4.A&PDB-ENSP_mappings:6ws4.B&PDB-ENSP_mappings:6ws4.C&PDB-ENSP_mappings:6ws4.D&PDB-ENSP_mappings:6xgu.A&PDB-ENSP_mappings:6xgv.A&PDB-ENSP_mappings:6xhb.A&PDB-ENSP_mappings:6yr8.A&PDB-ENSP_mappings:6yxw.A&PDB-ENSP_mappings:6yxw.C&PDB-ENSP_mappings:6zl5.A&PDB-ENSP_mappings:6zli.A&PDB-ENSP_mappings:6zli.B&PDB-ENSP_mappings:7a1w.A&PDB-ENSP_mappings:7a1x.A&PDB-ENSP_mappings:7a1y.A&PDB-ENSP_mappings:7a47.A&PDB-ENSP_mappings:7a47.C&PDB-ENSP_mappings:7a47.E&PDB-ENSP_mappings:7aca.A&PDB-ENSP_mappings:7aca.B&PDB-ENSP_mappings:7aca.C&PDB-ENSP_mappings:7aca.D&PDB-ENSP_mappings:7acf.A&PDB-ENSP_mappings:7acf.B&PDB-ENSP_mappings:7acf.C&PDB-ENSP_mappings:7acf.D&PDB-ENSP_mappings:7ach.A&PDB-ENSP_mappings:7ach.B&PDB-ENSP_mappings:7acq.A&PDB-ENSP_mappings:7acq.B&PDB-ENSP_mappings:7acq.C&PDB-ENSP_mappings:7c40.A&PDB-ENSP_mappings:7c41.A&PDB-ENSP_mappings:7c41.G&PDB-ENSP_mappings:7c41.J&PDB-ENSP_mappings:7c41.M&PDB-ENSP_mappings:7ew9.A&PDB-ENSP_mappings:7ew9.B&PDB-ENSP_mappings:7ew9.C&PDB-ENSP_mappings:7ewa.A&PDB-ENSP_mappings:7ewa.B&PDB-ENSP_mappings:7ewa.C&PDB-ENSP_mappings:7ewb.A&PDB-ENSP_mappings:7ewb.B&PDB-ENSP_mappings:7ewb.C&PDB-ENSP_mappings:7eyx.A&PDB-ENSP_mappings:7f0w.A&PDB-ENSP_mappings:7kfz.A&PDB-ENSP_mappings:7kfz.C&PDB-ENSP_mappings:7kmr.A&PDB-ENSP_mappings:7kyz.A&PDB-ENSP_mappings:7lc1.A&PDB-ENSP_mappings:7lc1.C&PDB-ENSP_mappings:7lc2.A&PDB-ENSP_mappings:7lc2.B&PDB-ENSP_mappings:7lgi.A&PDB-ENSP_mappings:7mqu.A&PDB-ENSP_mappings:7ny8.A&PDB-ENSP_mappings:7ny8.B&PDB-ENSP_mappings:7o70.A&PDB-ENSP_mappings:7o70.D&PDB-ENSP_mappings:7oo7.A&PDB-ENSP_mappings:7oo7.D&PDB-ENSP_mappings:7r0m.A&PDB-ENSP_mappings:7r0m.B&PDB-ENSP_mappings:7r0n.A&PDB-ENSP_mappings:7r0q.A&PDB-ENSP_mappings:7r0q.B&PDB-ENSP_mappings:7rov.A&PDB-ENSP_mappings:7rov.B&PDB-ENSP_mappings:7rp2.A&PDB-ENSP_mappings:7rp4.A&PDB-ENSP_mappings:7rp4.B&PDB-ENSP_mappings:7rpz.A&PDB-ENSP_mappings:7rsc.A&PDB-ENSP_mappings:7rsc.B&PDB-ENSP_mappings:7rse.A&PDB-ENSP_mappings:7rse.B&PDB-ENSP_mappings:7rt1.A&PDB-ENSP_mappings:7rt2.A&PDB-ENSP_mappings:7rt3.A&PDB-ENSP_mappings:7rt4.A&PDB-ENSP_mappings:7rt5.A&PDB-ENSP_mappings:7scw.A&PDB-ENSP_mappings:7scx.A&PDB-ENSP_mappings:7t47.A&PDB-ENSP_mappings:7tle.A&PDB-ENSP_mappings:7tlg.A&PDB-ENSP_mappings:7tlg.B&PDB-ENSP_mappings:7tlk.A&PDB-ENSP_mappings:7tlk.B&PDB-ENSP_mappings:7vvb.A&PDB-ENSP_mappings:8dni.A&PROSITE_profiles:PS51420&PROSITE_profiles:PS51421&PROSITE_profiles:PS51419&CDD:cd04138&PANTHER:PTHR24070&PANTHER:PTHR24070:SF388&Gene3D:3.40.50.300&TIGRFAM:TIGR00231&Pfam:PF00071&SMART:SM00173&SMART:SM00176&SMART:SM00175&SMART:SM00174&Superfamily:SSF52540&Prints:PR00449&AFDB-ENSP_mappings:AF-P01116-F1.A|||||||||||||||||not_provided&pathogenic|0&1|1&1||||||32|4.792440,A|missense_variant|MODERATE|KRAS|ENSG00000133703|Transcript|ENST00000311936|protein_coding|4/5||ENST00000311936.8:c.437C>T|ENSP00000308495.3:p.Ala146Val|627|437|146|A/V|gCa/gTa|rs1057519725&COSV55498939||-1||SNV|HGNC|HGNC:6407|YES|1|P3|CCDS8702.1|ENSP00000308495|P01116.251|A0A024RAV5.54|UPI0000001252|P01116-2|NM_004985.5|deleterious_low_confidence(0)||Gene3D:3.40.50.300&PDB-ENSP_mappings:6xha.A&PDB-ENSP_mappings:6xi7.A&PDB-ENSP_mappings:7lz5.A&PDB-ENSP_mappings:7mdp.A&PDB-ENSP_mappings:7ok3.A&PDB-ENSP_mappings:7ok4.A&PDB-ENSP_mappings:7q9u.AAA&PDB-ENSP_mappings:7q9u.BBB&PDB-ENSP_mappings:7rp3.A&PDB-ENSP_mappings:7ycc.A&PDB-ENSP_mappings:7ycc.B&PDB-ENSP_mappings:7ycc.C&PDB-ENSP_mappings:7yce.A&PDB-ENSP_mappings:8dnj.A&PDB-ENSP_mappings:8dnj.B&PDB-ENSP_mappings:8dnj.C&PDB-ENSP_mappings:8dnk.A&Pfam:PF00071&Prints:PR00449&PROSITE_profiles:PS51419&PROSITE_profiles:PS51420&PROSITE_profiles:PS51421&PANTHER:PTHR24070&PANTHER:PTHR24070:SF388&SMART:SM00173&SMART:SM00174&SMART:SM00175&Superfamily:SSF52540&TIGRFAM:TIGR00231&CDD:cd04138|||||||||||||||||not_provided&pathogenic|0&1|1&1||||||32|4.792440,A|intron_variant|MODIFIER|KRAS|ENSG00000133703|Transcript|ENST00000557334|protein_coding||2/2|ENST00000557334.6:c.112-15716C>T|||||||rs1057519725&COSV55498939||-1||SNV|HGNC|HGNC:6407||5|||ENSP00000452512||G3V5T7.63|UPI00021CF477||||||||||||||||||||||not_provided&pathogenic|0&1|1&1||||||32|4.792440,A|non_coding_transcript_exon_variant|MODIFIER||ENSG00000275197|Transcript|ENST00000620933|lncRNA|1/1||ENST00000620933.1:n.525G>A||525|||||rs1057519725&COSV55498939||1||SNV|||YES|||||||||||||||||||||||||||||not_provided&pathogenic|0&1|1&1||||||32|4.792440,A|missense_variant|MODERATE|KRAS|ENSG00000133703|Transcript|ENST00000685328|protein_coding|4/5||ENST00000685328.1:c.437C>T|ENSP00000508921.1:p.Ala146Val|620|437|146|A/V|gCa/gTa|rs1057519725&COSV55498939||-1||SNV|HGNC|HGNC:6407|||P3|CCDS8702.1|ENSP00000508921|P01116.251|A0A024RAV5.54|UPI0000001252|P01116-2|NM_001369787.1|deleterious_low_confidence(0)||Gene3D:3.40.50.300&PDB-ENSP_mappings:6xha.A&PDB-ENSP_mappings:6xi7.A&PDB-ENSP_mappings:7lz5.A&PDB-ENSP_mappings:7mdp.A&PDB-ENSP_mappings:7ok3.A&PDB-ENSP_mappings:7ok4.A&PDB-ENSP_mappings:7q9u.AAA&PDB-ENSP_mappings:7q9u.BBB&PDB-ENSP_mappings:7rp3.A&PDB-ENSP_mappings:7ycc.A&PDB-ENSP_mappings:7ycc.B&PDB-ENSP_mappings:7ycc.C&PDB-ENSP_mappings:7yce.A&PDB-ENSP_mappings:8dnj.A&PDB-ENSP_mappings:8dnj.B&PDB-ENSP_mappings:8dnj.C&PDB-ENSP_mappings:8dnk.A&Pfam:PF00071&Prints:PR00449&PROSITE_profiles:PS51419&PROSITE_profiles:PS51420&PROSITE_profiles:PS51421&PANTHER:PTHR24070&PANTHER:PTHR24070:SF388&SMART:SM00173&SMART:SM00174&SMART:SM00175&Superfamily:SSF52540&TIGRFAM:TIGR00231&CDD:cd04138|||||||||||||||||not_provided&pathogenic|0&1|1&1||||||32|4.792440,A|3_prime_UTR_variant&NMD_transcript_variant|MODIFIER|KRAS|ENSG00000133703|Transcript|ENST00000686877|nonsense_mediated_decay|5/6||ENST00000686877.1:c.*408C>T||745|||||rs1057519725&COSV55498939||-1||SNV|HGNC|HGNC:6407|||||ENSP00000510431||A0A8I5KR86.2|UPI001E2497D5||||||||||||||||||||||not_provided&pathogenic|0&1|1&1||||||32|4.792440,A|3_prime_UTR_variant&NMD_transcript_variant|MODIFIER|KRAS|ENSG00000133703|Transcript|ENST00000687356|nonsense_mediated_decay|3/4||ENST00000687356.1:c.*135C>T||446|||||rs1057519725&COSV55498939||-1||SNV|HGNC|HGNC:6407|||||ENSP00000510511||A0A8I5KXN3.2|UPI00015AA4A0||||||||||||||||||||||not_provided&pathogenic|0&1|1&1||||||32|4.792440,A|non_coding_transcript_exon_variant|MODIFIER|KRAS|ENSG00000133703|Transcript|ENST00000688228|retained_intron|2/3||ENST00000688228.1:n.911C>T||911|||||rs1057519725&COSV55498939||-1||SNV|HGNC|HGNC:6407||||||||||||||||||||||||||||||not_provided&pathogenic|0&1|1&1||||||32|4.792440,A|missense_variant|MODERATE|KRAS|ENSG00000133703|Transcript|ENST00000688940|protein_coding|4/5||ENST00000688940.1:c.437C>T|ENSP00000509238.1:p.Ala146Val|638|437|146|A/V|gCa/gTa|rs1057519725&COSV55498939||-1||SNV|HGNC|HGNC:6407|||P3|CCDS8702.1|ENSP00000509238|P01116.251|A0A024RAV5.54|UPI0000001252|P01116-2||deleterious_low_confidence(0)||Gene3D:3.40.50.300&PDB-ENSP_mappings:6xha.A&PDB-ENSP_mappings:6xi7.A&PDB-ENSP_mappings:7lz5.A&PDB-ENSP_mappings:7mdp.A&PDB-ENSP_mappings:7ok3.A&PDB-ENSP_mappings:7ok4.A&PDB-ENSP_mappings:7q9u.AAA&PDB-ENSP_mappings:7q9u.BBB&PDB-ENSP_mappings:7rp3.A&PDB-ENSP_mappings:7ycc.A&PDB-ENSP_mappings:7ycc.B&PDB-ENSP_mappings:7ycc.C&PDB-ENSP_mappings:7yce.A&PDB-ENSP_mappings:8dnj.A&PDB-ENSP_mappings:8dnj.B&PDB-ENSP_mappings:8dnj.C&PDB-ENSP_mappings:8dnk.A&Pfam:PF00071&Prints:PR00449&PROSITE_profiles:PS51419&PROSITE_profiles:PS51420&PROSITE_profiles:PS51421&PANTHER:PTHR24070&PANTHER:PTHR24070:SF388&SMART:SM00173&SMART:SM00174&SMART:SM00175&Superfamily:SSF52540&TIGRFAM:TIGR00231&CDD:cd04138|||||||||||||||||not_provided&pathogenic|0&1|1&1||||||32|4.792440,A|missense_variant&NMD_transcript_variant|MODERATE|KRAS|ENSG00000133703|Transcript|ENST00000690406|nonsense_mediated_decay|1/3||ENST00000690406.1:c.149C>T|ENSP00000509798.1:p.Ala50Val|147|149|50|A/V|gCa/gTa|rs1057519725&COSV55498939||-1|cds_start_NF|SNV|HGNC|HGNC:6407|||||ENSP00000509798||A0A8I5KYH6.2&A0A221ZRZ5.11|UPI000B8D9C09|||deleterious_low_confidence(0)|probably_damaging(0.985)||||||||||||||||||not_provided&pathogenic|0&1|1&1||||||32|4.792440,A|3_prime_UTR_variant&NMD_transcript_variant|MODIFIER|KRAS|ENSG00000133703|Transcript|ENST00000690804|nonsense_mediated_decay|5/6||ENST00000690804.1:c.*398C>T||744|||||rs1057519725&COSV55498939||-1||SNV|HGNC|HGNC:6407|||||ENSP00000508568||A0A8I5KQU3.2|UPI001E249B21||||||||||||||||||||||not_provided&pathogenic|0&1|1&1||||||32|4.792440,A|missense_variant|MODERATE|KRAS|ENSG00000133703|Transcript|ENST00000692768|protein_coding|3/4||ENST00000692768.1:c.239C>T|ENSP00000510254.1:p.Ala80Val|493|239|80|A/V|gCa/gTa|rs1057519725&COSV55498939||-1||SNV|HGNC|HGNC:6407|||||ENSP00000510254||A0A8I5KUB5.2|UPI001E24C9F0|||deleterious_low_confidence(0)||Gene3D:3.40.50.300&Pfam:PF00071&Prints:PR00449&PROSITE_profiles:PS51419&PROSITE_profiles:PS51421&PANTHER:PTHR24070&PANTHER:PTHR24070:SF388&SMART:SM00173&SMART:SM00174&SMART:SM00175&Superfamily:SSF52540&TIGRFAM:TIGR00231|||||||||||||||||not_provided&pathogenic|0&1|1&1||||||32|4.792440,A|missense_variant|MODERATE|KRAS|ENSG00000133703|Transcript|ENST00000693229|protein_coding|4/5||ENST00000693229.1:c.362C>T|ENSP00000509223.1:p.Ala121Val|522|362|121|A/V|gCa/gTa|rs1057519725&COSV55498939||-1||SNV|HGNC|HGNC:6407|||||ENSP00000509223||A0A8I5KQ21.2|UPI001E2444E0|||deleterious_low_confidence(0)|probably_damaging(0.982)|Gene3D:3.40.50.300&Pfam:PF00071&PROSITE_profiles:PS51419&PROSITE_profiles:PS51421&PANTHER:PTHR24070&PANTHER:PTHR24070:SF388&SMART:SM00173&SMART:SM00174&SMART:SM00175&Superfamily:SSF52540&TIGRFAM:TIGR00231|||||||||||||||||not_provided&pathogenic|0&1|1&1||||||32|4.792440	GT:AD:DP	0/1:149,9:.	G/A	12:25225627	A	ENSG00000133703	ENST00000311936	Transcript	missense_variant	MODERATE	627	437	146	A/V	gCa/gTa	rs1057519725,COSV55498939		P3			deleterious_low_confidence	0	32	4.792440	KRAS	CGC:ONC; OncoKB:ONC; 2020Rule:ONC; CTAT:ONC; Oncogene:ONC	COSV55498939:PATHOGENIC	EGFR tyrosine kinase inhibitor resistance|Endocrine resistance|MAPK signaling pathway|ErbB signaling pathway|Ras signaling pathway|Rap1 signaling pathway|Chemokine signaling pathway|FoxO signaling pathway|Sphingolipid signaling pathway|Phospholipase D signaling pathway|Mitophagy - animal|Autophagy - animal|mTOR signaling pathway|PI3K-Akt signaling pathway|Apoptosis|Longevity regulating pathway|Longevity regulating pathway - multiple species|Cellular senescence|Axon guidance|VEGF signaling pathway|Apelin signaling pathway|Gap junction|Signaling pathways regulating pluripotency of stem cells|C-type lectin receptor signaling pathway|Natural killer cell mediated cytotoxicity|T cell receptor signaling pathway|B cell receptor signaling pathway|Fc epsilon RI signaling pathway|Thermogenesis|Long-term potentiation|Neurotrophin signaling pathway|Cholinergic synapse|Serotonergic synapse|Long-term depression|Regulation of actin cytoskeleton|Insulin signaling pathway|GnRH signaling pathway|Progesterone-mediated oocyte maturation|Estrogen signaling pathway|Melanogenesis|Prolactin signaling pathway|Thyroid hormone signaling pathway|Oxytocin signaling pathway|Relaxin signaling pathway|GnRH secretion|AGE-RAGE signaling pathway in diabetic complications|Growth hormone synthesis, secretion and action|Aldosterone-regulated sodium reabsorption|Alzheimer disease|Pathways of neurodegeneration - multiple diseases|Alcoholism|Hepatitis C|Hepatitis B|Human cytomegalovirus infection|Human papillomavirus infection|Human T-cell leukemia virus 1 infection|Kaposi sarcoma-associated herpesvirus infection|Human immunodeficiency virus 1 infection|Pathways in cancer|Viral carcinogenesis|Proteoglycans in cancer|MicroRNAs in cancer|Chemical carcinogenesis - receptor activation|Chemical carcinogenesis - reactive oxygen species|Colorectal cancer|Renal cell carcinoma|Pancreatic cancer|Endometrial cancer|Glioma|Prostate cancer|Thyroid cancer|Melanoma|Bladder cancer|Chronic myeloid leukemia|Acute myeloid leukemia|Non-small cell lung cancer|Breast cancer|Hepatocellular carcinoma|Gastric cancer|Central carbon metabolism in cancer|Choline metabolism in cancer|PD-L1 expression and PD-1 checkpoint pathway in cancer|Lipid and atherosclerosis	hsa01521|hsa01522|hsa04010|hsa04012|hsa04014|hsa04015|hsa04062|hsa04068|hsa04071|hsa04072|hsa04137|hsa04140|hsa04150|hsa04151|hsa04210|hsa04211|hsa04213|hsa04218|hsa04360|hsa04370|hsa04371|hsa04540|hsa04550|hsa04625|hsa04650|hsa04660|hsa04662|hsa04664|hsa04714|hsa04720|hsa04722|hsa04725|hsa04726|hsa04730|hsa04810|hsa04910|hsa04912|hsa04914|hsa04915|hsa04916|hsa04917|hsa04919|hsa04921|hsa04926|hsa04929|hsa04933|hsa04935|hsa04960|hsa05010|hsa05022|hsa05034|hsa05160|hsa05161|hsa05163|hsa05165|hsa05166|hsa05167|hsa05170|hsa05200|hsa05203|hsa05205|hsa05206|hsa05207|hsa05208|hsa05210|hsa05211|hsa05212|hsa05213|hsa05214|hsa05215|hsa05216|hsa05218|hsa05219|hsa05220|hsa05221|hsa05223|hsa05224|hsa05225|hsa05226|hsa05230|hsa05231|hsa05235|hsa05417	RCV000423608; RCV000434735; RCV000441300; RCV000791299	Non-small cell lung carcinoma; Neoplasm of the thyroid gland; Neoplasm of the large intestine; OCULOECTODERMAL SYNDROME, SOMATIC	not provided; Pathogenic; Pathogenic; Pathogenic	SNV	c.437C>T	p.Ala146Val				PF00071.25: Ras family	IPR005225: Small GTP-binding protein domain	47691 / 49097025	82 / 49097025	0.6732	ONC
12	25225627		G	A	.	.	CSQ=A|missense_variant|MODERATE|KRAS|ENSG00000133703|Transcript|ENST00000256078|protein_coding|4/6||ENST00000256078.10:c.437C>T|ENSP00000256078.5:p.Ala146Val|627|437|146|A/V|gCa/gTa|rs1057519725&COSV55498939||-1||SNV|HGNC|HGNC:6407||1|A1|CCDS8703.1|ENSP00000256078|P01116.251|L7RSL8.77|UPI0000133132|P01116-1|NM_001369786.1&NM_033360.4|deleterious_low_confidence(0)||PDB-ENSP_mappings:3gft.A&PDB-ENSP_mappings:3gft.B&PDB-ENSP_mappings:3gft.C&PDB-ENSP_mappings:3gft.D&PDB-ENSP_mappings:3gft.E&PDB-ENSP_mappings:3gft.F&PDB-ENSP_mappings:4dsn.A&PDB-ENSP_mappings:4dso.A&PDB-ENSP_mappings:4dst.A&PDB-ENSP_mappings:4dsu.A&PDB-ENSP_mappings:4epr.A&PDB-ENSP_mappings:4ept.A&PDB-ENSP_mappings:4epv.A&PDB-ENSP_mappings:4epw.A&PDB-ENSP_mappings:4epx.A&PDB-ENSP_mappings:4epy.A&PDB-ENSP_mappings:4l8g.A&PDB-ENSP_mappings:4ldj.A&PDB-ENSP_mappings:4lpk.A&PDB-ENSP_mappings:4lpk.B&PDB-ENSP_mappings:4lrw.A&PDB-ENSP_mappings:4lrw.B&PDB-ENSP_mappings:4luc.A&PDB-ENSP_mappings:4luc.B&PDB-ENSP_mappings:4lv6.A&PDB-ENSP_mappings:4lv6.B&PDB-ENSP_mappings:4lyf.A&PDB-ENSP_mappings:4lyf.B&PDB-ENSP_mappings:4lyf.C&PDB-ENSP_mappings:4lyh.A&PDB-ENSP_mappings:4lyh.B&PDB-ENSP_mappings:4lyh.C&PDB-ENSP_mappings:4lyj.A&PDB-ENSP_mappings:4m1o.A&PDB-ENSP_mappings:4m1o.B&PDB-ENSP_mappings:4m1o.C&PDB-ENSP_mappings:4m1s.A&PDB-ENSP_mappings:4m1s.B&PDB-ENSP_mappings:4m1s.C&PDB-ENSP_mappings:4m1t.A&PDB-ENSP_mappings:4m1t.B&PDB-ENSP_mappings:4m1t.C&PDB-ENSP_mappings:4m1w.A&PDB-ENSP_mappings:4m1w.B&PDB-ENSP_mappings:4m1w.C&PDB-ENSP_mappings:4m1y.A&PDB-ENSP_mappings:4m1y.B&PDB-ENSP_mappings:4m1y.C&PDB-ENSP_mappings:4m21.A&PDB-ENSP_mappings:4m21.B&PDB-ENSP_mappings:4m21.C&PDB-ENSP_mappings:4m22.A&PDB-ENSP_mappings:4m22.B&PDB-ENSP_mappings:4m22.C&PDB-ENSP_mappings:4nmm.A&PDB-ENSP_mappings:4obe.A&PDB-ENSP_mappings:4obe.B&PDB-ENSP_mappings:4pzy.A&PDB-ENSP_mappings:4pzy.B&PDB-ENSP_mappings:4pzz.A&PDB-ENSP_mappings:4q01.A&PDB-ENSP_mappings:4q01.B&PDB-ENSP_mappings:4q02.A&PDB-ENSP_mappings:4q03.A&PDB-ENSP_mappings:4ql3.A&PDB-ENSP_mappings:4tq9.A&PDB-ENSP_mappings:4tq9.B&PDB-ENSP_mappings:4tqa.A&PDB-ENSP_mappings:4tqa.B&PDB-ENSP_mappings:4wa7.A&PDB-ENSP_mappings:5f2e.A&PDB-ENSP_mappings:5kyk.A&PDB-ENSP_mappings:5kyk.B&PDB-ENSP_mappings:5kyk.C&PDB-ENSP_mappings:5mla.A&PDB-ENSP_mappings:5mlb.A&PDB-ENSP_mappings:5mlb.C&PDB-ENSP_mappings:5mlb.E&PDB-ENSP_mappings:5mlb.G&PDB-ENSP_mappings:5o2s.A&PDB-ENSP_mappings:5o2s.C&PDB-ENSP_mappings:5o2s.E&PDB-ENSP_mappings:5o2s.G&PDB-ENSP_mappings:5o2t.A&PDB-ENSP_mappings:5ocg.A&PDB-ENSP_mappings:5oco.A&PDB-ENSP_mappings:5oco.B&PDB-ENSP_mappings:5oco.C&PDB-ENSP_mappings:5oco.D&PDB-ENSP_mappings:5oco.E&PDB-ENSP_mappings:5oco.F&PDB-ENSP_mappings:5oct.A&PDB-ENSP_mappings:5oct.B&PDB-ENSP_mappings:5oct.C&PDB-ENSP_mappings:5oct.D&PDB-ENSP_mappings:5oct.E&PDB-ENSP_mappings:5oct.F&PDB-ENSP_mappings:5tar.A&PDB-ENSP_mappings:5tb5.A&PDB-ENSP_mappings:5tb5.C&PDB-ENSP_mappings:5ufe.A&PDB-ENSP_mappings:5ufq.A&PDB-ENSP_mappings:5ufq.B&PDB-ENSP_mappings:5uk9.A&PDB-ENSP_mappings:5uk9.B&PDB-ENSP_mappings:5uqw.A&PDB-ENSP_mappings:5uqw.B&PDB-ENSP_mappings:5us4.A&PDB-ENSP_mappings:5us4.B&PDB-ENSP_mappings:5usj.A&PDB-ENSP_mappings:5usj.B&PDB-ENSP_mappings:5usj.C&PDB-ENSP_mappings:5usj.D&PDB-ENSP_mappings:5usj.E&PDB-ENSP_mappings:5usj.F&PDB-ENSP_mappings:5v6s.A&PDB-ENSP_mappings:5v6v.A&PDB-ENSP_mappings:5v6v.B&PDB-ENSP_mappings:5v71.A&PDB-ENSP_mappings:5v71.B&PDB-ENSP_mappings:5v71.C&PDB-ENSP_mappings:5v71.D&PDB-ENSP_mappings:5v71.E&PDB-ENSP_mappings:5v71.F&PDB-ENSP_mappings:5v9l.A&PDB-ENSP_mappings:5v9l.B&PDB-ENSP_mappings:5v9l.C&PDB-ENSP_mappings:5v9o.A&PDB-ENSP_mappings:5v9u.A&PDB-ENSP_mappings:5v9u.B&PDB-ENSP_mappings:5vbm.A&PDB-ENSP_mappings:5vp7.A&PDB-ENSP_mappings:5vp7.F&PDB-ENSP_mappings:5vpi.A&PDB-ENSP_mappings:5vpi.B&PDB-ENSP_mappings:5vpy.A&PDB-ENSP_mappings:5vpy.B&PDB-ENSP_mappings:5vpz.A&PDB-ENSP_mappings:5vpz.B&PDB-ENSP_mappings:5vq0.A&PDB-ENSP_mappings:5vq0.B&PDB-ENSP_mappings:5vq1.A&PDB-ENSP_mappings:5vq1.B&PDB-ENSP_mappings:5vq2.A&PDB-ENSP_mappings:5vq2.B&PDB-ENSP_mappings:5vq6.A&PDB-ENSP_mappings:5vq6.B&PDB-ENSP_mappings:5vq8.A&PDB-ENSP_mappings:5vq8.B&PDB-ENSP_mappings:5w22.A&PDB-ENSP_mappings:5w22.B&PDB-ENSP_mappings:5wha.A&PDB-ENSP_mappings:5wha.D&PDB-ENSP_mappings:5wha.G&PDB-ENSP_mappings:5wha.J&PDB-ENSP_mappings:5whb.A&PDB-ENSP_mappings:5whb.D&PDB-ENSP_mappings:5whb.G&PDB-ENSP_mappings:5whb.J&PDB-ENSP_mappings:5whd.A&PDB-ENSP_mappings:5whd.B&PDB-ENSP_mappings:5whd.C&PDB-ENSP_mappings:5whd.D&PDB-ENSP_mappings:5whe.A&PDB-ENSP_mappings:5whe.D&PDB-ENSP_mappings:5whe.G&PDB-ENSP_mappings:5whe.J&PDB-ENSP_mappings:5wlb.A&PDB-ENSP_mappings:5wlb.D&PDB-ENSP_mappings:5wpm.A&PDB-ENSP_mappings:5xco.A&PDB-ENSP_mappings:5yxz.A&PDB-ENSP_mappings:5yy1.A&PDB-ENSP_mappings:6ark.A&PDB-ENSP_mappings:6asa.A&PDB-ENSP_mappings:6ase.A&PDB-ENSP_mappings:6b0v.A&PDB-ENSP_mappings:6b0v.B&PDB-ENSP_mappings:6b0y.A&PDB-ENSP_mappings:6b0y.B&PDB-ENSP_mappings:6bof.A&PDB-ENSP_mappings:6bof.B&PDB-ENSP_mappings:6bp1.A&PDB-ENSP_mappings:6cc9.B&PDB-ENSP_mappings:6cch.B&PDB-ENSP_mappings:6ccx.B&PDB-ENSP_mappings:6cu6.A&PDB-ENSP_mappings:6cu6.B&PDB-ENSP_mappings:6cu6.C&PDB-ENSP_mappings:6e6f.A&PDB-ENSP_mappings:6e6f.B&PDB-ENSP_mappings:6e6g.A&PDB-ENSP_mappings:6epl.R&PDB-ENSP_mappings:6epm.R&PDB-ENSP_mappings:6epn.R&PDB-ENSP_mappings:6epo.R&PDB-ENSP_mappings:6epp.R&PDB-ENSP_mappings:6f76.A&PDB-ENSP_mappings:6f76.B&PDB-ENSP_mappings:6f76.C&PDB-ENSP_mappings:6f76.D&PDB-ENSP_mappings:6f76.E&PDB-ENSP_mappings:6f76.F&PDB-ENSP_mappings:6fa1.A&PDB-ENSP_mappings:6fa1.B&PDB-ENSP_mappings:6fa1.C&PDB-ENSP_mappings:6fa1.D&PDB-ENSP_mappings:6fa1.E&PDB-ENSP_mappings:6fa1.F&PDB-ENSP_mappings:6fa2.A&PDB-ENSP_mappings:6fa2.B&PDB-ENSP_mappings:6fa2.C&PDB-ENSP_mappings:6fa2.D&PDB-ENSP_mappings:6fa2.E&PDB-ENSP_mappings:6fa2.F&PDB-ENSP_mappings:6fa3.A&PDB-ENSP_mappings:6fa3.B&PDB-ENSP_mappings:6fa3.C&PDB-ENSP_mappings:6fa3.D&PDB-ENSP_mappings:6fa3.E&PDB-ENSP_mappings:6fa3.F&PDB-ENSP_mappings:6fa4.A&PDB-ENSP_mappings:6fa4.B&PDB-ENSP_mappings:6fa4.C&PDB-ENSP_mappings:6fa4.D&PDB-ENSP_mappings:6fa4.E&PDB-ENSP_mappings:6fa4.F&PDB-ENSP_mappings:6gj5.A&PDB-ENSP_mappings:6gj5.B&PDB-ENSP_mappings:6gj6.A&PDB-ENSP_mappings:6gj7.A&PDB-ENSP_mappings:6gj8.A&PDB-ENSP_mappings:6god.A&PDB-ENSP_mappings:6goe.A&PDB-ENSP_mappings:6gof.A&PDB-ENSP_mappings:6gog.A&PDB-ENSP_mappings:6gog.B&PDB-ENSP_mappings:6gog.C&PDB-ENSP_mappings:6gog.D&PDB-ENSP_mappings:6gog.E&PDB-ENSP_mappings:6gog.F&PDB-ENSP_mappings:6gom.A&PDB-ENSP_mappings:6gom.B&PDB-ENSP_mappings:6gom.C&PDB-ENSP_mappings:6gom.D&PDB-ENSP_mappings:6gom.E&PDB-ENSP_mappings:6gom.F&PDB-ENSP_mappings:6gqt.A&PDB-ENSP_mappings:6gqt.B&PDB-ENSP_mappings:6gqt.C&PDB-ENSP_mappings:6gqt.D&PDB-ENSP_mappings:6gqt.E&PDB-ENSP_mappings:6gqt.F&PDB-ENSP_mappings:6gqw.A&PDB-ENSP_mappings:6gqw.B&PDB-ENSP_mappings:6gqw.C&PDB-ENSP_mappings:6gqw.D&PDB-ENSP_mappings:6gqw.E&PDB-ENSP_mappings:6gqw.F&PDB-ENSP_mappings:6gqx.A&PDB-ENSP_mappings:6gqx.B&PDB-ENSP_mappings:6gqx.C&PDB-ENSP_mappings:6gqx.D&PDB-ENSP_mappings:6gqx.E&PDB-ENSP_mappings:6gqx.F&PDB-ENSP_mappings:6gqy.A&PDB-ENSP_mappings:6gqy.B&PDB-ENSP_mappings:6gqy.C&PDB-ENSP_mappings:6gqy.D&PDB-ENSP_mappings:6gqy.E&PDB-ENSP_mappings:6gqy.F&PDB-ENSP_mappings:6h46.A&PDB-ENSP_mappings:6h47.A&PDB-ENSP_mappings:6m9w.A&PDB-ENSP_mappings:6mbq.A&PDB-ENSP_mappings:6mbt.A&PDB-ENSP_mappings:6mbt.B&PDB-ENSP_mappings:6mbu.A&PDB-ENSP_mappings:6mbu.B&PDB-ENSP_mappings:6mnx.A&PDB-ENSP_mappings:6mnx.B&PDB-ENSP_mappings:6mnx.C&PDB-ENSP_mappings:6mnx.D&PDB-ENSP_mappings:6mnx.E&PDB-ENSP_mappings:6mnx.F&PDB-ENSP_mappings:6mqg.A&PDB-ENSP_mappings:6mqn.A&PDB-ENSP_mappings:6mqn.B&PDB-ENSP_mappings:6mqn.C&PDB-ENSP_mappings:6ms9.A&PDB-ENSP_mappings:6ms9.B&PDB-ENSP_mappings:6ms9.C&PDB-ENSP_mappings:6mta.A&PDB-ENSP_mappings:6mta.B&PDB-ENSP_mappings:6mta.C&PDB-ENSP_mappings:6n2j.A&PDB-ENSP_mappings:6n2k.A&PDB-ENSP_mappings:6o36.A&PDB-ENSP_mappings:6o36.B&PDB-ENSP_mappings:6o36.C&PDB-ENSP_mappings:6o46.A&PDB-ENSP_mappings:6o46.B&PDB-ENSP_mappings:6o46.C&PDB-ENSP_mappings:6ob2.A&PDB-ENSP_mappings:6ob2.C&PDB-ENSP_mappings:6ob3.A&PDB-ENSP_mappings:6ob3.C&PDB-ENSP_mappings:6oim.A&PDB-ENSP_mappings:6p0z.A&PDB-ENSP_mappings:6p0z.B&PDB-ENSP_mappings:6p8w.A&PDB-ENSP_mappings:6p8w.B&PDB-ENSP_mappings:6p8x.A&PDB-ENSP_mappings:6p8x.B&PDB-ENSP_mappings:6p8x.C&PDB-ENSP_mappings:6p8x.D&PDB-ENSP_mappings:6p8y.A&PDB-ENSP_mappings:6p8y.B&PDB-ENSP_mappings:6p8z.A&PDB-ENSP_mappings:6p8z.B&PDB-ENSP_mappings:6pgo.A&PDB-ENSP_mappings:6pgo.B&PDB-ENSP_mappings:6pgp.A&PDB-ENSP_mappings:6pgp.B&PDB-ENSP_mappings:6pq3.A&PDB-ENSP_mappings:6pts.B&PDB-ENSP_mappings:6ptw.B&PDB-ENSP_mappings:6quu.A&PDB-ENSP_mappings:6quu.B&PDB-ENSP_mappings:6quv.A&PDB-ENSP_mappings:6quv.B&PDB-ENSP_mappings:6quw.A&PDB-ENSP_mappings:6quw.B&PDB-ENSP_mappings:6qux.A&PDB-ENSP_mappings:6qux.B&PDB-ENSP_mappings:6t5b.A&PDB-ENSP_mappings:6t5u.B&PDB-ENSP_mappings:6t5v.A&PDB-ENSP_mappings:6tam.A&PDB-ENSP_mappings:6tan.A&PDB-ENSP_mappings:6usx.A&PDB-ENSP_mappings:6usx.B&PDB-ENSP_mappings:6usz.A&PDB-ENSP_mappings:6ut0.A&PDB-ENSP_mappings:6ut0.B&PDB-ENSP_mappings:6ut0.C&PDB-ENSP_mappings:6ut0.D&PDB-ENSP_mappings:6v5l.A&PDB-ENSP_mappings:6v65.C&PDB-ENSP_mappings:6v6f.C&PDB-ENSP_mappings:6vc8.A&PDB-ENSP_mappings:6vc8.B&PDB-ENSP_mappings:6vc8.C&PDB-ENSP_mappings:6vjj.A&PDB-ENSP_mappings:6w4e.B&PDB-ENSP_mappings:6w4e.C&PDB-ENSP_mappings:6w4f.B&PDB-ENSP_mappings:6w4f.C&PDB-ENSP_mappings:6wgn.A&PDB-ENSP_mappings:6wgn.B&PDB-ENSP_mappings:6wgn.C&PDB-ENSP_mappings:6ws2.A&PDB-ENSP_mappings:6ws2.B&PDB-ENSP_mappings:6ws2.C&PDB-ENSP_mappings:6ws2.D&PDB-ENSP_mappings:6ws4.A&PDB-ENSP_mappings:6ws4.B&PDB-ENSP_mappings:6ws4.C&PDB-ENSP_mappings:6ws4.D&PDB-ENSP_mappings:6xgu.A&PDB-ENSP_mappings:6xgv.A&PDB-ENSP_mappings:6xhb.A&PDB-ENSP_mappings:6yr8.A&PDB-ENSP_mappings:6yxw.A&PDB-ENSP_mappings:6yxw.C&PDB-ENSP_mappings:6zl5.A&PDB-ENSP_mappings:6zli.A&PDB-ENSP_mappings:6zli.B&PDB-ENSP_mappings:7a1w.A&PDB-ENSP_mappings:7a1x.A&PDB-ENSP_mappings:7a1y.A&PDB-ENSP_mappings:7a47.A&PDB-ENSP_mappings:7a47.C&PDB-ENSP_mappings:7a47.E&PDB-ENSP_mappings:7aca.A&PDB-ENSP_mappings:7aca.B&PDB-ENSP_mappings:7aca.C&PDB-ENSP_mappings:7aca.D&PDB-ENSP_mappings:7acf.A&PDB-ENSP_mappings:7acf.B&PDB-ENSP_mappings:7acf.C&PDB-ENSP_mappings:7acf.D&PDB-ENSP_mappings:7ach.A&PDB-ENSP_mappings:7ach.B&PDB-ENSP_mappings:7acq.A&PDB-ENSP_mappings:7acq.B&PDB-ENSP_mappings:7acq.C&PDB-ENSP_mappings:7c40.A&PDB-ENSP_mappings:7c41.A&PDB-ENSP_mappings:7c41.G&PDB-ENSP_mappings:7c41.J&PDB-ENSP_mappings:7c41.M&PDB-ENSP_mappings:7ew9.A&PDB-ENSP_mappings:7ew9.B&PDB-ENSP_mappings:7ew9.C&PDB-ENSP_mappings:7ewa.A&PDB-ENSP_mappings:7ewa.B&PDB-ENSP_mappings:7ewa.C&PDB-ENSP_mappings:7ewb.A&PDB-ENSP_mappings:7ewb.B&PDB-ENSP_mappings:7ewb.C&PDB-ENSP_mappings:7eyx.A&PDB-ENSP_mappings:7f0w.A&PDB-ENSP_mappings:7kfz.A&PDB-ENSP_mappings:7kfz.C&PDB-ENSP_mappings:7kmr.A&PDB-ENSP_mappings:7kyz.A&PDB-ENSP_mappings:7lc1.A&PDB-ENSP_mappings:7lc1.C&PDB-ENSP_mappings:7lc2.A&PDB-ENSP_mappings:7lc2.B&PDB-ENSP_mappings:7lgi.A&PDB-ENSP_mappings:7mqu.A&PDB-ENSP_mappings:7ny8.A&PDB-ENSP_mappings:7ny8.B&PDB-ENSP_mappings:7o70.A&PDB-ENSP_mappings:7o70.D&PDB-ENSP_mappings:7oo7.A&PDB-ENSP_mappings:7oo7.D&PDB-ENSP_mappings:7r0m.A&PDB-ENSP_mappings:7r0m.B&PDB-ENSP_mappings:7r0n.A&PDB-ENSP_mappings:7r0q.A&PDB-ENSP_mappings:7r0q.B&PDB-ENSP_mappings:7rov.A&PDB-ENSP_mappings:7rov.B&PDB-ENSP_mappings:7rp2.A&PDB-ENSP_mappings:7rp4.A&PDB-ENSP_mappings:7rp4.B&PDB-ENSP_mappings:7rpz.A&PDB-ENSP_mappings:7rsc.A&PDB-ENSP_mappings:7rsc.B&PDB-ENSP_mappings:7rse.A&PDB-ENSP_mappings:7rse.B&PDB-ENSP_mappings:7rt1.A&PDB-ENSP_mappings:7rt2.A&PDB-ENSP_mappings:7rt3.A&PDB-ENSP_mappings:7rt4.A&PDB-ENSP_mappings:7rt5.A&PDB-ENSP_mappings:7scw.A&PDB-ENSP_mappings:7scx.A&PDB-ENSP_mappings:7t47.A&PDB-ENSP_mappings:7tle.A&PDB-ENSP_mappings:7tlg.A&PDB-ENSP_mappings:7tlg.B&PDB-ENSP_mappings:7tlk.A&PDB-ENSP_mappings:7tlk.B&PDB-ENSP_mappings:7vvb.A&PDB-ENSP_mappings:8dni.A&PROSITE_profiles:PS51420&PROSITE_profiles:PS51421&PROSITE_profiles:PS51419&CDD:cd04138&PANTHER:PTHR24070&PANTHER:PTHR24070:SF388&Gene3D:3.40.50.300&TIGRFAM:TIGR00231&Pfam:PF00071&SMART:SM00173&SMART:SM00176&SMART:SM00175&SMART:SM00174&Superfamily:SSF52540&Prints:PR00449&AFDB-ENSP_mappings:AF-P01116-F1.A|||||||||||||||||not_provided&pathogenic|0&1|1&1||||||32|4.792440,A|missense_variant|MODERATE|KRAS|ENSG00000133703|Transcript|ENST00000311936|protein_coding|4/5||ENST00000311936.8:c.437C>T|ENSP00000308495.3:p.Ala146Val|627|437|146|A/V|gCa/gTa|rs1057519725&COSV55498939||-1||SNV|HGNC|HGNC:6407|YES|1|P3|CCDS8702.1|ENSP00000308495|P01116.251|A0A024RAV5.54|UPI0000001252|P01116-2|NM_004985.5|deleterious_low_confidence(0)||Gene3D:3.40.50.300&PDB-ENSP_mappings:6xha.A&PDB-ENSP_mappings:6xi7.A&PDB-ENSP_mappings:7lz5.A&PDB-ENSP_mappings:7mdp.A&PDB-ENSP_mappings:7ok3.A&PDB-ENSP_mappings:7ok4.A&PDB-ENSP_mappings:7q9u.AAA&PDB-ENSP_mappings:7q9u.BBB&PDB-ENSP_mappings:7rp3.A&PDB-ENSP_mappings:7ycc.A&PDB-ENSP_mappings:7ycc.B&PDB-ENSP_mappings:7ycc.C&PDB-ENSP_mappings:7yce.A&PDB-ENSP_mappings:8dnj.A&PDB-ENSP_mappings:8dnj.B&PDB-ENSP_mappings:8dnj.C&PDB-ENSP_mappings:8dnk.A&Pfam:PF00071&Prints:PR00449&PROSITE_profiles:PS51419&PROSITE_profiles:PS51420&PROSITE_profiles:PS51421&PANTHER:PTHR24070&PANTHER:PTHR24070:SF388&SMART:SM00173&SMART:SM00174&SMART:SM00175&Superfamily:SSF52540&TIGRFAM:TIGR00231&CDD:cd04138|||||||||||||||||not_provided&pathogenic|0&1|1&1||||||32|4.792440,A|intron_variant|MODIFIER|KRAS|ENSG00000133703|Transcript|ENST00000557334|protein_coding||2/2|ENST00000557334.6:c.112-15716C>T|||||||rs1057519725&COSV55498939||-1||SNV|HGNC|HGNC:6407||5|||ENSP00000452512||G3V5T7.63|UPI00021CF477||||||||||||||||||||||not_provided&pathogenic|0&1|1&1||||||32|4.792440,A|non_coding_transcript_exon_variant|MODIFIER||ENSG00000275197|Transcript|ENST00000620933|lncRNA|1/1||ENST00000620933.1:n.525G>A||525|||||rs1057519725&COSV55498939||1||SNV|||YES|||||||||||||||||||||||||||||not_provided&pathogenic|0&1|1&1||||||32|4.792440,A|missense_variant|MODERATE|KRAS|ENSG00000133703|Transcript|ENST00000685328|protein_coding|4/5||ENST00000685328.1:c.437C>T|ENSP00000508921.1:p.Ala146Val|620|437|146|A/V|gCa/gTa|rs1057519725&COSV55498939||-1||SNV|HGNC|HGNC:6407|||P3|CCDS8702.1|ENSP00000508921|P01116.251|A0A024RAV5.54|UPI0000001252|P01116-2|NM_001369787.1|deleterious_low_confidence(0)||Gene3D:3.40.50.300&PDB-ENSP_mappings:6xha.A&PDB-ENSP_mappings:6xi7.A&PDB-ENSP_mappings:7lz5.A&PDB-ENSP_mappings:7mdp.A&PDB-ENSP_mappings:7ok3.A&PDB-ENSP_mappings:7ok4.A&PDB-ENSP_mappings:7q9u.AAA&PDB-ENSP_mappings:7q9u.BBB&PDB-ENSP_mappings:7rp3.A&PDB-ENSP_mappings:7ycc.A&PDB-ENSP_mappings:7ycc.B&PDB-ENSP_mappings:7ycc.C&PDB-ENSP_mappings:7yce.A&PDB-ENSP_mappings:8dnj.A&PDB-ENSP_mappings:8dnj.B&PDB-ENSP_mappings:8dnj.C&PDB-ENSP_mappings:8dnk.A&Pfam:PF00071&Prints:PR00449&PROSITE_profiles:PS51419&PROSITE_profiles:PS51420&PROSITE_profiles:PS51421&PANTHER:PTHR24070&PANTHER:PTHR24070:SF388&SMART:SM00173&SMART:SM00174&SMART:SM00175&Superfamily:SSF52540&TIGRFAM:TIGR00231&CDD:cd04138|||||||||||||||||not_provided&pathogenic|0&1|1&1||||||32|4.792440,A|3_prime_UTR_variant&NMD_transcript_variant|MODIFIER|KRAS|ENSG00000133703|Transcript|ENST00000686877|nonsense_mediated_decay|5/6||ENST00000686877.1:c.*408C>T||745|||||rs1057519725&COSV55498939||-1||SNV|HGNC|HGNC:6407|||||ENSP00000510431||A0A8I5KR86.2|UPI001E2497D5||||||||||||||||||||||not_provided&pathogenic|0&1|1&1||||||32|4.792440,A|3_prime_UTR_variant&NMD_transcript_variant|MODIFIER|KRAS|ENSG00000133703|Transcript|ENST00000687356|nonsense_mediated_decay|3/4||ENST00000687356.1:c.*135C>T||446|||||rs1057519725&COSV55498939||-1||SNV|HGNC|HGNC:6407|||||ENSP00000510511||A0A8I5KXN3.2|UPI00015AA4A0||||||||||||||||||||||not_provided&pathogenic|0&1|1&1||||||32|4.792440,A|non_coding_transcript_exon_variant|MODIFIER|KRAS|ENSG00000133703|Transcript|ENST00000688228|retained_intron|2/3||ENST00000688228.1:n.911C>T||911|||||rs1057519725&COSV55498939||-1||SNV|HGNC|HGNC:6407||||||||||||||||||||||||||||||not_provided&pathogenic|0&1|1&1||||||32|4.792440,A|missense_variant|MODERATE|KRAS|ENSG00000133703|Transcript|ENST00000688940|protein_coding|4/5||ENST00000688940.1:c.437C>T|ENSP00000509238.1:p.Ala146Val|638|437|146|A/V|gCa/gTa|rs1057519725&COSV55498939||-1||SNV|HGNC|HGNC:6407|||P3|CCDS8702.1|ENSP00000509238|P01116.251|A0A024RAV5.54|UPI0000001252|P01116-2||deleterious_low_confidence(0)||Gene3D:3.40.50.300&PDB-ENSP_mappings:6xha.A&PDB-ENSP_mappings:6xi7.A&PDB-ENSP_mappings:7lz5.A&PDB-ENSP_mappings:7mdp.A&PDB-ENSP_mappings:7ok3.A&PDB-ENSP_mappings:7ok4.A&PDB-ENSP_mappings:7q9u.AAA&PDB-ENSP_mappings:7q9u.BBB&PDB-ENSP_mappings:7rp3.A&PDB-ENSP_mappings:7ycc.A&PDB-ENSP_mappings:7ycc.B&PDB-ENSP_mappings:7ycc.C&PDB-ENSP_mappings:7yce.A&PDB-ENSP_mappings:8dnj.A&PDB-ENSP_mappings:8dnj.B&PDB-ENSP_mappings:8dnj.C&PDB-ENSP_mappings:8dnk.A&Pfam:PF00071&Prints:PR00449&PROSITE_profiles:PS51419&PROSITE_profiles:PS51420&PROSITE_profiles:PS51421&PANTHER:PTHR24070&PANTHER:PTHR24070:SF388&SMART:SM00173&SMART:SM00174&SMART:SM00175&Superfamily:SSF52540&TIGRFAM:TIGR00231&CDD:cd04138|||||||||||||||||not_provided&pathogenic|0&1|1&1||||||32|4.792440,A|missense_variant&NMD_transcript_variant|MODERATE|KRAS|ENSG00000133703|Transcript|ENST00000690406|nonsense_mediated_decay|1/3||ENST00000690406.1:c.149C>T|ENSP00000509798.1:p.Ala50Val|147|149|50|A/V|gCa/gTa|rs1057519725&COSV55498939||-1|cds_start_NF|SNV|HGNC|HGNC:6407|||||ENSP00000509798||A0A8I5KYH6.2&A0A221ZRZ5.11|UPI000B8D9C09|||deleterious_low_confidence(0)|probably_damaging(0.985)||||||||||||||||||not_provided&pathogenic|0&1|1&1||||||32|4.792440,A|3_prime_UTR_variant&NMD_transcript_variant|MODIFIER|KRAS|ENSG00000133703|Transcript|ENST00000690804|nonsense_mediated_decay|5/6||ENST00000690804.1:c.*398C>T||744|||||rs1057519725&COSV55498939||-1||SNV|HGNC|HGNC:6407|||||ENSP00000508568||A0A8I5KQU3.2|UPI001E249B21||||||||||||||||||||||not_provided&pathogenic|0&1|1&1||||||32|4.792440,A|missense_variant|MODERATE|KRAS|ENSG00000133703|Transcript|ENST00000692768|protein_coding|3/4||ENST00000692768.1:c.239C>T|ENSP00000510254.1:p.Ala80Val|493|239|80|A/V|gCa/gTa|rs1057519725&COSV55498939||-1||SNV|HGNC|HGNC:6407|||||ENSP00000510254||A0A8I5KUB5.2|UPI001E24C9F0|||deleterious_low_confidence(0)||Gene3D:3.40.50.300&Pfam:PF00071&Prints:PR00449&PROSITE_profiles:PS51419&PROSITE_profiles:PS51421&PANTHER:PTHR24070&PANTHER:PTHR24070:SF388&SMART:SM00173&SMART:SM00174&SMART:SM00175&Superfamily:SSF52540&TIGRFAM:TIGR00231|||||||||||||||||not_provided&pathogenic|0&1|1&1||||||32|4.792440,A|missense_variant|MODERATE|KRAS|ENSG00000133703|Transcript|ENST00000693229|protein_coding|4/5||ENST00000693229.1:c.362C>T|ENSP00000509223.1:p.Ala121Val|522|362|121|A/V|gCa/gTa|rs1057519725&COSV55498939||-1||SNV|HGNC|HGNC:6407|||||ENSP00000509223||A0A8I5KQ21.2|UPI001E2444E0|||deleterious_low_confidence(0)|probably_damaging(0.982)|Gene3D:3.40.50.300&Pfam:PF00071&PROSITE_profiles:PS51419&PROSITE_profiles:PS51421&PANTHER:PTHR24070&PANTHER:PTHR24070:SF388&SMART:SM00173&SMART:SM00174&SMART:SM00175&Superfamily:SSF52540&TIGRFAM:TIGR00231|||||||||||||||||not_provided&pathogenic|0&1|1&1||||||32|4.792440	GT:AD:DP	0/1:149,9:.	G/A	12:25225627	A	ENSG00000133703	ENST00000557334	Transcript	intron_variant	MODIFIER						rs1057519725,COSV55498939							32	4.792440	KRAS	CGC:ONC; OncoKB:ONC; 2020Rule:ONC; CTAT:ONC; Oncogene:ONC	COSV55498939:PATHOGENIC	EGFR tyrosine kinase inhibitor resistance|Endocrine resistance|MAPK signaling pathway|ErbB signaling pathway|Ras signaling pathway|Rap1 signaling pathway|Chemokine signaling pathway|FoxO signaling pathway|Sphingolipid signaling pathway|Phospholipase D signaling pathway|Mitophagy - animal|Autophagy - animal|mTOR signaling pathway|PI3K-Akt signaling pathway|Apoptosis|Longevity regulating pathway|Longevity regulating pathway - multiple species|Cellular senescence|Axon guidance|VEGF signaling pathway|Apelin signaling pathway|Gap junction|Signaling pathways regulating pluripotency of stem cells|C-type lectin receptor signaling pathway|Natural killer cell mediated cytotoxicity|T cell receptor signaling pathway|B cell receptor signaling pathway|Fc epsilon RI signaling pathway|Thermogenesis|Long-term potentiation|Neurotrophin signaling pathway|Cholinergic synapse|Serotonergic synapse|Long-term depression|Regulation of actin cytoskeleton|Insulin signaling pathway|GnRH signaling pathway|Progesterone-mediated oocyte maturation|Estrogen signaling pathway|Melanogenesis|Prolactin signaling pathway|Thyroid hormone signaling pathway|Oxytocin signaling pathway|Relaxin signaling pathway|GnRH secretion|AGE-RAGE signaling pathway in diabetic complications|Growth hormone synthesis, secretion and action|Aldosterone-regulated sodium reabsorption|Alzheimer disease|Pathways of neurodegeneration - multiple diseases|Alcoholism|Hepatitis C|Hepatitis B|Human cytomegalovirus infection|Human papillomavirus infection|Human T-cell leukemia virus 1 infection|Kaposi sarcoma-associated herpesvirus infection|Human immunodeficiency virus 1 infection|Pathways in cancer|Viral carcinogenesis|Proteoglycans in cancer|MicroRNAs in cancer|Chemical carcinogenesis - receptor activation|Chemical carcinogenesis - reactive oxygen species|Colorectal cancer|Renal cell carcinoma|Pancreatic cancer|Endometrial cancer|Glioma|Prostate cancer|Thyroid cancer|Melanoma|Bladder cancer|Chronic myeloid leukemia|Acute myeloid leukemia|Non-small cell lung cancer|Breast cancer|Hepatocellular carcinoma|Gastric cancer|Central carbon metabolism in cancer|Choline metabolism in cancer|PD-L1 expression and PD-1 checkpoint pathway in cancer|Lipid and atherosclerosis	hsa01521|hsa01522|hsa04010|hsa04012|hsa04014|hsa04015|hsa04062|hsa04068|hsa04071|hsa04072|hsa04137|hsa04140|hsa04150|hsa04151|hsa04210|hsa04211|hsa04213|hsa04218|hsa04360|hsa04370|hsa04371|hsa04540|hsa04550|hsa04625|hsa04650|hsa04660|hsa04662|hsa04664|hsa04714|hsa04720|hsa04722|hsa04725|hsa04726|hsa04730|hsa04810|hsa04910|hsa04912|hsa04914|hsa04915|hsa04916|hsa04917|hsa04919|hsa04921|hsa04926|hsa04929|hsa04933|hsa04935|hsa04960|hsa05010|hsa05022|hsa05034|hsa05160|hsa05161|hsa05163|hsa05165|hsa05166|hsa05167|hsa05170|hsa05200|hsa05203|hsa05205|hsa05206|hsa05207|hsa05208|hsa05210|hsa05211|hsa05212|hsa05213|hsa05214|hsa05215|hsa05216|hsa05218|hsa05219|hsa05220|hsa05221|hsa05223|hsa05224|hsa05225|hsa05226|hsa05230|hsa05231|hsa05235|hsa05417	RCV000423608; RCV000434735; RCV000441300; RCV000791299	Non-small cell lung carcinoma; Neoplasm of the thyroid gland; Neoplasm of the large intestine; OCULOECTODERMAL SYNDROME, SOMATIC	not provided; Pathogenic; Pathogenic; Pathogenic	SNV	c.112-15716C>T							47691 / 49097025	82 / 49097025	0.5032	ONC
12	25225627		G	A	.	.	CSQ=A|missense_variant|MODERATE|KRAS|ENSG00000133703|Transcript|ENST00000256078|protein_coding|4/6||ENST00000256078.10:c.437C>T|ENSP00000256078.5:p.Ala146Val|627|437|146|A/V|gCa/gTa|rs1057519725&COSV55498939||-1||SNV|HGNC|HGNC:6407||1|A1|CCDS8703.1|ENSP00000256078|P01116.251|L7RSL8.77|UPI0000133132|P01116-1|NM_001369786.1&NM_033360.4|deleterious_low_confidence(0)||PDB-ENSP_mappings:3gft.A&PDB-ENSP_mappings:3gft.B&PDB-ENSP_mappings:3gft.C&PDB-ENSP_mappings:3gft.D&PDB-ENSP_mappings:3gft.E&PDB-ENSP_mappings:3gft.F&PDB-ENSP_mappings:4dsn.A&PDB-ENSP_mappings:4dso.A&PDB-ENSP_mappings:4dst.A&PDB-ENSP_mappings:4dsu.A&PDB-ENSP_mappings:4epr.A&PDB-ENSP_mappings:4ept.A&PDB-ENSP_mappings:4epv.A&PDB-ENSP_mappings:4epw.A&PDB-ENSP_mappings:4epx.A&PDB-ENSP_mappings:4epy.A&PDB-ENSP_mappings:4l8g.A&PDB-ENSP_mappings:4ldj.A&PDB-ENSP_mappings:4lpk.A&PDB-ENSP_mappings:4lpk.B&PDB-ENSP_mappings:4lrw.A&PDB-ENSP_mappings:4lrw.B&PDB-ENSP_mappings:4luc.A&PDB-ENSP_mappings:4luc.B&PDB-ENSP_mappings:4lv6.A&PDB-ENSP_mappings:4lv6.B&PDB-ENSP_mappings:4lyf.A&PDB-ENSP_mappings:4lyf.B&PDB-ENSP_mappings:4lyf.C&PDB-ENSP_mappings:4lyh.A&PDB-ENSP_mappings:4lyh.B&PDB-ENSP_mappings:4lyh.C&PDB-ENSP_mappings:4lyj.A&PDB-ENSP_mappings:4m1o.A&PDB-ENSP_mappings:4m1o.B&PDB-ENSP_mappings:4m1o.C&PDB-ENSP_mappings:4m1s.A&PDB-ENSP_mappings:4m1s.B&PDB-ENSP_mappings:4m1s.C&PDB-ENSP_mappings:4m1t.A&PDB-ENSP_mappings:4m1t.B&PDB-ENSP_mappings:4m1t.C&PDB-ENSP_mappings:4m1w.A&PDB-ENSP_mappings:4m1w.B&PDB-ENSP_mappings:4m1w.C&PDB-ENSP_mappings:4m1y.A&PDB-ENSP_mappings:4m1y.B&PDB-ENSP_mappings:4m1y.C&PDB-ENSP_mappings:4m21.A&PDB-ENSP_mappings:4m21.B&PDB-ENSP_mappings:4m21.C&PDB-ENSP_mappings:4m22.A&PDB-ENSP_mappings:4m22.B&PDB-ENSP_mappings:4m22.C&PDB-ENSP_mappings:4nmm.A&PDB-ENSP_mappings:4obe.A&PDB-ENSP_mappings:4obe.B&PDB-ENSP_mappings:4pzy.A&PDB-ENSP_mappings:4pzy.B&PDB-ENSP_mappings:4pzz.A&PDB-ENSP_mappings:4q01.A&PDB-ENSP_mappings:4q01.B&PDB-ENSP_mappings:4q02.A&PDB-ENSP_mappings:4q03.A&PDB-ENSP_mappings:4ql3.A&PDB-ENSP_mappings:4tq9.A&PDB-ENSP_mappings:4tq9.B&PDB-ENSP_mappings:4tqa.A&PDB-ENSP_mappings:4tqa.B&PDB-ENSP_mappings:4wa7.A&PDB-ENSP_mappings:5f2e.A&PDB-ENSP_mappings:5kyk.A&PDB-ENSP_mappings:5kyk.B&PDB-ENSP_mappings:5kyk.C&PDB-ENSP_mappings:5mla.A&PDB-ENSP_mappings:5mlb.A&PDB-ENSP_mappings:5mlb.C&PDB-ENSP_mappings:5mlb.E&PDB-ENSP_mappings:5mlb.G&PDB-ENSP_mappings:5o2s.A&PDB-ENSP_mappings:5o2s.C&PDB-ENSP_mappings:5o2s.E&PDB-ENSP_mappings:5o2s.G&PDB-ENSP_mappings:5o2t.A&PDB-ENSP_mappings:5ocg.A&PDB-ENSP_mappings:5oco.A&PDB-ENSP_mappings:5oco.B&PDB-ENSP_mappings:5oco.C&PDB-ENSP_mappings:5oco.D&PDB-ENSP_mappings:5oco.E&PDB-ENSP_mappings:5oco.F&PDB-ENSP_mappings:5oct.A&PDB-ENSP_mappings:5oct.B&PDB-ENSP_mappings:5oct.C&PDB-ENSP_mappings:5oct.D&PDB-ENSP_mappings:5oct.E&PDB-ENSP_mappings:5oct.F&PDB-ENSP_mappings:5tar.A&PDB-ENSP_mappings:5tb5.A&PDB-ENSP_mappings:5tb5.C&PDB-ENSP_mappings:5ufe.A&PDB-ENSP_mappings:5ufq.A&PDB-ENSP_mappings:5ufq.B&PDB-ENSP_mappings:5uk9.A&PDB-ENSP_mappings:5uk9.B&PDB-ENSP_mappings:5uqw.A&PDB-ENSP_mappings:5uqw.B&PDB-ENSP_mappings:5us4.A&PDB-ENSP_mappings:5us4.B&PDB-ENSP_mappings:5usj.A&PDB-ENSP_mappings:5usj.B&PDB-ENSP_mappings:5usj.C&PDB-ENSP_mappings:5usj.D&PDB-ENSP_mappings:5usj.E&PDB-ENSP_mappings:5usj.F&PDB-ENSP_mappings:5v6s.A&PDB-ENSP_mappings:5v6v.A&PDB-ENSP_mappings:5v6v.B&PDB-ENSP_mappings:5v71.A&PDB-ENSP_mappings:5v71.B&PDB-ENSP_mappings:5v71.C&PDB-ENSP_mappings:5v71.D&PDB-ENSP_mappings:5v71.E&PDB-ENSP_mappings:5v71.F&PDB-ENSP_mappings:5v9l.A&PDB-ENSP_mappings:5v9l.B&PDB-ENSP_mappings:5v9l.C&PDB-ENSP_mappings:5v9o.A&PDB-ENSP_mappings:5v9u.A&PDB-ENSP_mappings:5v9u.B&PDB-ENSP_mappings:5vbm.A&PDB-ENSP_mappings:5vp7.A&PDB-ENSP_mappings:5vp7.F&PDB-ENSP_mappings:5vpi.A&PDB-ENSP_mappings:5vpi.B&PDB-ENSP_mappings:5vpy.A&PDB-ENSP_mappings:5vpy.B&PDB-ENSP_mappings:5vpz.A&PDB-ENSP_mappings:5vpz.B&PDB-ENSP_mappings:5vq0.A&PDB-ENSP_mappings:5vq0.B&PDB-ENSP_mappings:5vq1.A&PDB-ENSP_mappings:5vq1.B&PDB-ENSP_mappings:5vq2.A&PDB-ENSP_mappings:5vq2.B&PDB-ENSP_mappings:5vq6.A&PDB-ENSP_mappings:5vq6.B&PDB-ENSP_mappings:5vq8.A&PDB-ENSP_mappings:5vq8.B&PDB-ENSP_mappings:5w22.A&PDB-ENSP_mappings:5w22.B&PDB-ENSP_mappings:5wha.A&PDB-ENSP_mappings:5wha.D&PDB-ENSP_mappings:5wha.G&PDB-ENSP_mappings:5wha.J&PDB-ENSP_mappings:5whb.A&PDB-ENSP_mappings:5whb.D&PDB-ENSP_mappings:5whb.G&PDB-ENSP_mappings:5whb.J&PDB-ENSP_mappings:5whd.A&PDB-ENSP_mappings:5whd.B&PDB-ENSP_mappings:5whd.C&PDB-ENSP_mappings:5whd.D&PDB-ENSP_mappings:5whe.A&PDB-ENSP_mappings:5whe.D&PDB-ENSP_mappings:5whe.G&PDB-ENSP_mappings:5whe.J&PDB-ENSP_mappings:5wlb.A&PDB-ENSP_mappings:5wlb.D&PDB-ENSP_mappings:5wpm.A&PDB-ENSP_mappings:5xco.A&PDB-ENSP_mappings:5yxz.A&PDB-ENSP_mappings:5yy1.A&PDB-ENSP_mappings:6ark.A&PDB-ENSP_mappings:6asa.A&PDB-ENSP_mappings:6ase.A&PDB-ENSP_mappings:6b0v.A&PDB-ENSP_mappings:6b0v.B&PDB-ENSP_mappings:6b0y.A&PDB-ENSP_mappings:6b0y.B&PDB-ENSP_mappings:6bof.A&PDB-ENSP_mappings:6bof.B&PDB-ENSP_mappings:6bp1.A&PDB-ENSP_mappings:6cc9.B&PDB-ENSP_mappings:6cch.B&PDB-ENSP_mappings:6ccx.B&PDB-ENSP_mappings:6cu6.A&PDB-ENSP_mappings:6cu6.B&PDB-ENSP_mappings:6cu6.C&PDB-ENSP_mappings:6e6f.A&PDB-ENSP_mappings:6e6f.B&PDB-ENSP_mappings:6e6g.A&PDB-ENSP_mappings:6epl.R&PDB-ENSP_mappings:6epm.R&PDB-ENSP_mappings:6epn.R&PDB-ENSP_mappings:6epo.R&PDB-ENSP_mappings:6epp.R&PDB-ENSP_mappings:6f76.A&PDB-ENSP_mappings:6f76.B&PDB-ENSP_mappings:6f76.C&PDB-ENSP_mappings:6f76.D&PDB-ENSP_mappings:6f76.E&PDB-ENSP_mappings:6f76.F&PDB-ENSP_mappings:6fa1.A&PDB-ENSP_mappings:6fa1.B&PDB-ENSP_mappings:6fa1.C&PDB-ENSP_mappings:6fa1.D&PDB-ENSP_mappings:6fa1.E&PDB-ENSP_mappings:6fa1.F&PDB-ENSP_mappings:6fa2.A&PDB-ENSP_mappings:6fa2.B&PDB-ENSP_mappings:6fa2.C&PDB-ENSP_mappings:6fa2.D&PDB-ENSP_mappings:6fa2.E&PDB-ENSP_mappings:6fa2.F&PDB-ENSP_mappings:6fa3.A&PDB-ENSP_mappings:6fa3.B&PDB-ENSP_mappings:6fa3.C&PDB-ENSP_mappings:6fa3.D&PDB-ENSP_mappings:6fa3.E&PDB-ENSP_mappings:6fa3.F&PDB-ENSP_mappings:6fa4.A&PDB-ENSP_mappings:6fa4.B&PDB-ENSP_mappings:6fa4.C&PDB-ENSP_mappings:6fa4.D&PDB-ENSP_mappings:6fa4.E&PDB-ENSP_mappings:6fa4.F&PDB-ENSP_mappings:6gj5.A&PDB-ENSP_mappings:6gj5.B&PDB-ENSP_mappings:6gj6.A&PDB-ENSP_mappings:6gj7.A&PDB-ENSP_mappings:6gj8.A&PDB-ENSP_mappings:6god.A&PDB-ENSP_mappings:6goe.A&PDB-ENSP_mappings:6gof.A&PDB-ENSP_mappings:6gog.A&PDB-ENSP_mappings:6gog.B&PDB-ENSP_mappings:6gog.C&PDB-ENSP_mappings:6gog.D&PDB-ENSP_mappings:6gog.E&PDB-ENSP_mappings:6gog.F&PDB-ENSP_mappings:6gom.A&PDB-ENSP_mappings:6gom.B&PDB-ENSP_mappings:6gom.C&PDB-ENSP_mappings:6gom.D&PDB-ENSP_mappings:6gom.E&PDB-ENSP_mappings:6gom.F&PDB-ENSP_mappings:6gqt.A&PDB-ENSP_mappings:6gqt.B&PDB-ENSP_mappings:6gqt.C&PDB-ENSP_mappings:6gqt.D&PDB-ENSP_mappings:6gqt.E&PDB-ENSP_mappings:6gqt.F&PDB-ENSP_mappings:6gqw.A&PDB-ENSP_mappings:6gqw.B&PDB-ENSP_mappings:6gqw.C&PDB-ENSP_mappings:6gqw.D&PDB-ENSP_mappings:6gqw.E&PDB-ENSP_mappings:6gqw.F&PDB-ENSP_mappings:6gqx.A&PDB-ENSP_mappings:6gqx.B&PDB-ENSP_mappings:6gqx.C&PDB-ENSP_mappings:6gqx.D&PDB-ENSP_mappings:6gqx.E&PDB-ENSP_mappings:6gqx.F&PDB-ENSP_mappings:6gqy.A&PDB-ENSP_mappings:6gqy.B&PDB-ENSP_mappings:6gqy.C&PDB-ENSP_mappings:6gqy.D&PDB-ENSP_mappings:6gqy.E&PDB-ENSP_mappings:6gqy.F&PDB-ENSP_mappings:6h46.A&PDB-ENSP_mappings:6h47.A&PDB-ENSP_mappings:6m9w.A&PDB-ENSP_mappings:6mbq.A&PDB-ENSP_mappings:6mbt.A&PDB-ENSP_mappings:6mbt.B&PDB-ENSP_mappings:6mbu.A&PDB-ENSP_mappings:6mbu.B&PDB-ENSP_mappings:6mnx.A&PDB-ENSP_mappings:6mnx.B&PDB-ENSP_mappings:6mnx.C&PDB-ENSP_mappings:6mnx.D&PDB-ENSP_mappings:6mnx.E&PDB-ENSP_mappings:6mnx.F&PDB-ENSP_mappings:6mqg.A&PDB-ENSP_mappings:6mqn.A&PDB-ENSP_mappings:6mqn.B&PDB-ENSP_mappings:6mqn.C&PDB-ENSP_mappings:6ms9.A&PDB-ENSP_mappings:6ms9.B&PDB-ENSP_mappings:6ms9.C&PDB-ENSP_mappings:6mta.A&PDB-ENSP_mappings:6mta.B&PDB-ENSP_mappings:6mta.C&PDB-ENSP_mappings:6n2j.A&PDB-ENSP_mappings:6n2k.A&PDB-ENSP_mappings:6o36.A&PDB-ENSP_mappings:6o36.B&PDB-ENSP_mappings:6o36.C&PDB-ENSP_mappings:6o46.A&PDB-ENSP_mappings:6o46.B&PDB-ENSP_mappings:6o46.C&PDB-ENSP_mappings:6ob2.A&PDB-ENSP_mappings:6ob2.C&PDB-ENSP_mappings:6ob3.A&PDB-ENSP_mappings:6ob3.C&PDB-ENSP_mappings:6oim.A&PDB-ENSP_mappings:6p0z.A&PDB-ENSP_mappings:6p0z.B&PDB-ENSP_mappings:6p8w.A&PDB-ENSP_mappings:6p8w.B&PDB-ENSP_mappings:6p8x.A&PDB-ENSP_mappings:6p8x.B&PDB-ENSP_mappings:6p8x.C&PDB-ENSP_mappings:6p8x.D&PDB-ENSP_mappings:6p8y.A&PDB-ENSP_mappings:6p8y.B&PDB-ENSP_mappings:6p8z.A&PDB-ENSP_mappings:6p8z.B&PDB-ENSP_mappings:6pgo.A&PDB-ENSP_mappings:6pgo.B&PDB-ENSP_mappings:6pgp.A&PDB-ENSP_mappings:6pgp.B&PDB-ENSP_mappings:6pq3.A&PDB-ENSP_mappings:6pts.B&PDB-ENSP_mappings:6ptw.B&PDB-ENSP_mappings:6quu.A&PDB-ENSP_mappings:6quu.B&PDB-ENSP_mappings:6quv.A&PDB-ENSP_mappings:6quv.B&PDB-ENSP_mappings:6quw.A&PDB-ENSP_mappings:6quw.B&PDB-ENSP_mappings:6qux.A&PDB-ENSP_mappings:6qux.B&PDB-ENSP_mappings:6t5b.A&PDB-ENSP_mappings:6t5u.B&PDB-ENSP_mappings:6t5v.A&PDB-ENSP_mappings:6tam.A&PDB-ENSP_mappings:6tan.A&PDB-ENSP_mappings:6usx.A&PDB-ENSP_mappings:6usx.B&PDB-ENSP_mappings:6usz.A&PDB-ENSP_mappings:6ut0.A&PDB-ENSP_mappings:6ut0.B&PDB-ENSP_mappings:6ut0.C&PDB-ENSP_mappings:6ut0.D&PDB-ENSP_mappings:6v5l.A&PDB-ENSP_mappings:6v65.C&PDB-ENSP_mappings:6v6f.C&PDB-ENSP_mappings:6vc8.A&PDB-ENSP_mappings:6vc8.B&PDB-ENSP_mappings:6vc8.C&PDB-ENSP_mappings:6vjj.A&PDB-ENSP_mappings:6w4e.B&PDB-ENSP_mappings:6w4e.C&PDB-ENSP_mappings:6w4f.B&PDB-ENSP_mappings:6w4f.C&PDB-ENSP_mappings:6wgn.A&PDB-ENSP_mappings:6wgn.B&PDB-ENSP_mappings:6wgn.C&PDB-ENSP_mappings:6ws2.A&PDB-ENSP_mappings:6ws2.B&PDB-ENSP_mappings:6ws2.C&PDB-ENSP_mappings:6ws2.D&PDB-ENSP_mappings:6ws4.A&PDB-ENSP_mappings:6ws4.B&PDB-ENSP_mappings:6ws4.C&PDB-ENSP_mappings:6ws4.D&PDB-ENSP_mappings:6xgu.A&PDB-ENSP_mappings:6xgv.A&PDB-ENSP_mappings:6xhb.A&PDB-ENSP_mappings:6yr8.A&PDB-ENSP_mappings:6yxw.A&PDB-ENSP_mappings:6yxw.C&PDB-ENSP_mappings:6zl5.A&PDB-ENSP_mappings:6zli.A&PDB-ENSP_mappings:6zli.B&PDB-ENSP_mappings:7a1w.A&PDB-ENSP_mappings:7a1x.A&PDB-ENSP_mappings:7a1y.A&PDB-ENSP_mappings:7a47.A&PDB-ENSP_mappings:7a47.C&PDB-ENSP_mappings:7a47.E&PDB-ENSP_mappings:7aca.A&PDB-ENSP_mappings:7aca.B&PDB-ENSP_mappings:7aca.C&PDB-ENSP_mappings:7aca.D&PDB-ENSP_mappings:7acf.A&PDB-ENSP_mappings:7acf.B&PDB-ENSP_mappings:7acf.C&PDB-ENSP_mappings:7acf.D&PDB-ENSP_mappings:7ach.A&PDB-ENSP_mappings:7ach.B&PDB-ENSP_mappings:7acq.A&PDB-ENSP_mappings:7acq.B&PDB-ENSP_mappings:7acq.C&PDB-ENSP_mappings:7c40.A&PDB-ENSP_mappings:7c41.A&PDB-ENSP_mappings:7c41.G&PDB-ENSP_mappings:7c41.J&PDB-ENSP_mappings:7c41.M&PDB-ENSP_mappings:7ew9.A&PDB-ENSP_mappings:7ew9.B&PDB-ENSP_mappings:7ew9.C&PDB-ENSP_mappings:7ewa.A&PDB-ENSP_mappings:7ewa.B&PDB-ENSP_mappings:7ewa.C&PDB-ENSP_mappings:7ewb.A&PDB-ENSP_mappings:7ewb.B&PDB-ENSP_mappings:7ewb.C&PDB-ENSP_mappings:7eyx.A&PDB-ENSP_mappings:7f0w.A&PDB-ENSP_mappings:7kfz.A&PDB-ENSP_mappings:7kfz.C&PDB-ENSP_mappings:7kmr.A&PDB-ENSP_mappings:7kyz.A&PDB-ENSP_mappings:7lc1.A&PDB-ENSP_mappings:7lc1.C&PDB-ENSP_mappings:7lc2.A&PDB-ENSP_mappings:7lc2.B&PDB-ENSP_mappings:7lgi.A&PDB-ENSP_mappings:7mqu.A&PDB-ENSP_mappings:7ny8.A&PDB-ENSP_mappings:7ny8.B&PDB-ENSP_mappings:7o70.A&PDB-ENSP_mappings:7o70.D&PDB-ENSP_mappings:7oo7.A&PDB-ENSP_mappings:7oo7.D&PDB-ENSP_mappings:7r0m.A&PDB-ENSP_mappings:7r0m.B&PDB-ENSP_mappings:7r0n.A&PDB-ENSP_mappings:7r0q.A&PDB-ENSP_mappings:7r0q.B&PDB-ENSP_mappings:7rov.A&PDB-ENSP_mappings:7rov.B&PDB-ENSP_mappings:7rp2.A&PDB-ENSP_mappings:7rp4.A&PDB-ENSP_mappings:7rp4.B&PDB-ENSP_mappings:7rpz.A&PDB-ENSP_mappings:7rsc.A&PDB-ENSP_mappings:7rsc.B&PDB-ENSP_mappings:7rse.A&PDB-ENSP_mappings:7rse.B&PDB-ENSP_mappings:7rt1.A&PDB-ENSP_mappings:7rt2.A&PDB-ENSP_mappings:7rt3.A&PDB-ENSP_mappings:7rt4.A&PDB-ENSP_mappings:7rt5.A&PDB-ENSP_mappings:7scw.A&PDB-ENSP_mappings:7scx.A&PDB-ENSP_mappings:7t47.A&PDB-ENSP_mappings:7tle.A&PDB-ENSP_mappings:7tlg.A&PDB-ENSP_mappings:7tlg.B&PDB-ENSP_mappings:7tlk.A&PDB-ENSP_mappings:7tlk.B&PDB-ENSP_mappings:7vvb.A&PDB-ENSP_mappings:8dni.A&PROSITE_profiles:PS51420&PROSITE_profiles:PS51421&PROSITE_profiles:PS51419&CDD:cd04138&PANTHER:PTHR24070&PANTHER:PTHR24070:SF388&Gene3D:3.40.50.300&TIGRFAM:TIGR00231&Pfam:PF00071&SMART:SM00173&SMART:SM00176&SMART:SM00175&SMART:SM00174&Superfamily:SSF52540&Prints:PR00449&AFDB-ENSP_mappings:AF-P01116-F1.A|||||||||||||||||not_provided&pathogenic|0&1|1&1||||||32|4.792440,A|missense_variant|MODERATE|KRAS|ENSG00000133703|Transcript|ENST00000311936|protein_coding|4/5||ENST00000311936.8:c.437C>T|ENSP00000308495.3:p.Ala146Val|627|437|146|A/V|gCa/gTa|rs1057519725&COSV55498939||-1||SNV|HGNC|HGNC:6407|YES|1|P3|CCDS8702.1|ENSP00000308495|P01116.251|A0A024RAV5.54|UPI0000001252|P01116-2|NM_004985.5|deleterious_low_confidence(0)||Gene3D:3.40.50.300&PDB-ENSP_mappings:6xha.A&PDB-ENSP_mappings:6xi7.A&PDB-ENSP_mappings:7lz5.A&PDB-ENSP_mappings:7mdp.A&PDB-ENSP_mappings:7ok3.A&PDB-ENSP_mappings:7ok4.A&PDB-ENSP_mappings:7q9u.AAA&PDB-ENSP_mappings:7q9u.BBB&PDB-ENSP_mappings:7rp3.A&PDB-ENSP_mappings:7ycc.A&PDB-ENSP_mappings:7ycc.B&PDB-ENSP_mappings:7ycc.C&PDB-ENSP_mappings:7yce.A&PDB-ENSP_mappings:8dnj.A&PDB-ENSP_mappings:8dnj.B&PDB-ENSP_mappings:8dnj.C&PDB-ENSP_mappings:8dnk.A&Pfam:PF00071&Prints:PR00449&PROSITE_profiles:PS51419&PROSITE_profiles:PS51420&PROSITE_profiles:PS51421&PANTHER:PTHR24070&PANTHER:PTHR24070:SF388&SMART:SM00173&SMART:SM00174&SMART:SM00175&Superfamily:SSF52540&TIGRFAM:TIGR00231&CDD:cd04138|||||||||||||||||not_provided&pathogenic|0&1|1&1||||||32|4.792440,A|intron_variant|MODIFIER|KRAS|ENSG00000133703|Transcript|ENST00000557334|protein_coding||2/2|ENST00000557334.6:c.112-15716C>T|||||||rs1057519725&COSV55498939||-1||SNV|HGNC|HGNC:6407||5|||ENSP00000452512||G3V5T7.63|UPI00021CF477||||||||||||||||||||||not_provided&pathogenic|0&1|1&1||||||32|4.792440,A|non_coding_transcript_exon_variant|MODIFIER||ENSG00000275197|Transcript|ENST00000620933|lncRNA|1/1||ENST00000620933.1:n.525G>A||525|||||rs1057519725&COSV55498939||1||SNV|||YES|||||||||||||||||||||||||||||not_provided&pathogenic|0&1|1&1||||||32|4.792440,A|missense_variant|MODERATE|KRAS|ENSG00000133703|Transcript|ENST00000685328|protein_coding|4/5||ENST00000685328.1:c.437C>T|ENSP00000508921.1:p.Ala146Val|620|437|146|A/V|gCa/gTa|rs1057519725&COSV55498939||-1||SNV|HGNC|HGNC:6407|||P3|CCDS8702.1|ENSP00000508921|P01116.251|A0A024RAV5.54|UPI0000001252|P01116-2|NM_001369787.1|deleterious_low_confidence(0)||Gene3D:3.40.50.300&PDB-ENSP_mappings:6xha.A&PDB-ENSP_mappings:6xi7.A&PDB-ENSP_mappings:7lz5.A&PDB-ENSP_mappings:7mdp.A&PDB-ENSP_mappings:7ok3.A&PDB-ENSP_mappings:7ok4.A&PDB-ENSP_mappings:7q9u.AAA&PDB-ENSP_mappings:7q9u.BBB&PDB-ENSP_mappings:7rp3.A&PDB-ENSP_mappings:7ycc.A&PDB-ENSP_mappings:7ycc.B&PDB-ENSP_mappings:7ycc.C&PDB-ENSP_mappings:7yce.A&PDB-ENSP_mappings:8dnj.A&PDB-ENSP_mappings:8dnj.B&PDB-ENSP_mappings:8dnj.C&PDB-ENSP_mappings:8dnk.A&Pfam:PF00071&Prints:PR00449&PROSITE_profiles:PS51419&PROSITE_profiles:PS51420&PROSITE_profiles:PS51421&PANTHER:PTHR24070&PANTHER:PTHR24070:SF388&SMART:SM00173&SMART:SM00174&SMART:SM00175&Superfamily:SSF52540&TIGRFAM:TIGR00231&CDD:cd04138|||||||||||||||||not_provided&pathogenic|0&1|1&1||||||32|4.792440,A|3_prime_UTR_variant&NMD_transcript_variant|MODIFIER|KRAS|ENSG00000133703|Transcript|ENST00000686877|nonsense_mediated_decay|5/6||ENST00000686877.1:c.*408C>T||745|||||rs1057519725&COSV55498939||-1||SNV|HGNC|HGNC:6407|||||ENSP00000510431||A0A8I5KR86.2|UPI001E2497D5||||||||||||||||||||||not_provided&pathogenic|0&1|1&1||||||32|4.792440,A|3_prime_UTR_variant&NMD_transcript_variant|MODIFIER|KRAS|ENSG00000133703|Transcript|ENST00000687356|nonsense_mediated_decay|3/4||ENST00000687356.1:c.*135C>T||446|||||rs1057519725&COSV55498939||-1||SNV|HGNC|HGNC:6407|||||ENSP00000510511||A0A8I5KXN3.2|UPI00015AA4A0||||||||||||||||||||||not_provided&pathogenic|0&1|1&1||||||32|4.792440,A|non_coding_transcript_exon_variant|MODIFIER|KRAS|ENSG00000133703|Transcript|ENST00000688228|retained_intron|2/3||ENST00000688228.1:n.911C>T||911|||||rs1057519725&COSV55498939||-1||SNV|HGNC|HGNC:6407||||||||||||||||||||||||||||||not_provided&pathogenic|0&1|1&1||||||32|4.792440,A|missense_variant|MODERATE|KRAS|ENSG00000133703|Transcript|ENST00000688940|protein_coding|4/5||ENST00000688940.1:c.437C>T|ENSP00000509238.1:p.Ala146Val|638|437|146|A/V|gCa/gTa|rs1057519725&COSV55498939||-1||SNV|HGNC|HGNC:6407|||P3|CCDS8702.1|ENSP00000509238|P01116.251|A0A024RAV5.54|UPI0000001252|P01116-2||deleterious_low_confidence(0)||Gene3D:3.40.50.300&PDB-ENSP_mappings:6xha.A&PDB-ENSP_mappings:6xi7.A&PDB-ENSP_mappings:7lz5.A&PDB-ENSP_mappings:7mdp.A&PDB-ENSP_mappings:7ok3.A&PDB-ENSP_mappings:7ok4.A&PDB-ENSP_mappings:7q9u.AAA&PDB-ENSP_mappings:7q9u.BBB&PDB-ENSP_mappings:7rp3.A&PDB-ENSP_mappings:7ycc.A&PDB-ENSP_mappings:7ycc.B&PDB-ENSP_mappings:7ycc.C&PDB-ENSP_mappings:7yce.A&PDB-ENSP_mappings:8dnj.A&PDB-ENSP_mappings:8dnj.B&PDB-ENSP_mappings:8dnj.C&PDB-ENSP_mappings:8dnk.A&Pfam:PF00071&Prints:PR00449&PROSITE_profiles:PS51419&PROSITE_profiles:PS51420&PROSITE_profiles:PS51421&PANTHER:PTHR24070&PANTHER:PTHR24070:SF388&SMART:SM00173&SMART:SM00174&SMART:SM00175&Superfamily:SSF52540&TIGRFAM:TIGR00231&CDD:cd04138|||||||||||||||||not_provided&pathogenic|0&1|1&1||||||32|4.792440,A|missense_variant&NMD_transcript_variant|MODERATE|KRAS|ENSG00000133703|Transcript|ENST00000690406|nonsense_mediated_decay|1/3||ENST00000690406.1:c.149C>T|ENSP00000509798.1:p.Ala50Val|147|149|50|A/V|gCa/gTa|rs1057519725&COSV55498939||-1|cds_start_NF|SNV|HGNC|HGNC:6407|||||ENSP00000509798||A0A8I5KYH6.2&A0A221ZRZ5.11|UPI000B8D9C09|||deleterious_low_confidence(0)|probably_damaging(0.985)||||||||||||||||||not_provided&pathogenic|0&1|1&1||||||32|4.792440,A|3_prime_UTR_variant&NMD_transcript_variant|MODIFIER|KRAS|ENSG00000133703|Transcript|ENST00000690804|nonsense_mediated_decay|5/6||ENST00000690804.1:c.*398C>T||744|||||rs1057519725&COSV55498939||-1||SNV|HGNC|HGNC:6407|||||ENSP00000508568||A0A8I5KQU3.2|UPI001E249B21||||||||||||||||||||||not_provided&pathogenic|0&1|1&1||||||32|4.792440,A|missense_variant|MODERATE|KRAS|ENSG00000133703|Transcript|ENST00000692768|protein_coding|3/4||ENST00000692768.1:c.239C>T|ENSP00000510254.1:p.Ala80Val|493|239|80|A/V|gCa/gTa|rs1057519725&COSV55498939||-1||SNV|HGNC|HGNC:6407|||||ENSP00000510254||A0A8I5KUB5.2|UPI001E24C9F0|||deleterious_low_confidence(0)||Gene3D:3.40.50.300&Pfam:PF00071&Prints:PR00449&PROSITE_profiles:PS51419&PROSITE_profiles:PS51421&PANTHER:PTHR24070&PANTHER:PTHR24070:SF388&SMART:SM00173&SMART:SM00174&SMART:SM00175&Superfamily:SSF52540&TIGRFAM:TIGR00231|||||||||||||||||not_provided&pathogenic|0&1|1&1||||||32|4.792440,A|missense_variant|MODERATE|KRAS|ENSG00000133703|Transcript|ENST00000693229|protein_coding|4/5||ENST00000693229.1:c.362C>T|ENSP00000509223.1:p.Ala121Val|522|362|121|A/V|gCa/gTa|rs1057519725&COSV55498939||-1||SNV|HGNC|HGNC:6407|||||ENSP00000509223||A0A8I5KQ21.2|UPI001E2444E0|||deleterious_low_confidence(0)|probably_damaging(0.982)|Gene3D:3.40.50.300&Pfam:PF00071&PROSITE_profiles:PS51419&PROSITE_profiles:PS51421&PANTHER:PTHR24070&PANTHER:PTHR24070:SF388&SMART:SM00173&SMART:SM00174&SMART:SM00175&Superfamily:SSF52540&TIGRFAM:TIGR00231|||||||||||||||||not_provided&pathogenic|0&1|1&1||||||32|4.792440	GT:AD:DP	0/1:149,9:.	G/A	12:25225627	A	ENSG00000275197	ENST00000620933	Transcript	non_coding_transcript_exon_variant	MODIFIER	525					rs1057519725,COSV55498939							32	4.792440						RCV000423608; RCV000434735; RCV000441300; RCV000791299	Non-small cell lung carcinoma; Neoplasm of the thyroid gland; Neoplasm of the large intestine; OCULOECTODERMAL SYNDROME, SOMATIC	not provided; Pathogenic; Pathogenic; Pathogenic	SNV	n.525G>A							0	0	0.2900	UNCLASSIFIED
12	25225627		G	A	.	.	CSQ=A|missense_variant|MODERATE|KRAS|ENSG00000133703|Transcript|ENST00000256078|protein_coding|4/6||ENST00000256078.10:c.437C>T|ENSP00000256078.5:p.Ala146Val|627|437|146|A/V|gCa/gTa|rs1057519725&COSV55498939||-1||SNV|HGNC|HGNC:6407||1|A1|CCDS8703.1|ENSP00000256078|P01116.251|L7RSL8.77|UPI0000133132|P01116-1|NM_001369786.1&NM_033360.4|deleterious_low_confidence(0)||PDB-ENSP_mappings:3gft.A&PDB-ENSP_mappings:3gft.B&PDB-ENSP_mappings:3gft.C&PDB-ENSP_mappings:3gft.D&PDB-ENSP_mappings:3gft.E&PDB-ENSP_mappings:3gft.F&PDB-ENSP_mappings:4dsn.A&PDB-ENSP_mappings:4dso.A&PDB-ENSP_mappings:4dst.A&PDB-ENSP_mappings:4dsu.A&PDB-ENSP_mappings:4epr.A&PDB-ENSP_mappings:4ept.A&PDB-ENSP_mappings:4epv.A&PDB-ENSP_mappings:4epw.A&PDB-ENSP_mappings:4epx.A&PDB-ENSP_mappings:4epy.A&PDB-ENSP_mappings:4l8g.A&PDB-ENSP_mappings:4ldj.A&PDB-ENSP_mappings:4lpk.A&PDB-ENSP_mappings:4lpk.B&PDB-ENSP_mappings:4lrw.A&PDB-ENSP_mappings:4lrw.B&PDB-ENSP_mappings:4luc.A&PDB-ENSP_mappings:4luc.B&PDB-ENSP_mappings:4lv6.A&PDB-ENSP_mappings:4lv6.B&PDB-ENSP_mappings:4lyf.A&PDB-ENSP_mappings:4lyf.B&PDB-ENSP_mappings:4lyf.C&PDB-ENSP_mappings:4lyh.A&PDB-ENSP_mappings:4lyh.B&PDB-ENSP_mappings:4lyh.C&PDB-ENSP_mappings:4lyj.A&PDB-ENSP_mappings:4m1o.A&PDB-ENSP_mappings:4m1o.B&PDB-ENSP_mappings:4m1o.C&PDB-ENSP_mappings:4m1s.A&PDB-ENSP_mappings:4m1s.B&PDB-ENSP_mappings:4m1s.C&PDB-ENSP_mappings:4m1t.A&PDB-ENSP_mappings:4m1t.B&PDB-ENSP_mappings:4m1t.C&PDB-ENSP_mappings:4m1w.A&PDB-ENSP_mappings:4m1w.B&PDB-ENSP_mappings:4m1w.C&PDB-ENSP_mappings:4m1y.A&PDB-ENSP_mappings:4m1y.B&PDB-ENSP_mappings:4m1y.C&PDB-ENSP_mappings:4m21.A&PDB-ENSP_mappings:4m21.B&PDB-ENSP_mappings:4m21.C&PDB-ENSP_mappings:4m22.A&PDB-ENSP_mappings:4m22.B&PDB-ENSP_mappings:4m22.C&PDB-ENSP_mappings:4nmm.A&PDB-ENSP_mappings:4obe.A&PDB-ENSP_mappings:4obe.B&PDB-ENSP_mappings:4pzy.A&PDB-ENSP_mappings:4pzy.B&PDB-ENSP_mappings:4pzz.A&PDB-ENSP_mappings:4q01.A&PDB-ENSP_mappings:4q01.B&PDB-ENSP_mappings:4q02.A&PDB-ENSP_mappings:4q03.A&PDB-ENSP_mappings:4ql3.A&PDB-ENSP_mappings:4tq9.A&PDB-ENSP_mappings:4tq9.B&PDB-ENSP_mappings:4tqa.A&PDB-ENSP_mappings:4tqa.B&PDB-ENSP_mappings:4wa7.A&PDB-ENSP_mappings:5f2e.A&PDB-ENSP_mappings:5kyk.A&PDB-ENSP_mappings:5kyk.B&PDB-ENSP_mappings:5kyk.C&PDB-ENSP_mappings:5mla.A&PDB-ENSP_mappings:5mlb.A&PDB-ENSP_mappings:5mlb.C&PDB-ENSP_mappings:5mlb.E&PDB-ENSP_mappings:5mlb.G&PDB-ENSP_mappings:5o2s.A&PDB-ENSP_mappings:5o2s.C&PDB-ENSP_mappings:5o2s.E&PDB-ENSP_mappings:5o2s.G&PDB-ENSP_mappings:5o2t.A&PDB-ENSP_mappings:5ocg.A&PDB-ENSP_mappings:5oco.A&PDB-ENSP_mappings:5oco.B&PDB-ENSP_mappings:5oco.C&PDB-ENSP_mappings:5oco.D&PDB-ENSP_mappings:5oco.E&PDB-ENSP_mappings:5oco.F&PDB-ENSP_mappings:5oct.A&PDB-ENSP_mappings:5oct.B&PDB-ENSP_mappings:5oct.C&PDB-ENSP_mappings:5oct.D&PDB-ENSP_mappings:5oct.E&PDB-ENSP_mappings:5oct.F&PDB-ENSP_mappings:5tar.A&PDB-ENSP_mappings:5tb5.A&PDB-ENSP_mappings:5tb5.C&PDB-ENSP_mappings:5ufe.A&PDB-ENSP_mappings:5ufq.A&PDB-ENSP_mappings:5ufq.B&PDB-ENSP_mappings:5uk9.A&PDB-ENSP_mappings:5uk9.B&PDB-ENSP_mappings:5uqw.A&PDB-ENSP_mappings:5uqw.B&PDB-ENSP_mappings:5us4.A&PDB-ENSP_mappings:5us4.B&PDB-ENSP_mappings:5usj.A&PDB-ENSP_mappings:5usj.B&PDB-ENSP_mappings:5usj.C&PDB-ENSP_mappings:5usj.D&PDB-ENSP_mappings:5usj.E&PDB-ENSP_mappings:5usj.F&PDB-ENSP_mappings:5v6s.A&PDB-ENSP_mappings:5v6v.A&PDB-ENSP_mappings:5v6v.B&PDB-ENSP_mappings:5v71.A&PDB-ENSP_mappings:5v71.B&PDB-ENSP_mappings:5v71.C&PDB-ENSP_mappings:5v71.D&PDB-ENSP_mappings:5v71.E&PDB-ENSP_mappings:5v71.F&PDB-ENSP_mappings:5v9l.A&PDB-ENSP_mappings:5v9l.B&PDB-ENSP_mappings:5v9l.C&PDB-ENSP_mappings:5v9o.A&PDB-ENSP_mappings:5v9u.A&PDB-ENSP_mappings:5v9u.B&PDB-ENSP_mappings:5vbm.A&PDB-ENSP_mappings:5vp7.A&PDB-ENSP_mappings:5vp7.F&PDB-ENSP_mappings:5vpi.A&PDB-ENSP_mappings:5vpi.B&PDB-ENSP_mappings:5vpy.A&PDB-ENSP_mappings:5vpy.B&PDB-ENSP_mappings:5vpz.A&PDB-ENSP_mappings:5vpz.B&PDB-ENSP_mappings:5vq0.A&PDB-ENSP_mappings:5vq0.B&PDB-ENSP_mappings:5vq1.A&PDB-ENSP_mappings:5vq1.B&PDB-ENSP_mappings:5vq2.A&PDB-ENSP_mappings:5vq2.B&PDB-ENSP_mappings:5vq6.A&PDB-ENSP_mappings:5vq6.B&PDB-ENSP_mappings:5vq8.A&PDB-ENSP_mappings:5vq8.B&PDB-ENSP_mappings:5w22.A&PDB-ENSP_mappings:5w22.B&PDB-ENSP_mappings:5wha.A&PDB-ENSP_mappings:5wha.D&PDB-ENSP_mappings:5wha.G&PDB-ENSP_mappings:5wha.J&PDB-ENSP_mappings:5whb.A&PDB-ENSP_mappings:5whb.D&PDB-ENSP_mappings:5whb.G&PDB-ENSP_mappings:5whb.J&PDB-ENSP_mappings:5whd.A&PDB-ENSP_mappings:5whd.B&PDB-ENSP_mappings:5whd.C&PDB-ENSP_mappings:5whd.D&PDB-ENSP_mappings:5whe.A&PDB-ENSP_mappings:5whe.D&PDB-ENSP_mappings:5whe.G&PDB-ENSP_mappings:5whe.J&PDB-ENSP_mappings:5wlb.A&PDB-ENSP_mappings:5wlb.D&PDB-ENSP_mappings:5wpm.A&PDB-ENSP_mappings:5xco.A&PDB-ENSP_mappings:5yxz.A&PDB-ENSP_mappings:5yy1.A&PDB-ENSP_mappings:6ark.A&PDB-ENSP_mappings:6asa.A&PDB-ENSP_mappings:6ase.A&PDB-ENSP_mappings:6b0v.A&PDB-ENSP_mappings:6b0v.B&PDB-ENSP_mappings:6b0y.A&PDB-ENSP_mappings:6b0y.B&PDB-ENSP_mappings:6bof.A&PDB-ENSP_mappings:6bof.B&PDB-ENSP_mappings:6bp1.A&PDB-ENSP_mappings:6cc9.B&PDB-ENSP_mappings:6cch.B&PDB-ENSP_mappings:6ccx.B&PDB-ENSP_mappings:6cu6.A&PDB-ENSP_mappings:6cu6.B&PDB-ENSP_mappings:6cu6.C&PDB-ENSP_mappings:6e6f.A&PDB-ENSP_mappings:6e6f.B&PDB-ENSP_mappings:6e6g.A&PDB-ENSP_mappings:6epl.R&PDB-ENSP_mappings:6epm.R&PDB-ENSP_mappings:6epn.R&PDB-ENSP_mappings:6epo.R&PDB-ENSP_mappings:6epp.R&PDB-ENSP_mappings:6f76.A&PDB-ENSP_mappings:6f76.B&PDB-ENSP_mappings:6f76.C&PDB-ENSP_mappings:6f76.D&PDB-ENSP_mappings:6f76.E&PDB-ENSP_mappings:6f76.F&PDB-ENSP_mappings:6fa1.A&PDB-ENSP_mappings:6fa1.B&PDB-ENSP_mappings:6fa1.C&PDB-ENSP_mappings:6fa1.D&PDB-ENSP_mappings:6fa1.E&PDB-ENSP_mappings:6fa1.F&PDB-ENSP_mappings:6fa2.A&PDB-ENSP_mappings:6fa2.B&PDB-ENSP_mappings:6fa2.C&PDB-ENSP_mappings:6fa2.D&PDB-ENSP_mappings:6fa2.E&PDB-ENSP_mappings:6fa2.F&PDB-ENSP_mappings:6fa3.A&PDB-ENSP_mappings:6fa3.B&PDB-ENSP_mappings:6fa3.C&PDB-ENSP_mappings:6fa3.D&PDB-ENSP_mappings:6fa3.E&PDB-ENSP_mappings:6fa3.F&PDB-ENSP_mappings:6fa4.A&PDB-ENSP_mappings:6fa4.B&PDB-ENSP_mappings:6fa4.C&PDB-ENSP_mappings:6fa4.D&PDB-ENSP_mappings:6fa4.E&PDB-ENSP_mappings:6fa4.F&PDB-ENSP_mappings:6gj5.A&PDB-ENSP_mappings:6gj5.B&PDB-ENSP_mappings:6gj6.A&PDB-ENSP_mappings:6gj7.A&PDB-ENSP_mappings:6gj8.A&PDB-ENSP_mappings:6god.A&PDB-ENSP_mappings:6goe.A&PDB-ENSP_mappings:6gof.A&PDB-ENSP_mappings:6gog.A&PDB-ENSP_mappings:6gog.B&PDB-ENSP_mappings:6gog.C&PDB-ENSP_mappings:6gog.D&PDB-ENSP_mappings:6gog.E&PDB-ENSP_mappings:6gog.F&PDB-ENSP_mappings:6gom.A&PDB-ENSP_mappings:6gom.B&PDB-ENSP_mappings:6gom.C&PDB-ENSP_mappings:6gom.D&PDB-ENSP_mappings:6gom.E&PDB-ENSP_mappings:6gom.F&PDB-ENSP_mappings:6gqt.A&PDB-ENSP_mappings:6gqt.B&PDB-ENSP_mappings:6gqt.C&PDB-ENSP_mappings:6gqt.D&PDB-ENSP_mappings:6gqt.E&PDB-ENSP_mappings:6gqt.F&PDB-ENSP_mappings:6gqw.A&PDB-ENSP_mappings:6gqw.B&PDB-ENSP_mappings:6gqw.C&PDB-ENSP_mappings:6gqw.D&PDB-ENSP_mappings:6gqw.E&PDB-ENSP_mappings:6gqw.F&PDB-ENSP_mappings:6gqx.A&PDB-ENSP_mappings:6gqx.B&PDB-ENSP_mappings:6gqx.C&PDB-ENSP_mappings:6gqx.D&PDB-ENSP_mappings:6gqx.E&PDB-ENSP_mappings:6gqx.F&PDB-ENSP_mappings:6gqy.A&PDB-ENSP_mappings:6gqy.B&PDB-ENSP_mappings:6gqy.C&PDB-ENSP_mappings:6gqy.D&PDB-ENSP_mappings:6gqy.E&PDB-ENSP_mappings:6gqy.F&PDB-ENSP_mappings:6h46.A&PDB-ENSP_mappings:6h47.A&PDB-ENSP_mappings:6m9w.A&PDB-ENSP_mappings:6mbq.A&PDB-ENSP_mappings:6mbt.A&PDB-ENSP_mappings:6mbt.B&PDB-ENSP_mappings:6mbu.A&PDB-ENSP_mappings:6mbu.B&PDB-ENSP_mappings:6mnx.A&PDB-ENSP_mappings:6mnx.B&PDB-ENSP_mappings:6mnx.C&PDB-ENSP_mappings:6mnx.D&PDB-ENSP_mappings:6mnx.E&PDB-ENSP_mappings:6mnx.F&PDB-ENSP_mappings:6mqg.A&PDB-ENSP_mappings:6mqn.A&PDB-ENSP_mappings:6mqn.B&PDB-ENSP_mappings:6mqn.C&PDB-ENSP_mappings:6ms9.A&PDB-ENSP_mappings:6ms9.B&PDB-ENSP_mappings:6ms9.C&PDB-ENSP_mappings:6mta.A&PDB-ENSP_mappings:6mta.B&PDB-ENSP_mappings:6mta.C&PDB-ENSP_mappings:6n2j.A&PDB-ENSP_mappings:6n2k.A&PDB-ENSP_mappings:6o36.A&PDB-ENSP_mappings:6o36.B&PDB-ENSP_mappings:6o36.C&PDB-ENSP_mappings:6o46.A&PDB-ENSP_mappings:6o46.B&PDB-ENSP_mappings:6o46.C&PDB-ENSP_mappings:6ob2.A&PDB-ENSP_mappings:6ob2.C&PDB-ENSP_mappings:6ob3.A&PDB-ENSP_mappings:6ob3.C&PDB-ENSP_mappings:6oim.A&PDB-ENSP_mappings:6p0z.A&PDB-ENSP_mappings:6p0z.B&PDB-ENSP_mappings:6p8w.A&PDB-ENSP_mappings:6p8w.B&PDB-ENSP_mappings:6p8x.A&PDB-ENSP_mappings:6p8x.B&PDB-ENSP_mappings:6p8x.C&PDB-ENSP_mappings:6p8x.D&PDB-ENSP_mappings:6p8y.A&PDB-ENSP_mappings:6p8y.B&PDB-ENSP_mappings:6p8z.A&PDB-ENSP_mappings:6p8z.B&PDB-ENSP_mappings:6pgo.A&PDB-ENSP_mappings:6pgo.B&PDB-ENSP_mappings:6pgp.A&PDB-ENSP_mappings:6pgp.B&PDB-ENSP_mappings:6pq3.A&PDB-ENSP_mappings:6pts.B&PDB-ENSP_mappings:6ptw.B&PDB-ENSP_mappings:6quu.A&PDB-ENSP_mappings:6quu.B&PDB-ENSP_mappings:6quv.A&PDB-ENSP_mappings:6quv.B&PDB-ENSP_mappings:6quw.A&PDB-ENSP_mappings:6quw.B&PDB-ENSP_mappings:6qux.A&PDB-ENSP_mappings:6qux.B&PDB-ENSP_mappings:6t5b.A&PDB-ENSP_mappings:6t5u.B&PDB-ENSP_mappings:6t5v.A&PDB-ENSP_mappings:6tam.A&PDB-ENSP_mappings:6tan.A&PDB-ENSP_mappings:6usx.A&PDB-ENSP_mappings:6usx.B&PDB-ENSP_mappings:6usz.A&PDB-ENSP_mappings:6ut0.A&PDB-ENSP_mappings:6ut0.B&PDB-ENSP_mappings:6ut0.C&PDB-ENSP_mappings:6ut0.D&PDB-ENSP_mappings:6v5l.A&PDB-ENSP_mappings:6v65.C&PDB-ENSP_mappings:6v6f.C&PDB-ENSP_mappings:6vc8.A&PDB-ENSP_mappings:6vc8.B&PDB-ENSP_mappings:6vc8.C&PDB-ENSP_mappings:6vjj.A&PDB-ENSP_mappings:6w4e.B&PDB-ENSP_mappings:6w4e.C&PDB-ENSP_mappings:6w4f.B&PDB-ENSP_mappings:6w4f.C&PDB-ENSP_mappings:6wgn.A&PDB-ENSP_mappings:6wgn.B&PDB-ENSP_mappings:6wgn.C&PDB-ENSP_mappings:6ws2.A&PDB-ENSP_mappings:6ws2.B&PDB-ENSP_mappings:6ws2.C&PDB-ENSP_mappings:6ws2.D&PDB-ENSP_mappings:6ws4.A&PDB-ENSP_mappings:6ws4.B&PDB-ENSP_mappings:6ws4.C&PDB-ENSP_mappings:6ws4.D&PDB-ENSP_mappings:6xgu.A&PDB-ENSP_mappings:6xgv.A&PDB-ENSP_mappings:6xhb.A&PDB-ENSP_mappings:6yr8.A&PDB-ENSP_mappings:6yxw.A&PDB-ENSP_mappings:6yxw.C&PDB-ENSP_mappings:6zl5.A&PDB-ENSP_mappings:6zli.A&PDB-ENSP_mappings:6zli.B&PDB-ENSP_mappings:7a1w.A&PDB-ENSP_mappings:7a1x.A&PDB-ENSP_mappings:7a1y.A&PDB-ENSP_mappings:7a47.A&PDB-ENSP_mappings:7a47.C&PDB-ENSP_mappings:7a47.E&PDB-ENSP_mappings:7aca.A&PDB-ENSP_mappings:7aca.B&PDB-ENSP_mappings:7aca.C&PDB-ENSP_mappings:7aca.D&PDB-ENSP_mappings:7acf.A&PDB-ENSP_mappings:7acf.B&PDB-ENSP_mappings:7acf.C&PDB-ENSP_mappings:7acf.D&PDB-ENSP_mappings:7ach.A&PDB-ENSP_mappings:7ach.B&PDB-ENSP_mappings:7acq.A&PDB-ENSP_mappings:7acq.B&PDB-ENSP_mappings:7acq.C&PDB-ENSP_mappings:7c40.A&PDB-ENSP_mappings:7c41.A&PDB-ENSP_mappings:7c41.G&PDB-ENSP_mappings:7c41.J&PDB-ENSP_mappings:7c41.M&PDB-ENSP_mappings:7ew9.A&PDB-ENSP_mappings:7ew9.B&PDB-ENSP_mappings:7ew9.C&PDB-ENSP_mappings:7ewa.A&PDB-ENSP_mappings:7ewa.B&PDB-ENSP_mappings:7ewa.C&PDB-ENSP_mappings:7ewb.A&PDB-ENSP_mappings:7ewb.B&PDB-ENSP_mappings:7ewb.C&PDB-ENSP_mappings:7eyx.A&PDB-ENSP_mappings:7f0w.A&PDB-ENSP_mappings:7kfz.A&PDB-ENSP_mappings:7kfz.C&PDB-ENSP_mappings:7kmr.A&PDB-ENSP_mappings:7kyz.A&PDB-ENSP_mappings:7lc1.A&PDB-ENSP_mappings:7lc1.C&PDB-ENSP_mappings:7lc2.A&PDB-ENSP_mappings:7lc2.B&PDB-ENSP_mappings:7lgi.A&PDB-ENSP_mappings:7mqu.A&PDB-ENSP_mappings:7ny8.A&PDB-ENSP_mappings:7ny8.B&PDB-ENSP_mappings:7o70.A&PDB-ENSP_mappings:7o70.D&PDB-ENSP_mappings:7oo7.A&PDB-ENSP_mappings:7oo7.D&PDB-ENSP_mappings:7r0m.A&PDB-ENSP_mappings:7r0m.B&PDB-ENSP_mappings:7r0n.A&PDB-ENSP_mappings:7r0q.A&PDB-ENSP_mappings:7r0q.B&PDB-ENSP_mappings:7rov.A&PDB-ENSP_mappings:7rov.B&PDB-ENSP_mappings:7rp2.A&PDB-ENSP_mappings:7rp4.A&PDB-ENSP_mappings:7rp4.B&PDB-ENSP_mappings:7rpz.A&PDB-ENSP_mappings:7rsc.A&PDB-ENSP_mappings:7rsc.B&PDB-ENSP_mappings:7rse.A&PDB-ENSP_mappings:7rse.B&PDB-ENSP_mappings:7rt1.A&PDB-ENSP_mappings:7rt2.A&PDB-ENSP_mappings:7rt3.A&PDB-ENSP_mappings:7rt4.A&PDB-ENSP_mappings:7rt5.A&PDB-ENSP_mappings:7scw.A&PDB-ENSP_mappings:7scx.A&PDB-ENSP_mappings:7t47.A&PDB-ENSP_mappings:7tle.A&PDB-ENSP_mappings:7tlg.A&PDB-ENSP_mappings:7tlg.B&PDB-ENSP_mappings:7tlk.A&PDB-ENSP_mappings:7tlk.B&PDB-ENSP_mappings:7vvb.A&PDB-ENSP_mappings:8dni.A&PROSITE_profiles:PS51420&PROSITE_profiles:PS51421&PROSITE_profiles:PS51419&CDD:cd04138&PANTHER:PTHR24070&PANTHER:PTHR24070:SF388&Gene3D:3.40.50.300&TIGRFAM:TIGR00231&Pfam:PF00071&SMART:SM00173&SMART:SM00176&SMART:SM00175&SMART:SM00174&Superfamily:SSF52540&Prints:PR00449&AFDB-ENSP_mappings:AF-P01116-F1.A|||||||||||||||||not_provided&pathogenic|0&1|1&1||||||32|4.792440,A|missense_variant|MODERATE|KRAS|ENSG00000133703|Transcript|ENST00000311936|protein_coding|4/5||ENST00000311936.8:c.437C>T|ENSP00000308495.3:p.Ala146Val|627|437|146|A/V|gCa/gTa|rs1057519725&COSV55498939||-1||SNV|HGNC|HGNC:6407|YES|1|P3|CCDS8702.1|ENSP00000308495|P01116.251|A0A024RAV5.54|UPI0000001252|P01116-2|NM_004985.5|deleterious_low_confidence(0)||Gene3D:3.40.50.300&PDB-ENSP_mappings:6xha.A&PDB-ENSP_mappings:6xi7.A&PDB-ENSP_mappings:7lz5.A&PDB-ENSP_mappings:7mdp.A&PDB-ENSP_mappings:7ok3.A&PDB-ENSP_mappings:7ok4.A&PDB-ENSP_mappings:7q9u.AAA&PDB-ENSP_mappings:7q9u.BBB&PDB-ENSP_mappings:7rp3.A&PDB-ENSP_mappings:7ycc.A&PDB-ENSP_mappings:7ycc.B&PDB-ENSP_mappings:7ycc.C&PDB-ENSP_mappings:7yce.A&PDB-ENSP_mappings:8dnj.A&PDB-ENSP_mappings:8dnj.B&PDB-ENSP_mappings:8dnj.C&PDB-ENSP_mappings:8dnk.A&Pfam:PF00071&Prints:PR00449&PROSITE_profiles:PS51419&PROSITE_profiles:PS51420&PROSITE_profiles:PS51421&PANTHER:PTHR24070&PANTHER:PTHR24070:SF388&SMART:SM00173&SMART:SM00174&SMART:SM00175&Superfamily:SSF52540&TIGRFAM:TIGR00231&CDD:cd04138|||||||||||||||||not_provided&pathogenic|0&1|1&1||||||32|4.792440,A|intron_variant|MODIFIER|KRAS|ENSG00000133703|Transcript|ENST00000557334|protein_coding||2/2|ENST00000557334.6:c.112-15716C>T|||||||rs1057519725&COSV55498939||-1||SNV|HGNC|HGNC:6407||5|||ENSP00000452512||G3V5T7.63|UPI00021CF477||||||||||||||||||||||not_provided&pathogenic|0&1|1&1||||||32|4.792440,A|non_coding_transcript_exon_variant|MODIFIER||ENSG00000275197|Transcript|ENST00000620933|lncRNA|1/1||ENST00000620933.1:n.525G>A||525|||||rs1057519725&COSV55498939||1||SNV|||YES|||||||||||||||||||||||||||||not_provided&pathogenic|0&1|1&1||||||32|4.792440,A|missense_variant|MODERATE|KRAS|ENSG00000133703|Transcript|ENST00000685328|protein_coding|4/5||ENST00000685328.1:c.437C>T|ENSP00000508921.1:p.Ala146Val|620|437|146|A/V|gCa/gTa|rs1057519725&COSV55498939||-1||SNV|HGNC|HGNC:6407|||P3|CCDS8702.1|ENSP00000508921|P01116.251|A0A024RAV5.54|UPI0000001252|P01116-2|NM_001369787.1|deleterious_low_confidence(0)||Gene3D:3.40.50.300&PDB-ENSP_mappings:6xha.A&PDB-ENSP_mappings:6xi7.A&PDB-ENSP_mappings:7lz5.A&PDB-ENSP_mappings:7mdp.A&PDB-ENSP_mappings:7ok3.A&PDB-ENSP_mappings:7ok4.A&PDB-ENSP_mappings:7q9u.AAA&PDB-ENSP_mappings:7q9u.BBB&PDB-ENSP_mappings:7rp3.A&PDB-ENSP_mappings:7ycc.A&PDB-ENSP_mappings:7ycc.B&PDB-ENSP_mappings:7ycc.C&PDB-ENSP_mappings:7yce.A&PDB-ENSP_mappings:8dnj.A&PDB-ENSP_mappings:8dnj.B&PDB-ENSP_mappings:8dnj.C&PDB-ENSP_mappings:8dnk.A&Pfam:PF00071&Prints:PR00449&PROSITE_profiles:PS51419&PROSITE_profiles:PS51420&PROSITE_profiles:PS51421&PANTHER:PTHR24070&PANTHER:PTHR24070:SF388&SMART:SM00173&SMART:SM00174&SMART:SM00175&Superfamily:SSF52540&TIGRFAM:TIGR00231&CDD:cd04138|||||||||||||||||not_provided&pathogenic|0&1|1&1||||||32|4.792440,A|3_prime_UTR_variant&NMD_transcript_variant|MODIFIER|KRAS|ENSG00000133703|Transcript|ENST00000686877|nonsense_mediated_decay|5/6||ENST00000686877.1:c.*408C>T||745|||||rs1057519725&COSV55498939||-1||SNV|HGNC|HGNC:6407|||||ENSP00000510431||A0A8I5KR86.2|UPI001E2497D5||||||||||||||||||||||not_provided&pathogenic|0&1|1&1||||||32|4.792440,A|3_prime_UTR_variant&NMD_transcript_variant|MODIFIER|KRAS|ENSG00000133703|Transcript|ENST00000687356|nonsense_mediated_decay|3/4||ENST00000687356.1:c.*135C>T||446|||||rs1057519725&COSV55498939||-1||SNV|HGNC|HGNC:6407|||||ENSP00000510511||A0A8I5KXN3.2|UPI00015AA4A0||||||||||||||||||||||not_provided&pathogenic|0&1|1&1||||||32|4.792440,A|non_coding_transcript_exon_variant|MODIFIER|KRAS|ENSG00000133703|Transcript|ENST00000688228|retained_intron|2/3||ENST00000688228.1:n.911C>T||911|||||rs1057519725&COSV55498939||-1||SNV|HGNC|HGNC:6407||||||||||||||||||||||||||||||not_provided&pathogenic|0&1|1&1||||||32|4.792440,A|missense_variant|MODERATE|KRAS|ENSG00000133703|Transcript|ENST00000688940|protein_coding|4/5||ENST00000688940.1:c.437C>T|ENSP00000509238.1:p.Ala146Val|638|437|146|A/V|gCa/gTa|rs1057519725&COSV55498939||-1||SNV|HGNC|HGNC:6407|||P3|CCDS8702.1|ENSP00000509238|P01116.251|A0A024RAV5.54|UPI0000001252|P01116-2||deleterious_low_confidence(0)||Gene3D:3.40.50.300&PDB-ENSP_mappings:6xha.A&PDB-ENSP_mappings:6xi7.A&PDB-ENSP_mappings:7lz5.A&PDB-ENSP_mappings:7mdp.A&PDB-ENSP_mappings:7ok3.A&PDB-ENSP_mappings:7ok4.A&PDB-ENSP_mappings:7q9u.AAA&PDB-ENSP_mappings:7q9u.BBB&PDB-ENSP_mappings:7rp3.A&PDB-ENSP_mappings:7ycc.A&PDB-ENSP_mappings:7ycc.B&PDB-ENSP_mappings:7ycc.C&PDB-ENSP_mappings:7yce.A&PDB-ENSP_mappings:8dnj.A&PDB-ENSP_mappings:8dnj.B&PDB-ENSP_mappings:8dnj.C&PDB-ENSP_mappings:8dnk.A&Pfam:PF00071&Prints:PR00449&PROSITE_profiles:PS51419&PROSITE_profiles:PS51420&PROSITE_profiles:PS51421&PANTHER:PTHR24070&PANTHER:PTHR24070:SF388&SMART:SM00173&SMART:SM00174&SMART:SM00175&Superfamily:SSF52540&TIGRFAM:TIGR00231&CDD:cd04138|||||||||||||||||not_provided&pathogenic|0&1|1&1||||||32|4.792440,A|missense_variant&NMD_transcript_variant|MODERATE|KRAS|ENSG00000133703|Transcript|ENST00000690406|nonsense_mediated_decay|1/3||ENST00000690406.1:c.149C>T|ENSP00000509798.1:p.Ala50Val|147|149|50|A/V|gCa/gTa|rs1057519725&COSV55498939||-1|cds_start_NF|SNV|HGNC|HGNC:6407|||||ENSP00000509798||A0A8I5KYH6.2&A0A221ZRZ5.11|UPI000B8D9C09|||deleterious_low_confidence(0)|probably_damaging(0.985)||||||||||||||||||not_provided&pathogenic|0&1|1&1||||||32|4.792440,A|3_prime_UTR_variant&NMD_transcript_variant|MODIFIER|KRAS|ENSG00000133703|Transcript|ENST00000690804|nonsense_mediated_decay|5/6||ENST00000690804.1:c.*398C>T||744|||||rs1057519725&COSV55498939||-1||SNV|HGNC|HGNC:6407|||||ENSP00000508568||A0A8I5KQU3.2|UPI001E249B21||||||||||||||||||||||not_provided&pathogenic|0&1|1&1||||||32|4.792440,A|missense_variant|MODERATE|KRAS|ENSG00000133703|Transcript|ENST00000692768|protein_coding|3/4||ENST00000692768.1:c.239C>T|ENSP00000510254.1:p.Ala80Val|493|239|80|A/V|gCa/gTa|rs1057519725&COSV55498939||-1||SNV|HGNC|HGNC:6407|||||ENSP00000510254||A0A8I5KUB5.2|UPI001E24C9F0|||deleterious_low_confidence(0)||Gene3D:3.40.50.300&Pfam:PF00071&Prints:PR00449&PROSITE_profiles:PS51419&PROSITE_profiles:PS51421&PANTHER:PTHR24070&PANTHER:PTHR24070:SF388&SMART:SM00173&SMART:SM00174&SMART:SM00175&Superfamily:SSF52540&TIGRFAM:TIGR00231|||||||||||||||||not_provided&pathogenic|0&1|1&1||||||32|4.792440,A|missense_variant|MODERATE|KRAS|ENSG00000133703|Transcript|ENST00000693229|protein_coding|4/5||ENST00000693229.1:c.362C>T|ENSP00000509223.1:p.Ala121Val|522|362|121|A/V|gCa/gTa|rs1057519725&COSV55498939||-1||SNV|HGNC|HGNC:6407|||||ENSP00000509223||A0A8I5KQ21.2|UPI001E2444E0|||deleterious_low_confidence(0)|probably_damaging(0.982)|Gene3D:3.40.50.300&Pfam:PF00071&PROSITE_profiles:PS51419&PROSITE_profiles:PS51421&PANTHER:PTHR24070&PANTHER:PTHR24070:SF388&SMART:SM00173&SMART:SM00174&SMART:SM00175&Superfamily:SSF52540&TIGRFAM:TIGR00231|||||||||||||||||not_provided&pathogenic|0&1|1&1||||||32|4.792440	GT:AD:DP	0/1:149,9:.	G/A	12:25225627	A	ENSG00000133703	ENST00000685328	Transcript	missense_variant	MODERATE	620	437	146	A/V	gCa/gTa	rs1057519725,COSV55498939		P3			deleterious_low_confidence	0	32	4.792440	KRAS	CGC:ONC; OncoKB:ONC; 2020Rule:ONC; CTAT:ONC; Oncogene:ONC		EGFR tyrosine kinase inhibitor resistance|Endocrine resistance|MAPK signaling pathway|ErbB signaling pathway|Ras signaling pathway|Rap1 signaling pathway|Chemokine signaling pathway|FoxO signaling pathway|Sphingolipid signaling pathway|Phospholipase D signaling pathway|Mitophagy - animal|Autophagy - animal|mTOR signaling pathway|PI3K-Akt signaling pathway|Apoptosis|Longevity regulating pathway|Longevity regulating pathway - multiple species|Cellular senescence|Axon guidance|VEGF signaling pathway|Apelin signaling pathway|Gap junction|Signaling pathways regulating pluripotency of stem cells|C-type lectin receptor signaling pathway|Natural killer cell mediated cytotoxicity|T cell receptor signaling pathway|B cell receptor signaling pathway|Fc epsilon RI signaling pathway|Thermogenesis|Long-term potentiation|Neurotrophin signaling pathway|Cholinergic synapse|Serotonergic synapse|Long-term depression|Regulation of actin cytoskeleton|Insulin signaling pathway|GnRH signaling pathway|Progesterone-mediated oocyte maturation|Estrogen signaling pathway|Melanogenesis|Prolactin signaling pathway|Thyroid hormone signaling pathway|Oxytocin signaling pathway|Relaxin signaling pathway|GnRH secretion|AGE-RAGE signaling pathway in diabetic complications|Growth hormone synthesis, secretion and action|Aldosterone-regulated sodium reabsorption|Alzheimer disease|Pathways of neurodegeneration - multiple diseases|Alcoholism|Hepatitis C|Hepatitis B|Human cytomegalovirus infection|Human papillomavirus infection|Human T-cell leukemia virus 1 infection|Kaposi sarcoma-associated herpesvirus infection|Human immunodeficiency virus 1 infection|Pathways in cancer|Viral carcinogenesis|Proteoglycans in cancer|MicroRNAs in cancer|Chemical carcinogenesis - receptor activation|Chemical carcinogenesis - reactive oxygen species|Colorectal cancer|Renal cell carcinoma|Pancreatic cancer|Endometrial cancer|Glioma|Prostate cancer|Thyroid cancer|Melanoma|Bladder cancer|Chronic myeloid leukemia|Acute myeloid leukemia|Non-small cell lung cancer|Breast cancer|Hepatocellular carcinoma|Gastric cancer|Central carbon metabolism in cancer|Choline metabolism in cancer|PD-L1 expression and PD-1 checkpoint pathway in cancer|Lipid and atherosclerosis	hsa01521|hsa01522|hsa04010|hsa04012|hsa04014|hsa04015|hsa04062|hsa04068|hsa04071|hsa04072|hsa04137|hsa04140|hsa04150|hsa04151|hsa04210|hsa04211|hsa04213|hsa04218|hsa04360|hsa04370|hsa04371|hsa04540|hsa04550|hsa04625|hsa04650|hsa04660|hsa04662|hsa04664|hsa04714|hsa04720|hsa04722|hsa04725|hsa04726|hsa04730|hsa04810|hsa04910|hsa04912|hsa04914|hsa04915|hsa04916|hsa04917|hsa04919|hsa04921|hsa04926|hsa04929|hsa04933|hsa04935|hsa04960|hsa05010|hsa05022|hsa05034|hsa05160|hsa05161|hsa05163|hsa05165|hsa05166|hsa05167|hsa05170|hsa05200|hsa05203|hsa05205|hsa05206|hsa05207|hsa05208|hsa05210|hsa05211|hsa05212|hsa05213|hsa05214|hsa05215|hsa05216|hsa05218|hsa05219|hsa05220|hsa05221|hsa05223|hsa05224|hsa05225|hsa05226|hsa05230|hsa05231|hsa05235|hsa05417	RCV000423608; RCV000434735; RCV000441300; RCV000791299	Non-small cell lung carcinoma; Neoplasm of the thyroid gland; Neoplasm of the large intestine; OCULOECTODERMAL SYNDROME, SOMATIC	not provided; Pathogenic; Pathogenic; Pathogenic	SNV	c.437C>T	p.Ala146Val				PF00071.25: Ras family	IPR005225: Small GTP-binding protein domain	47691 / 49097025	0	0.5501	ONC
12	25225627		G	A	.	.	CSQ=A|missense_variant|MODERATE|KRAS|ENSG00000133703|Transcript|ENST00000256078|protein_coding|4/6||ENST00000256078.10:c.437C>T|ENSP00000256078.5:p.Ala146Val|627|437|146|A/V|gCa/gTa|rs1057519725&COSV55498939||-1||SNV|HGNC|HGNC:6407||1|A1|CCDS8703.1|ENSP00000256078|P01116.251|L7RSL8.77|UPI0000133132|P01116-1|NM_001369786.1&NM_033360.4|deleterious_low_confidence(0)||PDB-ENSP_mappings:3gft.A&PDB-ENSP_mappings:3gft.B&PDB-ENSP_mappings:3gft.C&PDB-ENSP_mappings:3gft.D&PDB-ENSP_mappings:3gft.E&PDB-ENSP_mappings:3gft.F&PDB-ENSP_mappings:4dsn.A&PDB-ENSP_mappings:4dso.A&PDB-ENSP_mappings:4dst.A&PDB-ENSP_mappings:4dsu.A&PDB-ENSP_mappings:4epr.A&PDB-ENSP_mappings:4ept.A&PDB-ENSP_mappings:4epv.A&PDB-ENSP_mappings:4epw.A&PDB-ENSP_mappings:4epx.A&PDB-ENSP_mappings:4epy.A&PDB-ENSP_mappings:4l8g.A&PDB-ENSP_mappings:4ldj.A&PDB-ENSP_mappings:4lpk.A&PDB-ENSP_mappings:4lpk.B&PDB-ENSP_mappings:4lrw.A&PDB-ENSP_mappings:4lrw.B&PDB-ENSP_mappings:4luc.A&PDB-ENSP_mappings:4luc.B&PDB-ENSP_mappings:4lv6.A&PDB-ENSP_mappings:4lv6.B&PDB-ENSP_mappings:4lyf.A&PDB-ENSP_mappings:4lyf.B&PDB-ENSP_mappings:4lyf.C&PDB-ENSP_mappings:4lyh.A&PDB-ENSP_mappings:4lyh.B&PDB-ENSP_mappings:4lyh.C&PDB-ENSP_mappings:4lyj.A&PDB-ENSP_mappings:4m1o.A&PDB-ENSP_mappings:4m1o.B&PDB-ENSP_mappings:4m1o.C&PDB-ENSP_mappings:4m1s.A&PDB-ENSP_mappings:4m1s.B&PDB-ENSP_mappings:4m1s.C&PDB-ENSP_mappings:4m1t.A&PDB-ENSP_mappings:4m1t.B&PDB-ENSP_mappings:4m1t.C&PDB-ENSP_mappings:4m1w.A&PDB-ENSP_mappings:4m1w.B&PDB-ENSP_mappings:4m1w.C&PDB-ENSP_mappings:4m1y.A&PDB-ENSP_mappings:4m1y.B&PDB-ENSP_mappings:4m1y.C&PDB-ENSP_mappings:4m21.A&PDB-ENSP_mappings:4m21.B&PDB-ENSP_mappings:4m21.C&PDB-ENSP_mappings:4m22.A&PDB-ENSP_mappings:4m22.B&PDB-ENSP_mappings:4m22.C&PDB-ENSP_mappings:4nmm.A&PDB-ENSP_mappings:4obe.A&PDB-ENSP_mappings:4obe.B&PDB-ENSP_mappings:4pzy.A&PDB-ENSP_mappings:4pzy.B&PDB-ENSP_mappings:4pzz.A&PDB-ENSP_mappings:4q01.A&PDB-ENSP_mappings:4q01.B&PDB-ENSP_mappings:4q02.A&PDB-ENSP_mappings:4q03.A&PDB-ENSP_mappings:4ql3.A&PDB-ENSP_mappings:4tq9.A&PDB-ENSP_mappings:4tq9.B&PDB-ENSP_mappings:4tqa.A&PDB-ENSP_mappings:4tqa.B&PDB-ENSP_mappings:4wa7.A&PDB-ENSP_mappings:5f2e.A&PDB-ENSP_mappings:5kyk.A&PDB-ENSP_mappings:5kyk.B&PDB-ENSP_mappings:5kyk.C&PDB-ENSP_mappings:5mla.A&PDB-ENSP_mappings:5mlb.A&PDB-ENSP_mappings:5mlb.C&PDB-ENSP_mappings:5mlb.E&PDB-ENSP_mappings:5mlb.G&PDB-ENSP_mappings:5o2s.A&PDB-ENSP_mappings:5o2s.C&PDB-ENSP_mappings:5o2s.E&PDB-ENSP_mappings:5o2s.G&PDB-ENSP_mappings:5o2t.A&PDB-ENSP_mappings:5ocg.A&PDB-ENSP_mappings:5oco.A&PDB-ENSP_mappings:5oco.B&PDB-ENSP_mappings:5oco.C&PDB-ENSP_mappings:5oco.D&PDB-ENSP_mappings:5oco.E&PDB-ENSP_mappings:5oco.F&PDB-ENSP_mappings:5oct.A&PDB-ENSP_mappings:5oct.B&PDB-ENSP_mappings:5oct.C&PDB-ENSP_mappings:5oct.D&PDB-ENSP_mappings:5oct.E&PDB-ENSP_mappings:5oct.F&PDB-ENSP_mappings:5tar.A&PDB-ENSP_mappings:5tb5.A&PDB-ENSP_mappings:5tb5.C&PDB-ENSP_mappings:5ufe.A&PDB-ENSP_mappings:5ufq.A&PDB-ENSP_mappings:5ufq.B&PDB-ENSP_mappings:5uk9.A&PDB-ENSP_mappings:5uk9.B&PDB-ENSP_mappings:5uqw.A&PDB-ENSP_mappings:5uqw.B&PDB-ENSP_mappings:5us4.A&PDB-ENSP_mappings:5us4.B&PDB-ENSP_mappings:5usj.A&PDB-ENSP_mappings:5usj.B&PDB-ENSP_mappings:5usj.C&PDB-ENSP_mappings:5usj.D&PDB-ENSP_mappings:5usj.E&PDB-ENSP_mappings:5usj.F&PDB-ENSP_mappings:5v6s.A&PDB-ENSP_mappings:5v6v.A&PDB-ENSP_mappings:5v6v.B&PDB-ENSP_mappings:5v71.A&PDB-ENSP_mappings:5v71.B&PDB-ENSP_mappings:5v71.C&PDB-ENSP_mappings:5v71.D&PDB-ENSP_mappings:5v71.E&PDB-ENSP_mappings:5v71.F&PDB-ENSP_mappings:5v9l.A&PDB-ENSP_mappings:5v9l.B&PDB-ENSP_mappings:5v9l.C&PDB-ENSP_mappings:5v9o.A&PDB-ENSP_mappings:5v9u.A&PDB-ENSP_mappings:5v9u.B&PDB-ENSP_mappings:5vbm.A&PDB-ENSP_mappings:5vp7.A&PDB-ENSP_mappings:5vp7.F&PDB-ENSP_mappings:5vpi.A&PDB-ENSP_mappings:5vpi.B&PDB-ENSP_mappings:5vpy.A&PDB-ENSP_mappings:5vpy.B&PDB-ENSP_mappings:5vpz.A&PDB-ENSP_mappings:5vpz.B&PDB-ENSP_mappings:5vq0.A&PDB-ENSP_mappings:5vq0.B&PDB-ENSP_mappings:5vq1.A&PDB-ENSP_mappings:5vq1.B&PDB-ENSP_mappings:5vq2.A&PDB-ENSP_mappings:5vq2.B&PDB-ENSP_mappings:5vq6.A&PDB-ENSP_mappings:5vq6.B&PDB-ENSP_mappings:5vq8.A&PDB-ENSP_mappings:5vq8.B&PDB-ENSP_mappings:5w22.A&PDB-ENSP_mappings:5w22.B&PDB-ENSP_mappings:5wha.A&PDB-ENSP_mappings:5wha.D&PDB-ENSP_mappings:5wha.G&PDB-ENSP_mappings:5wha.J&PDB-ENSP_mappings:5whb.A&PDB-ENSP_mappings:5whb.D&PDB-ENSP_mappings:5whb.G&PDB-ENSP_mappings:5whb.J&PDB-ENSP_mappings:5whd.A&PDB-ENSP_mappings:5whd.B&PDB-ENSP_mappings:5whd.C&PDB-ENSP_mappings:5whd.D&PDB-ENSP_mappings:5whe.A&PDB-ENSP_mappings:5whe.D&PDB-ENSP_mappings:5whe.G&PDB-ENSP_mappings:5whe.J&PDB-ENSP_mappings:5wlb.A&PDB-ENSP_mappings:5wlb.D&PDB-ENSP_mappings:5wpm.A&PDB-ENSP_mappings:5xco.A&PDB-ENSP_mappings:5yxz.A&PDB-ENSP_mappings:5yy1.A&PDB-ENSP_mappings:6ark.A&PDB-ENSP_mappings:6asa.A&PDB-ENSP_mappings:6ase.A&PDB-ENSP_mappings:6b0v.A&PDB-ENSP_mappings:6b0v.B&PDB-ENSP_mappings:6b0y.A&PDB-ENSP_mappings:6b0y.B&PDB-ENSP_mappings:6bof.A&PDB-ENSP_mappings:6bof.B&PDB-ENSP_mappings:6bp1.A&PDB-ENSP_mappings:6cc9.B&PDB-ENSP_mappings:6cch.B&PDB-ENSP_mappings:6ccx.B&PDB-ENSP_mappings:6cu6.A&PDB-ENSP_mappings:6cu6.B&PDB-ENSP_mappings:6cu6.C&PDB-ENSP_mappings:6e6f.A&PDB-ENSP_mappings:6e6f.B&PDB-ENSP_mappings:6e6g.A&PDB-ENSP_mappings:6epl.R&PDB-ENSP_mappings:6epm.R&PDB-ENSP_mappings:6epn.R&PDB-ENSP_mappings:6epo.R&PDB-ENSP_mappings:6epp.R&PDB-ENSP_mappings:6f76.A&PDB-ENSP_mappings:6f76.B&PDB-ENSP_mappings:6f76.C&PDB-ENSP_mappings:6f76.D&PDB-ENSP_mappings:6f76.E&PDB-ENSP_mappings:6f76.F&PDB-ENSP_mappings:6fa1.A&PDB-ENSP_mappings:6fa1.B&PDB-ENSP_mappings:6fa1.C&PDB-ENSP_mappings:6fa1.D&PDB-ENSP_mappings:6fa1.E&PDB-ENSP_mappings:6fa1.F&PDB-ENSP_mappings:6fa2.A&PDB-ENSP_mappings:6fa2.B&PDB-ENSP_mappings:6fa2.C&PDB-ENSP_mappings:6fa2.D&PDB-ENSP_mappings:6fa2.E&PDB-ENSP_mappings:6fa2.F&PDB-ENSP_mappings:6fa3.A&PDB-ENSP_mappings:6fa3.B&PDB-ENSP_mappings:6fa3.C&PDB-ENSP_mappings:6fa3.D&PDB-ENSP_mappings:6fa3.E&PDB-ENSP_mappings:6fa3.F&PDB-ENSP_mappings:6fa4.A&PDB-ENSP_mappings:6fa4.B&PDB-ENSP_mappings:6fa4.C&PDB-ENSP_mappings:6fa4.D&PDB-ENSP_mappings:6fa4.E&PDB-ENSP_mappings:6fa4.F&PDB-ENSP_mappings:6gj5.A&PDB-ENSP_mappings:6gj5.B&PDB-ENSP_mappings:6gj6.A&PDB-ENSP_mappings:6gj7.A&PDB-ENSP_mappings:6gj8.A&PDB-ENSP_mappings:6god.A&PDB-ENSP_mappings:6goe.A&PDB-ENSP_mappings:6gof.A&PDB-ENSP_mappings:6gog.A&PDB-ENSP_mappings:6gog.B&PDB-ENSP_mappings:6gog.C&PDB-ENSP_mappings:6gog.D&PDB-ENSP_mappings:6gog.E&PDB-ENSP_mappings:6gog.F&PDB-ENSP_mappings:6gom.A&PDB-ENSP_mappings:6gom.B&PDB-ENSP_mappings:6gom.C&PDB-ENSP_mappings:6gom.D&PDB-ENSP_mappings:6gom.E&PDB-ENSP_mappings:6gom.F&PDB-ENSP_mappings:6gqt.A&PDB-ENSP_mappings:6gqt.B&PDB-ENSP_mappings:6gqt.C&PDB-ENSP_mappings:6gqt.D&PDB-ENSP_mappings:6gqt.E&PDB-ENSP_mappings:6gqt.F&PDB-ENSP_mappings:6gqw.A&PDB-ENSP_mappings:6gqw.B&PDB-ENSP_mappings:6gqw.C&PDB-ENSP_mappings:6gqw.D&PDB-ENSP_mappings:6gqw.E&PDB-ENSP_mappings:6gqw.F&PDB-ENSP_mappings:6gqx.A&PDB-ENSP_mappings:6gqx.B&PDB-ENSP_mappings:6gqx.C&PDB-ENSP_mappings:6gqx.D&PDB-ENSP_mappings:6gqx.E&PDB-ENSP_mappings:6gqx.F&PDB-ENSP_mappings:6gqy.A&PDB-ENSP_mappings:6gqy.B&PDB-ENSP_mappings:6gqy.C&PDB-ENSP_mappings:6gqy.D&PDB-ENSP_mappings:6gqy.E&PDB-ENSP_mappings:6gqy.F&PDB-ENSP_mappings:6h46.A&PDB-ENSP_mappings:6h47.A&PDB-ENSP_mappings:6m9w.A&PDB-ENSP_mappings:6mbq.A&PDB-ENSP_mappings:6mbt.A&PDB-ENSP_mappings:6mbt.B&PDB-ENSP_mappings:6mbu.A&PDB-ENSP_mappings:6mbu.B&PDB-ENSP_mappings:6mnx.A&PDB-ENSP_mappings:6mnx.B&PDB-ENSP_mappings:6mnx.C&PDB-ENSP_mappings:6mnx.D&PDB-ENSP_mappings:6mnx.E&PDB-ENSP_mappings:6mnx.F&PDB-ENSP_mappings:6mqg.A&PDB-ENSP_mappings:6mqn.A&PDB-ENSP_mappings:6mqn.B&PDB-ENSP_mappings:6mqn.C&PDB-ENSP_mappings:6ms9.A&PDB-ENSP_mappings:6ms9.B&PDB-ENSP_mappings:6ms9.C&PDB-ENSP_mappings:6mta.A&PDB-ENSP_mappings:6mta.B&PDB-ENSP_mappings:6mta.C&PDB-ENSP_mappings:6n2j.A&PDB-ENSP_mappings:6n2k.A&PDB-ENSP_mappings:6o36.A&PDB-ENSP_mappings:6o36.B&PDB-ENSP_mappings:6o36.C&PDB-ENSP_mappings:6o46.A&PDB-ENSP_mappings:6o46.B&PDB-ENSP_mappings:6o46.C&PDB-ENSP_mappings:6ob2.A&PDB-ENSP_mappings:6ob2.C&PDB-ENSP_mappings:6ob3.A&PDB-ENSP_mappings:6ob3.C&PDB-ENSP_mappings:6oim.A&PDB-ENSP_mappings:6p0z.A&PDB-ENSP_mappings:6p0z.B&PDB-ENSP_mappings:6p8w.A&PDB-ENSP_mappings:6p8w.B&PDB-ENSP_mappings:6p8x.A&PDB-ENSP_mappings:6p8x.B&PDB-ENSP_mappings:6p8x.C&PDB-ENSP_mappings:6p8x.D&PDB-ENSP_mappings:6p8y.A&PDB-ENSP_mappings:6p8y.B&PDB-ENSP_mappings:6p8z.A&PDB-ENSP_mappings:6p8z.B&PDB-ENSP_mappings:6pgo.A&PDB-ENSP_mappings:6pgo.B&PDB-ENSP_mappings:6pgp.A&PDB-ENSP_mappings:6pgp.B&PDB-ENSP_mappings:6pq3.A&PDB-ENSP_mappings:6pts.B&PDB-ENSP_mappings:6ptw.B&PDB-ENSP_mappings:6quu.A&PDB-ENSP_mappings:6quu.B&PDB-ENSP_mappings:6quv.A&PDB-ENSP_mappings:6quv.B&PDB-ENSP_mappings:6quw.A&PDB-ENSP_mappings:6quw.B&PDB-ENSP_mappings:6qux.A&PDB-ENSP_mappings:6qux.B&PDB-ENSP_mappings:6t5b.A&PDB-ENSP_mappings:6t5u.B&PDB-ENSP_mappings:6t5v.A&PDB-ENSP_mappings:6tam.A&PDB-ENSP_mappings:6tan.A&PDB-ENSP_mappings:6usx.A&PDB-ENSP_mappings:6usx.B&PDB-ENSP_mappings:6usz.A&PDB-ENSP_mappings:6ut0.A&PDB-ENSP_mappings:6ut0.B&PDB-ENSP_mappings:6ut0.C&PDB-ENSP_mappings:6ut0.D&PDB-ENSP_mappings:6v5l.A&PDB-ENSP_mappings:6v65.C&PDB-ENSP_mappings:6v6f.C&PDB-ENSP_mappings:6vc8.A&PDB-ENSP_mappings:6vc8.B&PDB-ENSP_mappings:6vc8.C&PDB-ENSP_mappings:6vjj.A&PDB-ENSP_mappings:6w4e.B&PDB-ENSP_mappings:6w4e.C&PDB-ENSP_mappings:6w4f.B&PDB-ENSP_mappings:6w4f.C&PDB-ENSP_mappings:6wgn.A&PDB-ENSP_mappings:6wgn.B&PDB-ENSP_mappings:6wgn.C&PDB-ENSP_mappings:6ws2.A&PDB-ENSP_mappings:6ws2.B&PDB-ENSP_mappings:6ws2.C&PDB-ENSP_mappings:6ws2.D&PDB-ENSP_mappings:6ws4.A&PDB-ENSP_mappings:6ws4.B&PDB-ENSP_mappings:6ws4.C&PDB-ENSP_mappings:6ws4.D&PDB-ENSP_mappings:6xgu.A&PDB-ENSP_mappings:6xgv.A&PDB-ENSP_mappings:6xhb.A&PDB-ENSP_mappings:6yr8.A&PDB-ENSP_mappings:6yxw.A&PDB-ENSP_mappings:6yxw.C&PDB-ENSP_mappings:6zl5.A&PDB-ENSP_mappings:6zli.A&PDB-ENSP_mappings:6zli.B&PDB-ENSP_mappings:7a1w.A&PDB-ENSP_mappings:7a1x.A&PDB-ENSP_mappings:7a1y.A&PDB-ENSP_mappings:7a47.A&PDB-ENSP_mappings:7a47.C&PDB-ENSP_mappings:7a47.E&PDB-ENSP_mappings:7aca.A&PDB-ENSP_mappings:7aca.B&PDB-ENSP_mappings:7aca.C&PDB-ENSP_mappings:7aca.D&PDB-ENSP_mappings:7acf.A&PDB-ENSP_mappings:7acf.B&PDB-ENSP_mappings:7acf.C&PDB-ENSP_mappings:7acf.D&PDB-ENSP_mappings:7ach.A&PDB-ENSP_mappings:7ach.B&PDB-ENSP_mappings:7acq.A&PDB-ENSP_mappings:7acq.B&PDB-ENSP_mappings:7acq.C&PDB-ENSP_mappings:7c40.A&PDB-ENSP_mappings:7c41.A&PDB-ENSP_mappings:7c41.G&PDB-ENSP_mappings:7c41.J&PDB-ENSP_mappings:7c41.M&PDB-ENSP_mappings:7ew9.A&PDB-ENSP_mappings:7ew9.B&PDB-ENSP_mappings:7ew9.C&PDB-ENSP_mappings:7ewa.A&PDB-ENSP_mappings:7ewa.B&PDB-ENSP_mappings:7ewa.C&PDB-ENSP_mappings:7ewb.A&PDB-ENSP_mappings:7ewb.B&PDB-ENSP_mappings:7ewb.C&PDB-ENSP_mappings:7eyx.A&PDB-ENSP_mappings:7f0w.A&PDB-ENSP_mappings:7kfz.A&PDB-ENSP_mappings:7kfz.C&PDB-ENSP_mappings:7kmr.A&PDB-ENSP_mappings:7kyz.A&PDB-ENSP_mappings:7lc1.A&PDB-ENSP_mappings:7lc1.C&PDB-ENSP_mappings:7lc2.A&PDB-ENSP_mappings:7lc2.B&PDB-ENSP_mappings:7lgi.A&PDB-ENSP_mappings:7mqu.A&PDB-ENSP_mappings:7ny8.A&PDB-ENSP_mappings:7ny8.B&PDB-ENSP_mappings:7o70.A&PDB-ENSP_mappings:7o70.D&PDB-ENSP_mappings:7oo7.A&PDB-ENSP_mappings:7oo7.D&PDB-ENSP_mappings:7r0m.A&PDB-ENSP_mappings:7r0m.B&PDB-ENSP_mappings:7r0n.A&PDB-ENSP_mappings:7r0q.A&PDB-ENSP_mappings:7r0q.B&PDB-ENSP_mappings:7rov.A&PDB-ENSP_mappings:7rov.B&PDB-ENSP_mappings:7rp2.A&PDB-ENSP_mappings:7rp4.A&PDB-ENSP_mappings:7rp4.B&PDB-ENSP_mappings:7rpz.A&PDB-ENSP_mappings:7rsc.A&PDB-ENSP_mappings:7rsc.B&PDB-ENSP_mappings:7rse.A&PDB-ENSP_mappings:7rse.B&PDB-ENSP_mappings:7rt1.A&PDB-ENSP_mappings:7rt2.A&PDB-ENSP_mappings:7rt3.A&PDB-ENSP_mappings:7rt4.A&PDB-ENSP_mappings:7rt5.A&PDB-ENSP_mappings:7scw.A&PDB-ENSP_mappings:7scx.A&PDB-ENSP_mappings:7t47.A&PDB-ENSP_mappings:7tle.A&PDB-ENSP_mappings:7tlg.A&PDB-ENSP_mappings:7tlg.B&PDB-ENSP_mappings:7tlk.A&PDB-ENSP_mappings:7tlk.B&PDB-ENSP_mappings:7vvb.A&PDB-ENSP_mappings:8dni.A&PROSITE_profiles:PS51420&PROSITE_profiles:PS51421&PROSITE_profiles:PS51419&CDD:cd04138&PANTHER:PTHR24070&PANTHER:PTHR24070:SF388&Gene3D:3.40.50.300&TIGRFAM:TIGR00231&Pfam:PF00071&SMART:SM00173&SMART:SM00176&SMART:SM00175&SMART:SM00174&Superfamily:SSF52540&Prints:PR00449&AFDB-ENSP_mappings:AF-P01116-F1.A|||||||||||||||||not_provided&pathogenic|0&1|1&1||||||32|4.792440,A|missense_variant|MODERATE|KRAS|ENSG00000133703|Transcript|ENST00000311936|protein_coding|4/5||ENST00000311936.8:c.437C>T|ENSP00000308495.3:p.Ala146Val|627|437|146|A/V|gCa/gTa|rs1057519725&COSV55498939||-1||SNV|HGNC|HGNC:6407|YES|1|P3|CCDS8702.1|ENSP00000308495|P01116.251|A0A024RAV5.54|UPI0000001252|P01116-2|NM_004985.5|deleterious_low_confidence(0)||Gene3D:3.40.50.300&PDB-ENSP_mappings:6xha.A&PDB-ENSP_mappings:6xi7.A&PDB-ENSP_mappings:7lz5.A&PDB-ENSP_mappings:7mdp.A&PDB-ENSP_mappings:7ok3.A&PDB-ENSP_mappings:7ok4.A&PDB-ENSP_mappings:7q9u.AAA&PDB-ENSP_mappings:7q9u.BBB&PDB-ENSP_mappings:7rp3.A&PDB-ENSP_mappings:7ycc.A&PDB-ENSP_mappings:7ycc.B&PDB-ENSP_mappings:7ycc.C&PDB-ENSP_mappings:7yce.A&PDB-ENSP_mappings:8dnj.A&PDB-ENSP_mappings:8dnj.B&PDB-ENSP_mappings:8dnj.C&PDB-ENSP_mappings:8dnk.A&Pfam:PF00071&Prints:PR00449&PROSITE_profiles:PS51419&PROSITE_profiles:PS51420&PROSITE_profiles:PS51421&PANTHER:PTHR24070&PANTHER:PTHR24070:SF388&SMART:SM00173&SMART:SM00174&SMART:SM00175&Superfamily:SSF52540&TIGRFAM:TIGR00231&CDD:cd04138|||||||||||||||||not_provided&pathogenic|0&1|1&1||||||32|4.792440,A|intron_variant|MODIFIER|KRAS|ENSG00000133703|Transcript|ENST00000557334|protein_coding||2/2|ENST00000557334.6:c.112-15716C>T|||||||rs1057519725&COSV55498939||-1||SNV|HGNC|HGNC:6407||5|||ENSP00000452512||G3V5T7.63|UPI00021CF477||||||||||||||||||||||not_provided&pathogenic|0&1|1&1||||||32|4.792440,A|non_coding_transcript_exon_variant|MODIFIER||ENSG00000275197|Transcript|ENST00000620933|lncRNA|1/1||ENST00000620933.1:n.525G>A||525|||||rs1057519725&COSV55498939||1||SNV|||YES|||||||||||||||||||||||||||||not_provided&pathogenic|0&1|1&1||||||32|4.792440,A|missense_variant|MODERATE|KRAS|ENSG00000133703|Transcript|ENST00000685328|protein_coding|4/5||ENST00000685328.1:c.437C>T|ENSP00000508921.1:p.Ala146Val|620|437|146|A/V|gCa/gTa|rs1057519725&COSV55498939||-1||SNV|HGNC|HGNC:6407|||P3|CCDS8702.1|ENSP00000508921|P01116.251|A0A024RAV5.54|UPI0000001252|P01116-2|NM_001369787.1|deleterious_low_confidence(0)||Gene3D:3.40.50.300&PDB-ENSP_mappings:6xha.A&PDB-ENSP_mappings:6xi7.A&PDB-ENSP_mappings:7lz5.A&PDB-ENSP_mappings:7mdp.A&PDB-ENSP_mappings:7ok3.A&PDB-ENSP_mappings:7ok4.A&PDB-ENSP_mappings:7q9u.AAA&PDB-ENSP_mappings:7q9u.BBB&PDB-ENSP_mappings:7rp3.A&PDB-ENSP_mappings:7ycc.A&PDB-ENSP_mappings:7ycc.B&PDB-ENSP_mappings:7ycc.C&PDB-ENSP_mappings:7yce.A&PDB-ENSP_mappings:8dnj.A&PDB-ENSP_mappings:8dnj.B&PDB-ENSP_mappings:8dnj.C&PDB-ENSP_mappings:8dnk.A&Pfam:PF00071&Prints:PR00449&PROSITE_profiles:PS51419&PROSITE_profiles:PS51420&PROSITE_profiles:PS51421&PANTHER:PTHR24070&PANTHER:PTHR24070:SF388&SMART:SM00173&SMART:SM00174&SMART:SM00175&Superfamily:SSF52540&TIGRFAM:TIGR00231&CDD:cd04138|||||||||||||||||not_provided&pathogenic|0&1|1&1||||||32|4.792440,A|3_prime_UTR_variant&NMD_transcript_variant|MODIFIER|KRAS|ENSG00000133703|Transcript|ENST00000686877|nonsense_mediated_decay|5/6||ENST00000686877.1:c.*408C>T||745|||||rs1057519725&COSV55498939||-1||SNV|HGNC|HGNC:6407|||||ENSP00000510431||A0A8I5KR86.2|UPI001E2497D5||||||||||||||||||||||not_provided&pathogenic|0&1|1&1||||||32|4.792440,A|3_prime_UTR_variant&NMD_transcript_variant|MODIFIER|KRAS|ENSG00000133703|Transcript|ENST00000687356|nonsense_mediated_decay|3/4||ENST00000687356.1:c.*135C>T||446|||||rs1057519725&COSV55498939||-1||SNV|HGNC|HGNC:6407|||||ENSP00000510511||A0A8I5KXN3.2|UPI00015AA4A0||||||||||||||||||||||not_provided&pathogenic|0&1|1&1||||||32|4.792440,A|non_coding_transcript_exon_variant|MODIFIER|KRAS|ENSG00000133703|Transcript|ENST00000688228|retained_intron|2/3||ENST00000688228.1:n.911C>T||911|||||rs1057519725&COSV55498939||-1||SNV|HGNC|HGNC:6407||||||||||||||||||||||||||||||not_provided&pathogenic|0&1|1&1||||||32|4.792440,A|missense_variant|MODERATE|KRAS|ENSG00000133703|Transcript|ENST00000688940|protein_coding|4/5||ENST00000688940.1:c.437C>T|ENSP00000509238.1:p.Ala146Val|638|437|146|A/V|gCa/gTa|rs1057519725&COSV55498939||-1||SNV|HGNC|HGNC:6407|||P3|CCDS8702.1|ENSP00000509238|P01116.251|A0A024RAV5.54|UPI0000001252|P01116-2||deleterious_low_confidence(0)||Gene3D:3.40.50.300&PDB-ENSP_mappings:6xha.A&PDB-ENSP_mappings:6xi7.A&PDB-ENSP_mappings:7lz5.A&PDB-ENSP_mappings:7mdp.A&PDB-ENSP_mappings:7ok3.A&PDB-ENSP_mappings:7ok4.A&PDB-ENSP_mappings:7q9u.AAA&PDB-ENSP_mappings:7q9u.BBB&PDB-ENSP_mappings:7rp3.A&PDB-ENSP_mappings:7ycc.A&PDB-ENSP_mappings:7ycc.B&PDB-ENSP_mappings:7ycc.C&PDB-ENSP_mappings:7yce.A&PDB-ENSP_mappings:8dnj.A&PDB-ENSP_mappings:8dnj.B&PDB-ENSP_mappings:8dnj.C&PDB-ENSP_mappings:8dnk.A&Pfam:PF00071&Prints:PR00449&PROSITE_profiles:PS51419&PROSITE_profiles:PS51420&PROSITE_profiles:PS51421&PANTHER:PTHR24070&PANTHER:PTHR24070:SF388&SMART:SM00173&SMART:SM00174&SMART:SM00175&Superfamily:SSF52540&TIGRFAM:TIGR00231&CDD:cd04138|||||||||||||||||not_provided&pathogenic|0&1|1&1||||||32|4.792440,A|missense_variant&NMD_transcript_variant|MODERATE|KRAS|ENSG00000133703|Transcript|ENST00000690406|nonsense_mediated_decay|1/3||ENST00000690406.1:c.149C>T|ENSP00000509798.1:p.Ala50Val|147|149|50|A/V|gCa/gTa|rs1057519725&COSV55498939||-1|cds_start_NF|SNV|HGNC|HGNC:6407|||||ENSP00000509798||A0A8I5KYH6.2&A0A221ZRZ5.11|UPI000B8D9C09|||deleterious_low_confidence(0)|probably_damaging(0.985)||||||||||||||||||not_provided&pathogenic|0&1|1&1||||||32|4.792440,A|3_prime_UTR_variant&NMD_transcript_variant|MODIFIER|KRAS|ENSG00000133703|Transcript|ENST00000690804|nonsense_mediated_decay|5/6||ENST00000690804.1:c.*398C>T||744|||||rs1057519725&COSV55498939||-1||SNV|HGNC|HGNC:6407|||||ENSP00000508568||A0A8I5KQU3.2|UPI001E249B21||||||||||||||||||||||not_provided&pathogenic|0&1|1&1||||||32|4.792440,A|missense_variant|MODERATE|KRAS|ENSG00000133703|Transcript|ENST00000692768|protein_coding|3/4||ENST00000692768.1:c.239C>T|ENSP00000510254.1:p.Ala80Val|493|239|80|A/V|gCa/gTa|rs1057519725&COSV55498939||-1||SNV|HGNC|HGNC:6407|||||ENSP00000510254||A0A8I5KUB5.2|UPI001E24C9F0|||deleterious_low_confidence(0)||Gene3D:3.40.50.300&Pfam:PF00071&Prints:PR00449&PROSITE_profiles:PS51419&PROSITE_profiles:PS51421&PANTHER:PTHR24070&PANTHER:PTHR24070:SF388&SMART:SM00173&SMART:SM00174&SMART:SM00175&Superfamily:SSF52540&TIGRFAM:TIGR00231|||||||||||||||||not_provided&pathogenic|0&1|1&1||||||32|4.792440,A|missense_variant|MODERATE|KRAS|ENSG00000133703|Transcript|ENST00000693229|protein_coding|4/5||ENST00000693229.1:c.362C>T|ENSP00000509223.1:p.Ala121Val|522|362|121|A/V|gCa/gTa|rs1057519725&COSV55498939||-1||SNV|HGNC|HGNC:6407|||||ENSP00000509223||A0A8I5KQ21.2|UPI001E2444E0|||deleterious_low_confidence(0)|probably_damaging(0.982)|Gene3D:3.40.50.300&Pfam:PF00071&PROSITE_profiles:PS51419&PROSITE_profiles:PS51421&PANTHER:PTHR24070&PANTHER:PTHR24070:SF388&SMART:SM00173&SMART:SM00174&SMART:SM00175&Superfamily:SSF52540&TIGRFAM:TIGR00231|||||||||||||||||not_provided&pathogenic|0&1|1&1||||||32|4.792440	GT:AD:DP	0/1:149,9:.	G/A	12:25225627	A	ENSG00000133703	ENST00000686877	Transcript	3_prime_UTR_variant,NMD_transcript_variant	MODIFIER	745					rs1057519725,COSV55498939							32	4.792440	KRAS	CGC:ONC; OncoKB:ONC; 2020Rule:ONC; CTAT:ONC; Oncogene:ONC		EGFR tyrosine kinase inhibitor resistance|Endocrine resistance|MAPK signaling pathway|ErbB signaling pathway|Ras signaling pathway|Rap1 signaling pathway|Chemokine signaling pathway|FoxO signaling pathway|Sphingolipid signaling pathway|Phospholipase D signaling pathway|Mitophagy - animal|Autophagy - animal|mTOR signaling pathway|PI3K-Akt signaling pathway|Apoptosis|Longevity regulating pathway|Longevity regulating pathway - multiple species|Cellular senescence|Axon guidance|VEGF signaling pathway|Apelin signaling pathway|Gap junction|Signaling pathways regulating pluripotency of stem cells|C-type lectin receptor signaling pathway|Natural killer cell mediated cytotoxicity|T cell receptor signaling pathway|B cell receptor signaling pathway|Fc epsilon RI signaling pathway|Thermogenesis|Long-term potentiation|Neurotrophin signaling pathway|Cholinergic synapse|Serotonergic synapse|Long-term depression|Regulation of actin cytoskeleton|Insulin signaling pathway|GnRH signaling pathway|Progesterone-mediated oocyte maturation|Estrogen signaling pathway|Melanogenesis|Prolactin signaling pathway|Thyroid hormone signaling pathway|Oxytocin signaling pathway|Relaxin signaling pathway|GnRH secretion|AGE-RAGE signaling pathway in diabetic complications|Growth hormone synthesis, secretion and action|Aldosterone-regulated sodium reabsorption|Alzheimer disease|Pathways of neurodegeneration - multiple diseases|Alcoholism|Hepatitis C|Hepatitis B|Human cytomegalovirus infection|Human papillomavirus infection|Human T-cell leukemia virus 1 infection|Kaposi sarcoma-associated herpesvirus infection|Human immunodeficiency virus 1 infection|Pathways in cancer|Viral carcinogenesis|Proteoglycans in cancer|MicroRNAs in cancer|Chemical carcinogenesis - receptor activation|Chemical carcinogenesis - reactive oxygen species|Colorectal cancer|Renal cell carcinoma|Pancreatic cancer|Endometrial cancer|Glioma|Prostate cancer|Thyroid cancer|Melanoma|Bladder cancer|Chronic myeloid leukemia|Acute myeloid leukemia|Non-small cell lung cancer|Breast cancer|Hepatocellular carcinoma|Gastric cancer|Central carbon metabolism in cancer|Choline metabolism in cancer|PD-L1 expression and PD-1 checkpoint pathway in cancer|Lipid and atherosclerosis	hsa01521|hsa01522|hsa04010|hsa04012|hsa04014|hsa04015|hsa04062|hsa04068|hsa04071|hsa04072|hsa04137|hsa04140|hsa04150|hsa04151|hsa04210|hsa04211|hsa04213|hsa04218|hsa04360|hsa04370|hsa04371|hsa04540|hsa04550|hsa04625|hsa04650|hsa04660|hsa04662|hsa04664|hsa04714|hsa04720|hsa04722|hsa04725|hsa04726|hsa04730|hsa04810|hsa04910|hsa04912|hsa04914|hsa04915|hsa04916|hsa04917|hsa04919|hsa04921|hsa04926|hsa04929|hsa04933|hsa04935|hsa04960|hsa05010|hsa05022|hsa05034|hsa05160|hsa05161|hsa05163|hsa05165|hsa05166|hsa05167|hsa05170|hsa05200|hsa05203|hsa05205|hsa05206|hsa05207|hsa05208|hsa05210|hsa05211|hsa05212|hsa05213|hsa05214|hsa05215|hsa05216|hsa05218|hsa05219|hsa05220|hsa05221|hsa05223|hsa05224|hsa05225|hsa05226|hsa05230|hsa05231|hsa05235|hsa05417	RCV000423608; RCV000434735; RCV000441300; RCV000791299	Non-small cell lung carcinoma; Neoplasm of the thyroid gland; Neoplasm of the large intestine; OCULOECTODERMAL SYNDROME, SOMATIC	not provided; Pathogenic; Pathogenic; Pathogenic	SNV	c.*408C>T							47691 / 49097025	0	0.3851	ONC
12	25225627		G	A	.	.	CSQ=A|missense_variant|MODERATE|KRAS|ENSG00000133703|Transcript|ENST00000256078|protein_coding|4/6||ENST00000256078.10:c.437C>T|ENSP00000256078.5:p.Ala146Val|627|437|146|A/V|gCa/gTa|rs1057519725&COSV55498939||-1||SNV|HGNC|HGNC:6407||1|A1|CCDS8703.1|ENSP00000256078|P01116.251|L7RSL8.77|UPI0000133132|P01116-1|NM_001369786.1&NM_033360.4|deleterious_low_confidence(0)||PDB-ENSP_mappings:3gft.A&PDB-ENSP_mappings:3gft.B&PDB-ENSP_mappings:3gft.C&PDB-ENSP_mappings:3gft.D&PDB-ENSP_mappings:3gft.E&PDB-ENSP_mappings:3gft.F&PDB-ENSP_mappings:4dsn.A&PDB-ENSP_mappings:4dso.A&PDB-ENSP_mappings:4dst.A&PDB-ENSP_mappings:4dsu.A&PDB-ENSP_mappings:4epr.A&PDB-ENSP_mappings:4ept.A&PDB-ENSP_mappings:4epv.A&PDB-ENSP_mappings:4epw.A&PDB-ENSP_mappings:4epx.A&PDB-ENSP_mappings:4epy.A&PDB-ENSP_mappings:4l8g.A&PDB-ENSP_mappings:4ldj.A&PDB-ENSP_mappings:4lpk.A&PDB-ENSP_mappings:4lpk.B&PDB-ENSP_mappings:4lrw.A&PDB-ENSP_mappings:4lrw.B&PDB-ENSP_mappings:4luc.A&PDB-ENSP_mappings:4luc.B&PDB-ENSP_mappings:4lv6.A&PDB-ENSP_mappings:4lv6.B&PDB-ENSP_mappings:4lyf.A&PDB-ENSP_mappings:4lyf.B&PDB-ENSP_mappings:4lyf.C&PDB-ENSP_mappings:4lyh.A&PDB-ENSP_mappings:4lyh.B&PDB-ENSP_mappings:4lyh.C&PDB-ENSP_mappings:4lyj.A&PDB-ENSP_mappings:4m1o.A&PDB-ENSP_mappings:4m1o.B&PDB-ENSP_mappings:4m1o.C&PDB-ENSP_mappings:4m1s.A&PDB-ENSP_mappings:4m1s.B&PDB-ENSP_mappings:4m1s.C&PDB-ENSP_mappings:4m1t.A&PDB-ENSP_mappings:4m1t.B&PDB-ENSP_mappings:4m1t.C&PDB-ENSP_mappings:4m1w.A&PDB-ENSP_mappings:4m1w.B&PDB-ENSP_mappings:4m1w.C&PDB-ENSP_mappings:4m1y.A&PDB-ENSP_mappings:4m1y.B&PDB-ENSP_mappings:4m1y.C&PDB-ENSP_mappings:4m21.A&PDB-ENSP_mappings:4m21.B&PDB-ENSP_mappings:4m21.C&PDB-ENSP_mappings:4m22.A&PDB-ENSP_mappings:4m22.B&PDB-ENSP_mappings:4m22.C&PDB-ENSP_mappings:4nmm.A&PDB-ENSP_mappings:4obe.A&PDB-ENSP_mappings:4obe.B&PDB-ENSP_mappings:4pzy.A&PDB-ENSP_mappings:4pzy.B&PDB-ENSP_mappings:4pzz.A&PDB-ENSP_mappings:4q01.A&PDB-ENSP_mappings:4q01.B&PDB-ENSP_mappings:4q02.A&PDB-ENSP_mappings:4q03.A&PDB-ENSP_mappings:4ql3.A&PDB-ENSP_mappings:4tq9.A&PDB-ENSP_mappings:4tq9.B&PDB-ENSP_mappings:4tqa.A&PDB-ENSP_mappings:4tqa.B&PDB-ENSP_mappings:4wa7.A&PDB-ENSP_mappings:5f2e.A&PDB-ENSP_mappings:5kyk.A&PDB-ENSP_mappings:5kyk.B&PDB-ENSP_mappings:5kyk.C&PDB-ENSP_mappings:5mla.A&PDB-ENSP_mappings:5mlb.A&PDB-ENSP_mappings:5mlb.C&PDB-ENSP_mappings:5mlb.E&PDB-ENSP_mappings:5mlb.G&PDB-ENSP_mappings:5o2s.A&PDB-ENSP_mappings:5o2s.C&PDB-ENSP_mappings:5o2s.E&PDB-ENSP_mappings:5o2s.G&PDB-ENSP_mappings:5o2t.A&PDB-ENSP_mappings:5ocg.A&PDB-ENSP_mappings:5oco.A&PDB-ENSP_mappings:5oco.B&PDB-ENSP_mappings:5oco.C&PDB-ENSP_mappings:5oco.D&PDB-ENSP_mappings:5oco.E&PDB-ENSP_mappings:5oco.F&PDB-ENSP_mappings:5oct.A&PDB-ENSP_mappings:5oct.B&PDB-ENSP_mappings:5oct.C&PDB-ENSP_mappings:5oct.D&PDB-ENSP_mappings:5oct.E&PDB-ENSP_mappings:5oct.F&PDB-ENSP_mappings:5tar.A&PDB-ENSP_mappings:5tb5.A&PDB-ENSP_mappings:5tb5.C&PDB-ENSP_mappings:5ufe.A&PDB-ENSP_mappings:5ufq.A&PDB-ENSP_mappings:5ufq.B&PDB-ENSP_mappings:5uk9.A&PDB-ENSP_mappings:5uk9.B&PDB-ENSP_mappings:5uqw.A&PDB-ENSP_mappings:5uqw.B&PDB-ENSP_mappings:5us4.A&PDB-ENSP_mappings:5us4.B&PDB-ENSP_mappings:5usj.A&PDB-ENSP_mappings:5usj.B&PDB-ENSP_mappings:5usj.C&PDB-ENSP_mappings:5usj.D&PDB-ENSP_mappings:5usj.E&PDB-ENSP_mappings:5usj.F&PDB-ENSP_mappings:5v6s.A&PDB-ENSP_mappings:5v6v.A&PDB-ENSP_mappings:5v6v.B&PDB-ENSP_mappings:5v71.A&PDB-ENSP_mappings:5v71.B&PDB-ENSP_mappings:5v71.C&PDB-ENSP_mappings:5v71.D&PDB-ENSP_mappings:5v71.E&PDB-ENSP_mappings:5v71.F&PDB-ENSP_mappings:5v9l.A&PDB-ENSP_mappings:5v9l.B&PDB-ENSP_mappings:5v9l.C&PDB-ENSP_mappings:5v9o.A&PDB-ENSP_mappings:5v9u.A&PDB-ENSP_mappings:5v9u.B&PDB-ENSP_mappings:5vbm.A&PDB-ENSP_mappings:5vp7.A&PDB-ENSP_mappings:5vp7.F&PDB-ENSP_mappings:5vpi.A&PDB-ENSP_mappings:5vpi.B&PDB-ENSP_mappings:5vpy.A&PDB-ENSP_mappings:5vpy.B&PDB-ENSP_mappings:5vpz.A&PDB-ENSP_mappings:5vpz.B&PDB-ENSP_mappings:5vq0.A&PDB-ENSP_mappings:5vq0.B&PDB-ENSP_mappings:5vq1.A&PDB-ENSP_mappings:5vq1.B&PDB-ENSP_mappings:5vq2.A&PDB-ENSP_mappings:5vq2.B&PDB-ENSP_mappings:5vq6.A&PDB-ENSP_mappings:5vq6.B&PDB-ENSP_mappings:5vq8.A&PDB-ENSP_mappings:5vq8.B&PDB-ENSP_mappings:5w22.A&PDB-ENSP_mappings:5w22.B&PDB-ENSP_mappings:5wha.A&PDB-ENSP_mappings:5wha.D&PDB-ENSP_mappings:5wha.G&PDB-ENSP_mappings:5wha.J&PDB-ENSP_mappings:5whb.A&PDB-ENSP_mappings:5whb.D&PDB-ENSP_mappings:5whb.G&PDB-ENSP_mappings:5whb.J&PDB-ENSP_mappings:5whd.A&PDB-ENSP_mappings:5whd.B&PDB-ENSP_mappings:5whd.C&PDB-ENSP_mappings:5whd.D&PDB-ENSP_mappings:5whe.A&PDB-ENSP_mappings:5whe.D&PDB-ENSP_mappings:5whe.G&PDB-ENSP_mappings:5whe.J&PDB-ENSP_mappings:5wlb.A&PDB-ENSP_mappings:5wlb.D&PDB-ENSP_mappings:5wpm.A&PDB-ENSP_mappings:5xco.A&PDB-ENSP_mappings:5yxz.A&PDB-ENSP_mappings:5yy1.A&PDB-ENSP_mappings:6ark.A&PDB-ENSP_mappings:6asa.A&PDB-ENSP_mappings:6ase.A&PDB-ENSP_mappings:6b0v.A&PDB-ENSP_mappings:6b0v.B&PDB-ENSP_mappings:6b0y.A&PDB-ENSP_mappings:6b0y.B&PDB-ENSP_mappings:6bof.A&PDB-ENSP_mappings:6bof.B&PDB-ENSP_mappings:6bp1.A&PDB-ENSP_mappings:6cc9.B&PDB-ENSP_mappings:6cch.B&PDB-ENSP_mappings:6ccx.B&PDB-ENSP_mappings:6cu6.A&PDB-ENSP_mappings:6cu6.B&PDB-ENSP_mappings:6cu6.C&PDB-ENSP_mappings:6e6f.A&PDB-ENSP_mappings:6e6f.B&PDB-ENSP_mappings:6e6g.A&PDB-ENSP_mappings:6epl.R&PDB-ENSP_mappings:6epm.R&PDB-ENSP_mappings:6epn.R&PDB-ENSP_mappings:6epo.R&PDB-ENSP_mappings:6epp.R&PDB-ENSP_mappings:6f76.A&PDB-ENSP_mappings:6f76.B&PDB-ENSP_mappings:6f76.C&PDB-ENSP_mappings:6f76.D&PDB-ENSP_mappings:6f76.E&PDB-ENSP_mappings:6f76.F&PDB-ENSP_mappings:6fa1.A&PDB-ENSP_mappings:6fa1.B&PDB-ENSP_mappings:6fa1.C&PDB-ENSP_mappings:6fa1.D&PDB-ENSP_mappings:6fa1.E&PDB-ENSP_mappings:6fa1.F&PDB-ENSP_mappings:6fa2.A&PDB-ENSP_mappings:6fa2.B&PDB-ENSP_mappings:6fa2.C&PDB-ENSP_mappings:6fa2.D&PDB-ENSP_mappings:6fa2.E&PDB-ENSP_mappings:6fa2.F&PDB-ENSP_mappings:6fa3.A&PDB-ENSP_mappings:6fa3.B&PDB-ENSP_mappings:6fa3.C&PDB-ENSP_mappings:6fa3.D&PDB-ENSP_mappings:6fa3.E&PDB-ENSP_mappings:6fa3.F&PDB-ENSP_mappings:6fa4.A&PDB-ENSP_mappings:6fa4.B&PDB-ENSP_mappings:6fa4.C&PDB-ENSP_mappings:6fa4.D&PDB-ENSP_mappings:6fa4.E&PDB-ENSP_mappings:6fa4.F&PDB-ENSP_mappings:6gj5.A&PDB-ENSP_mappings:6gj5.B&PDB-ENSP_mappings:6gj6.A&PDB-ENSP_mappings:6gj7.A&PDB-ENSP_mappings:6gj8.A&PDB-ENSP_mappings:6god.A&PDB-ENSP_mappings:6goe.A&PDB-ENSP_mappings:6gof.A&PDB-ENSP_mappings:6gog.A&PDB-ENSP_mappings:6gog.B&PDB-ENSP_mappings:6gog.C&PDB-ENSP_mappings:6gog.D&PDB-ENSP_mappings:6gog.E&PDB-ENSP_mappings:6gog.F&PDB-ENSP_mappings:6gom.A&PDB-ENSP_mappings:6gom.B&PDB-ENSP_mappings:6gom.C&PDB-ENSP_mappings:6gom.D&PDB-ENSP_mappings:6gom.E&PDB-ENSP_mappings:6gom.F&PDB-ENSP_mappings:6gqt.A&PDB-ENSP_mappings:6gqt.B&PDB-ENSP_mappings:6gqt.C&PDB-ENSP_mappings:6gqt.D&PDB-ENSP_mappings:6gqt.E&PDB-ENSP_mappings:6gqt.F&PDB-ENSP_mappings:6gqw.A&PDB-ENSP_mappings:6gqw.B&PDB-ENSP_mappings:6gqw.C&PDB-ENSP_mappings:6gqw.D&PDB-ENSP_mappings:6gqw.E&PDB-ENSP_mappings:6gqw.F&PDB-ENSP_mappings:6gqx.A&PDB-ENSP_mappings:6gqx.B&PDB-ENSP_mappings:6gqx.C&PDB-ENSP_mappings:6gqx.D&PDB-ENSP_mappings:6gqx.E&PDB-ENSP_mappings:6gqx.F&PDB-ENSP_mappings:6gqy.A&PDB-ENSP_mappings:6gqy.B&PDB-ENSP_mappings:6gqy.C&PDB-ENSP_mappings:6gqy.D&PDB-ENSP_mappings:6gqy.E&PDB-ENSP_mappings:6gqy.F&PDB-ENSP_mappings:6h46.A&PDB-ENSP_mappings:6h47.A&PDB-ENSP_mappings:6m9w.A&PDB-ENSP_mappings:6mbq.A&PDB-ENSP_mappings:6mbt.A&PDB-ENSP_mappings:6mbt.B&PDB-ENSP_mappings:6mbu.A&PDB-ENSP_mappings:6mbu.B&PDB-ENSP_mappings:6mnx.A&PDB-ENSP_mappings:6mnx.B&PDB-ENSP_mappings:6mnx.C&PDB-ENSP_mappings:6mnx.D&PDB-ENSP_mappings:6mnx.E&PDB-ENSP_mappings:6mnx.F&PDB-ENSP_mappings:6mqg.A&PDB-ENSP_mappings:6mqn.A&PDB-ENSP_mappings:6mqn.B&PDB-ENSP_mappings:6mqn.C&PDB-ENSP_mappings:6ms9.A&PDB-ENSP_mappings:6ms9.B&PDB-ENSP_mappings:6ms9.C&PDB-ENSP_mappings:6mta.A&PDB-ENSP_mappings:6mta.B&PDB-ENSP_mappings:6mta.C&PDB-ENSP_mappings:6n2j.A&PDB-ENSP_mappings:6n2k.A&PDB-ENSP_mappings:6o36.A&PDB-ENSP_mappings:6o36.B&PDB-ENSP_mappings:6o36.C&PDB-ENSP_mappings:6o46.A&PDB-ENSP_mappings:6o46.B&PDB-ENSP_mappings:6o46.C&PDB-ENSP_mappings:6ob2.A&PDB-ENSP_mappings:6ob2.C&PDB-ENSP_mappings:6ob3.A&PDB-ENSP_mappings:6ob3.C&PDB-ENSP_mappings:6oim.A&PDB-ENSP_mappings:6p0z.A&PDB-ENSP_mappings:6p0z.B&PDB-ENSP_mappings:6p8w.A&PDB-ENSP_mappings:6p8w.B&PDB-ENSP_mappings:6p8x.A&PDB-ENSP_mappings:6p8x.B&PDB-ENSP_mappings:6p8x.C&PDB-ENSP_mappings:6p8x.D&PDB-ENSP_mappings:6p8y.A&PDB-ENSP_mappings:6p8y.B&PDB-ENSP_mappings:6p8z.A&PDB-ENSP_mappings:6p8z.B&PDB-ENSP_mappings:6pgo.A&PDB-ENSP_mappings:6pgo.B&PDB-ENSP_mappings:6pgp.A&PDB-ENSP_mappings:6pgp.B&PDB-ENSP_mappings:6pq3.A&PDB-ENSP_mappings:6pts.B&PDB-ENSP_mappings:6ptw.B&PDB-ENSP_mappings:6quu.A&PDB-ENSP_mappings:6quu.B&PDB-ENSP_mappings:6quv.A&PDB-ENSP_mappings:6quv.B&PDB-ENSP_mappings:6quw.A&PDB-ENSP_mappings:6quw.B&PDB-ENSP_mappings:6qux.A&PDB-ENSP_mappings:6qux.B&PDB-ENSP_mappings:6t5b.A&PDB-ENSP_mappings:6t5u.B&PDB-ENSP_mappings:6t5v.A&PDB-ENSP_mappings:6tam.A&PDB-ENSP_mappings:6tan.A&PDB-ENSP_mappings:6usx.A&PDB-ENSP_mappings:6usx.B&PDB-ENSP_mappings:6usz.A&PDB-ENSP_mappings:6ut0.A&PDB-ENSP_mappings:6ut0.B&PDB-ENSP_mappings:6ut0.C&PDB-ENSP_mappings:6ut0.D&PDB-ENSP_mappings:6v5l.A&PDB-ENSP_mappings:6v65.C&PDB-ENSP_mappings:6v6f.C&PDB-ENSP_mappings:6vc8.A&PDB-ENSP_mappings:6vc8.B&PDB-ENSP_mappings:6vc8.C&PDB-ENSP_mappings:6vjj.A&PDB-ENSP_mappings:6w4e.B&PDB-ENSP_mappings:6w4e.C&PDB-ENSP_mappings:6w4f.B&PDB-ENSP_mappings:6w4f.C&PDB-ENSP_mappings:6wgn.A&PDB-ENSP_mappings:6wgn.B&PDB-ENSP_mappings:6wgn.C&PDB-ENSP_mappings:6ws2.A&PDB-ENSP_mappings:6ws2.B&PDB-ENSP_mappings:6ws2.C&PDB-ENSP_mappings:6ws2.D&PDB-ENSP_mappings:6ws4.A&PDB-ENSP_mappings:6ws4.B&PDB-ENSP_mappings:6ws4.C&PDB-ENSP_mappings:6ws4.D&PDB-ENSP_mappings:6xgu.A&PDB-ENSP_mappings:6xgv.A&PDB-ENSP_mappings:6xhb.A&PDB-ENSP_mappings:6yr8.A&PDB-ENSP_mappings:6yxw.A&PDB-ENSP_mappings:6yxw.C&PDB-ENSP_mappings:6zl5.A&PDB-ENSP_mappings:6zli.A&PDB-ENSP_mappings:6zli.B&PDB-ENSP_mappings:7a1w.A&PDB-ENSP_mappings:7a1x.A&PDB-ENSP_mappings:7a1y.A&PDB-ENSP_mappings:7a47.A&PDB-ENSP_mappings:7a47.C&PDB-ENSP_mappings:7a47.E&PDB-ENSP_mappings:7aca.A&PDB-ENSP_mappings:7aca.B&PDB-ENSP_mappings:7aca.C&PDB-ENSP_mappings:7aca.D&PDB-ENSP_mappings:7acf.A&PDB-ENSP_mappings:7acf.B&PDB-ENSP_mappings:7acf.C&PDB-ENSP_mappings:7acf.D&PDB-ENSP_mappings:7ach.A&PDB-ENSP_mappings:7ach.B&PDB-ENSP_mappings:7acq.A&PDB-ENSP_mappings:7acq.B&PDB-ENSP_mappings:7acq.C&PDB-ENSP_mappings:7c40.A&PDB-ENSP_mappings:7c41.A&PDB-ENSP_mappings:7c41.G&PDB-ENSP_mappings:7c41.J&PDB-ENSP_mappings:7c41.M&PDB-ENSP_mappings:7ew9.A&PDB-ENSP_mappings:7ew9.B&PDB-ENSP_mappings:7ew9.C&PDB-ENSP_mappings:7ewa.A&PDB-ENSP_mappings:7ewa.B&PDB-ENSP_mappings:7ewa.C&PDB-ENSP_mappings:7ewb.A&PDB-ENSP_mappings:7ewb.B&PDB-ENSP_mappings:7ewb.C&PDB-ENSP_mappings:7eyx.A&PDB-ENSP_mappings:7f0w.A&PDB-ENSP_mappings:7kfz.A&PDB-ENSP_mappings:7kfz.C&PDB-ENSP_mappings:7kmr.A&PDB-ENSP_mappings:7kyz.A&PDB-ENSP_mappings:7lc1.A&PDB-ENSP_mappings:7lc1.C&PDB-ENSP_mappings:7lc2.A&PDB-ENSP_mappings:7lc2.B&PDB-ENSP_mappings:7lgi.A&PDB-ENSP_mappings:7mqu.A&PDB-ENSP_mappings:7ny8.A&PDB-ENSP_mappings:7ny8.B&PDB-ENSP_mappings:7o70.A&PDB-ENSP_mappings:7o70.D&PDB-ENSP_mappings:7oo7.A&PDB-ENSP_mappings:7oo7.D&PDB-ENSP_mappings:7r0m.A&PDB-ENSP_mappings:7r0m.B&PDB-ENSP_mappings:7r0n.A&PDB-ENSP_mappings:7r0q.A&PDB-ENSP_mappings:7r0q.B&PDB-ENSP_mappings:7rov.A&PDB-ENSP_mappings:7rov.B&PDB-ENSP_mappings:7rp2.A&PDB-ENSP_mappings:7rp4.A&PDB-ENSP_mappings:7rp4.B&PDB-ENSP_mappings:7rpz.A&PDB-ENSP_mappings:7rsc.A&PDB-ENSP_mappings:7rsc.B&PDB-ENSP_mappings:7rse.A&PDB-ENSP_mappings:7rse.B&PDB-ENSP_mappings:7rt1.A&PDB-ENSP_mappings:7rt2.A&PDB-ENSP_mappings:7rt3.A&PDB-ENSP_mappings:7rt4.A&PDB-ENSP_mappings:7rt5.A&PDB-ENSP_mappings:7scw.A&PDB-ENSP_mappings:7scx.A&PDB-ENSP_mappings:7t47.A&PDB-ENSP_mappings:7tle.A&PDB-ENSP_mappings:7tlg.A&PDB-ENSP_mappings:7tlg.B&PDB-ENSP_mappings:7tlk.A&PDB-ENSP_mappings:7tlk.B&PDB-ENSP_mappings:7vvb.A&PDB-ENSP_mappings:8dni.A&PROSITE_profiles:PS51420&PROSITE_profiles:PS51421&PROSITE_profiles:PS51419&CDD:cd04138&PANTHER:PTHR24070&PANTHER:PTHR24070:SF388&Gene3D:3.40.50.300&TIGRFAM:TIGR00231&Pfam:PF00071&SMART:SM00173&SMART:SM00176&SMART:SM00175&SMART:SM00174&Superfamily:SSF52540&Prints:PR00449&AFDB-ENSP_mappings:AF-P01116-F1.A|||||||||||||||||not_provided&pathogenic|0&1|1&1||||||32|4.792440,A|missense_variant|MODERATE|KRAS|ENSG00000133703|Transcript|ENST00000311936|protein_coding|4/5||ENST00000311936.8:c.437C>T|ENSP00000308495.3:p.Ala146Val|627|437|146|A/V|gCa/gTa|rs1057519725&COSV55498939||-1||SNV|HGNC|HGNC:6407|YES|1|P3|CCDS8702.1|ENSP00000308495|P01116.251|A0A024RAV5.54|UPI0000001252|P01116-2|NM_004985.5|deleterious_low_confidence(0)||Gene3D:3.40.50.300&PDB-ENSP_mappings:6xha.A&PDB-ENSP_mappings:6xi7.A&PDB-ENSP_mappings:7lz5.A&PDB-ENSP_mappings:7mdp.A&PDB-ENSP_mappings:7ok3.A&PDB-ENSP_mappings:7ok4.A&PDB-ENSP_mappings:7q9u.AAA&PDB-ENSP_mappings:7q9u.BBB&PDB-ENSP_mappings:7rp3.A&PDB-ENSP_mappings:7ycc.A&PDB-ENSP_mappings:7ycc.B&PDB-ENSP_mappings:7ycc.C&PDB-ENSP_mappings:7yce.A&PDB-ENSP_mappings:8dnj.A&PDB-ENSP_mappings:8dnj.B&PDB-ENSP_mappings:8dnj.C&PDB-ENSP_mappings:8dnk.A&Pfam:PF00071&Prints:PR00449&PROSITE_profiles:PS51419&PROSITE_profiles:PS51420&PROSITE_profiles:PS51421&PANTHER:PTHR24070&PANTHER:PTHR24070:SF388&SMART:SM00173&SMART:SM00174&SMART:SM00175&Superfamily:SSF52540&TIGRFAM:TIGR00231&CDD:cd04138|||||||||||||||||not_provided&pathogenic|0&1|1&1||||||32|4.792440,A|intron_variant|MODIFIER|KRAS|ENSG00000133703|Transcript|ENST00000557334|protein_coding||2/2|ENST00000557334.6:c.112-15716C>T|||||||rs1057519725&COSV55498939||-1||SNV|HGNC|HGNC:6407||5|||ENSP00000452512||G3V5T7.63|UPI00021CF477||||||||||||||||||||||not_provided&pathogenic|0&1|1&1||||||32|4.792440,A|non_coding_transcript_exon_variant|MODIFIER||ENSG00000275197|Transcript|ENST00000620933|lncRNA|1/1||ENST00000620933.1:n.525G>A||525|||||rs1057519725&COSV55498939||1||SNV|||YES|||||||||||||||||||||||||||||not_provided&pathogenic|0&1|1&1||||||32|4.792440,A|missense_variant|MODERATE|KRAS|ENSG00000133703|Transcript|ENST00000685328|protein_coding|4/5||ENST00000685328.1:c.437C>T|ENSP00000508921.1:p.Ala146Val|620|437|146|A/V|gCa/gTa|rs1057519725&COSV55498939||-1||SNV|HGNC|HGNC:6407|||P3|CCDS8702.1|ENSP00000508921|P01116.251|A0A024RAV5.54|UPI0000001252|P01116-2|NM_001369787.1|deleterious_low_confidence(0)||Gene3D:3.40.50.300&PDB-ENSP_mappings:6xha.A&PDB-ENSP_mappings:6xi7.A&PDB-ENSP_mappings:7lz5.A&PDB-ENSP_mappings:7mdp.A&PDB-ENSP_mappings:7ok3.A&PDB-ENSP_mappings:7ok4.A&PDB-ENSP_mappings:7q9u.AAA&PDB-ENSP_mappings:7q9u.BBB&PDB-ENSP_mappings:7rp3.A&PDB-ENSP_mappings:7ycc.A&PDB-ENSP_mappings:7ycc.B&PDB-ENSP_mappings:7ycc.C&PDB-ENSP_mappings:7yce.A&PDB-ENSP_mappings:8dnj.A&PDB-ENSP_mappings:8dnj.B&PDB-ENSP_mappings:8dnj.C&PDB-ENSP_mappings:8dnk.A&Pfam:PF00071&Prints:PR00449&PROSITE_profiles:PS51419&PROSITE_profiles:PS51420&PROSITE_profiles:PS51421&PANTHER:PTHR24070&PANTHER:PTHR24070:SF388&SMART:SM00173&SMART:SM00174&SMART:SM00175&Superfamily:SSF52540&TIGRFAM:TIGR00231&CDD:cd04138|||||||||||||||||not_provided&pathogenic|0&1|1&1||||||32|4.792440,A|3_prime_UTR_variant&NMD_transcript_variant|MODIFIER|KRAS|ENSG00000133703|Transcript|ENST00000686877|nonsense_mediated_decay|5/6||ENST00000686877.1:c.*408C>T||745|||||rs1057519725&COSV55498939||-1||SNV|HGNC|HGNC:6407|||||ENSP00000510431||A0A8I5KR86.2|UPI001E2497D5||||||||||||||||||||||not_provided&pathogenic|0&1|1&1||||||32|4.792440,A|3_prime_UTR_variant&NMD_transcript_variant|MODIFIER|KRAS|ENSG00000133703|Transcript|ENST00000687356|nonsense_mediated_decay|3/4||ENST00000687356.1:c.*135C>T||446|||||rs1057519725&COSV55498939||-1||SNV|HGNC|HGNC:6407|||||ENSP00000510511||A0A8I5KXN3.2|UPI00015AA4A0||||||||||||||||||||||not_provided&pathogenic|0&1|1&1||||||32|4.792440,A|non_coding_transcript_exon_variant|MODIFIER|KRAS|ENSG00000133703|Transcript|ENST00000688228|retained_intron|2/3||ENST00000688228.1:n.911C>T||911|||||rs1057519725&COSV55498939||-1||SNV|HGNC|HGNC:6407||||||||||||||||||||||||||||||not_provided&pathogenic|0&1|1&1||||||32|4.792440,A|missense_variant|MODERATE|KRAS|ENSG00000133703|Transcript|ENST00000688940|protein_coding|4/5||ENST00000688940.1:c.437C>T|ENSP00000509238.1:p.Ala146Val|638|437|146|A/V|gCa/gTa|rs1057519725&COSV55498939||-1||SNV|HGNC|HGNC:6407|||P3|CCDS8702.1|ENSP00000509238|P01116.251|A0A024RAV5.54|UPI0000001252|P01116-2||deleterious_low_confidence(0)||Gene3D:3.40.50.300&PDB-ENSP_mappings:6xha.A&PDB-ENSP_mappings:6xi7.A&PDB-ENSP_mappings:7lz5.A&PDB-ENSP_mappings:7mdp.A&PDB-ENSP_mappings:7ok3.A&PDB-ENSP_mappings:7ok4.A&PDB-ENSP_mappings:7q9u.AAA&PDB-ENSP_mappings:7q9u.BBB&PDB-ENSP_mappings:7rp3.A&PDB-ENSP_mappings:7ycc.A&PDB-ENSP_mappings:7ycc.B&PDB-ENSP_mappings:7ycc.C&PDB-ENSP_mappings:7yce.A&PDB-ENSP_mappings:8dnj.A&PDB-ENSP_mappings:8dnj.B&PDB-ENSP_mappings:8dnj.C&PDB-ENSP_mappings:8dnk.A&Pfam:PF00071&Prints:PR00449&PROSITE_profiles:PS51419&PROSITE_profiles:PS51420&PROSITE_profiles:PS51421&PANTHER:PTHR24070&PANTHER:PTHR24070:SF388&SMART:SM00173&SMART:SM00174&SMART:SM00175&Superfamily:SSF52540&TIGRFAM:TIGR00231&CDD:cd04138|||||||||||||||||not_provided&pathogenic|0&1|1&1||||||32|4.792440,A|missense_variant&NMD_transcript_variant|MODERATE|KRAS|ENSG00000133703|Transcript|ENST00000690406|nonsense_mediated_decay|1/3||ENST00000690406.1:c.149C>T|ENSP00000509798.1:p.Ala50Val|147|149|50|A/V|gCa/gTa|rs1057519725&COSV55498939||-1|cds_start_NF|SNV|HGNC|HGNC:6407|||||ENSP00000509798||A0A8I5KYH6.2&A0A221ZRZ5.11|UPI000B8D9C09|||deleterious_low_confidence(0)|probably_damaging(0.985)||||||||||||||||||not_provided&pathogenic|0&1|1&1||||||32|4.792440,A|3_prime_UTR_variant&NMD_transcript_variant|MODIFIER|KRAS|ENSG00000133703|Transcript|ENST00000690804|nonsense_mediated_decay|5/6||ENST00000690804.1:c.*398C>T||744|||||rs1057519725&COSV55498939||-1||SNV|HGNC|HGNC:6407|||||ENSP00000508568||A0A8I5KQU3.2|UPI001E249B21||||||||||||||||||||||not_provided&pathogenic|0&1|1&1||||||32|4.792440,A|missense_variant|MODERATE|KRAS|ENSG00000133703|Transcript|ENST00000692768|protein_coding|3/4||ENST00000692768.1:c.239C>T|ENSP00000510254.1:p.Ala80Val|493|239|80|A/V|gCa/gTa|rs1057519725&COSV55498939||-1||SNV|HGNC|HGNC:6407|||||ENSP00000510254||A0A8I5KUB5.2|UPI001E24C9F0|||deleterious_low_confidence(0)||Gene3D:3.40.50.300&Pfam:PF00071&Prints:PR00449&PROSITE_profiles:PS51419&PROSITE_profiles:PS51421&PANTHER:PTHR24070&PANTHER:PTHR24070:SF388&SMART:SM00173&SMART:SM00174&SMART:SM00175&Superfamily:SSF52540&TIGRFAM:TIGR00231|||||||||||||||||not_provided&pathogenic|0&1|1&1||||||32|4.792440,A|missense_variant|MODERATE|KRAS|ENSG00000133703|Transcript|ENST00000693229|protein_coding|4/5||ENST00000693229.1:c.362C>T|ENSP00000509223.1:p.Ala121Val|522|362|121|A/V|gCa/gTa|rs1057519725&COSV55498939||-1||SNV|HGNC|HGNC:6407|||||ENSP00000509223||A0A8I5KQ21.2|UPI001E2444E0|||deleterious_low_confidence(0)|probably_damaging(0.982)|Gene3D:3.40.50.300&Pfam:PF00071&PROSITE_profiles:PS51419&PROSITE_profiles:PS51421&PANTHER:PTHR24070&PANTHER:PTHR24070:SF388&SMART:SM00173&SMART:SM00174&SMART:SM00175&Superfamily:SSF52540&TIGRFAM:TIGR00231|||||||||||||||||not_provided&pathogenic|0&1|1&1||||||32|4.792440	GT:AD:DP	0/1:149,9:.	G/A	12:25225627	A	ENSG00000133703	ENST00000687356	Transcript	3_prime_UTR_variant,NMD_transcript_variant	MODIFIER	446					rs1057519725,COSV55498939							32	4.792440	KRAS	CGC:ONC; OncoKB:ONC; 2020Rule:ONC; CTAT:ONC; Oncogene:ONC		EGFR tyrosine kinase inhibitor resistance|Endocrine resistance|MAPK signaling pathway|ErbB signaling pathway|Ras signaling pathway|Rap1 signaling pathway|Chemokine signaling pathway|FoxO signaling pathway|Sphingolipid signaling pathway|Phospholipase D signaling pathway|Mitophagy - animal|Autophagy - animal|mTOR signaling pathway|PI3K-Akt signaling pathway|Apoptosis|Longevity regulating pathway|Longevity regulating pathway - multiple species|Cellular senescence|Axon guidance|VEGF signaling pathway|Apelin signaling pathway|Gap junction|Signaling pathways regulating pluripotency of stem cells|C-type lectin receptor signaling pathway|Natural killer cell mediated cytotoxicity|T cell receptor signaling pathway|B cell receptor signaling pathway|Fc epsilon RI signaling pathway|Thermogenesis|Long-term potentiation|Neurotrophin signaling pathway|Cholinergic synapse|Serotonergic synapse|Long-term depression|Regulation of actin cytoskeleton|Insulin signaling pathway|GnRH signaling pathway|Progesterone-mediated oocyte maturation|Estrogen signaling pathway|Melanogenesis|Prolactin signaling pathway|Thyroid hormone signaling pathway|Oxytocin signaling pathway|Relaxin signaling pathway|GnRH secretion|AGE-RAGE signaling pathway in diabetic complications|Growth hormone synthesis, secretion and action|Aldosterone-regulated sodium reabsorption|Alzheimer disease|Pathways of neurodegeneration - multiple diseases|Alcoholism|Hepatitis C|Hepatitis B|Human cytomegalovirus infection|Human papillomavirus infection|Human T-cell leukemia virus 1 infection|Kaposi sarcoma-associated herpesvirus infection|Human immunodeficiency virus 1 infection|Pathways in cancer|Viral carcinogenesis|Proteoglycans in cancer|MicroRNAs in cancer|Chemical carcinogenesis - receptor activation|Chemical carcinogenesis - reactive oxygen species|Colorectal cancer|Renal cell carcinoma|Pancreatic cancer|Endometrial cancer|Glioma|Prostate cancer|Thyroid cancer|Melanoma|Bladder cancer|Chronic myeloid leukemia|Acute myeloid leukemia|Non-small cell lung cancer|Breast cancer|Hepatocellular carcinoma|Gastric cancer|Central carbon metabolism in cancer|Choline metabolism in cancer|PD-L1 expression and PD-1 checkpoint pathway in cancer|Lipid and atherosclerosis	hsa01521|hsa01522|hsa04010|hsa04012|hsa04014|hsa04015|hsa04062|hsa04068|hsa04071|hsa04072|hsa04137|hsa04140|hsa04150|hsa04151|hsa04210|hsa04211|hsa04213|hsa04218|hsa04360|hsa04370|hsa04371|hsa04540|hsa04550|hsa04625|hsa04650|hsa04660|hsa04662|hsa04664|hsa04714|hsa04720|hsa04722|hsa04725|hsa04726|hsa04730|hsa04810|hsa04910|hsa04912|hsa04914|hsa04915|hsa04916|hsa04917|hsa04919|hsa04921|hsa04926|hsa04929|hsa04933|hsa04935|hsa04960|hsa05010|hsa05022|hsa05034|hsa05160|hsa05161|hsa05163|hsa05165|hsa05166|hsa05167|hsa05170|hsa05200|hsa05203|hsa05205|hsa05206|hsa05207|hsa05208|hsa05210|hsa05211|hsa05212|hsa05213|hsa05214|hsa05215|hsa05216|hsa05218|hsa05219|hsa05220|hsa05221|hsa05223|hsa05224|hsa05225|hsa05226|hsa05230|hsa05231|hsa05235|hsa05417	RCV000423608; RCV000434735; RCV000441300; RCV000791299	Non-small cell lung carcinoma; Neoplasm of the thyroid gland; Neoplasm of the large intestine; OCULOECTODERMAL SYNDROME, SOMATIC	not provided; Pathogenic; Pathogenic; Pathogenic	SNV	c.*135C>T							47691 / 49097025	0	0.3851	ONC
12	25225627		G	A	.	.	CSQ=A|missense_variant|MODERATE|KRAS|ENSG00000133703|Transcript|ENST00000256078|protein_coding|4/6||ENST00000256078.10:c.437C>T|ENSP00000256078.5:p.Ala146Val|627|437|146|A/V|gCa/gTa|rs1057519725&COSV55498939||-1||SNV|HGNC|HGNC:6407||1|A1|CCDS8703.1|ENSP00000256078|P01116.251|L7RSL8.77|UPI0000133132|P01116-1|NM_001369786.1&NM_033360.4|deleterious_low_confidence(0)||PDB-ENSP_mappings:3gft.A&PDB-ENSP_mappings:3gft.B&PDB-ENSP_mappings:3gft.C&PDB-ENSP_mappings:3gft.D&PDB-ENSP_mappings:3gft.E&PDB-ENSP_mappings:3gft.F&PDB-ENSP_mappings:4dsn.A&PDB-ENSP_mappings:4dso.A&PDB-ENSP_mappings:4dst.A&PDB-ENSP_mappings:4dsu.A&PDB-ENSP_mappings:4epr.A&PDB-ENSP_mappings:4ept.A&PDB-ENSP_mappings:4epv.A&PDB-ENSP_mappings:4epw.A&PDB-ENSP_mappings:4epx.A&PDB-ENSP_mappings:4epy.A&PDB-ENSP_mappings:4l8g.A&PDB-ENSP_mappings:4ldj.A&PDB-ENSP_mappings:4lpk.A&PDB-ENSP_mappings:4lpk.B&PDB-ENSP_mappings:4lrw.A&PDB-ENSP_mappings:4lrw.B&PDB-ENSP_mappings:4luc.A&PDB-ENSP_mappings:4luc.B&PDB-ENSP_mappings:4lv6.A&PDB-ENSP_mappings:4lv6.B&PDB-ENSP_mappings:4lyf.A&PDB-ENSP_mappings:4lyf.B&PDB-ENSP_mappings:4lyf.C&PDB-ENSP_mappings:4lyh.A&PDB-ENSP_mappings:4lyh.B&PDB-ENSP_mappings:4lyh.C&PDB-ENSP_mappings:4lyj.A&PDB-ENSP_mappings:4m1o.A&PDB-ENSP_mappings:4m1o.B&PDB-ENSP_mappings:4m1o.C&PDB-ENSP_mappings:4m1s.A&PDB-ENSP_mappings:4m1s.B&PDB-ENSP_mappings:4m1s.C&PDB-ENSP_mappings:4m1t.A&PDB-ENSP_mappings:4m1t.B&PDB-ENSP_mappings:4m1t.C&PDB-ENSP_mappings:4m1w.A&PDB-ENSP_mappings:4m1w.B&PDB-ENSP_mappings:4m1w.C&PDB-ENSP_mappings:4m1y.A&PDB-ENSP_mappings:4m1y.B&PDB-ENSP_mappings:4m1y.C&PDB-ENSP_mappings:4m21.A&PDB-ENSP_mappings:4m21.B&PDB-ENSP_mappings:4m21.C&PDB-ENSP_mappings:4m22.A&PDB-ENSP_mappings:4m22.B&PDB-ENSP_mappings:4m22.C&PDB-ENSP_mappings:4nmm.A&PDB-ENSP_mappings:4obe.A&PDB-ENSP_mappings:4obe.B&PDB-ENSP_mappings:4pzy.A&PDB-ENSP_mappings:4pzy.B&PDB-ENSP_mappings:4pzz.A&PDB-ENSP_mappings:4q01.A&PDB-ENSP_mappings:4q01.B&PDB-ENSP_mappings:4q02.A&PDB-ENSP_mappings:4q03.A&PDB-ENSP_mappings:4ql3.A&PDB-ENSP_mappings:4tq9.A&PDB-ENSP_mappings:4tq9.B&PDB-ENSP_mappings:4tqa.A&PDB-ENSP_mappings:4tqa.B&PDB-ENSP_mappings:4wa7.A&PDB-ENSP_mappings:5f2e.A&PDB-ENSP_mappings:5kyk.A&PDB-ENSP_mappings:5kyk.B&PDB-ENSP_mappings:5kyk.C&PDB-ENSP_mappings:5mla.A&PDB-ENSP_mappings:5mlb.A&PDB-ENSP_mappings:5mlb.C&PDB-ENSP_mappings:5mlb.E&PDB-ENSP_mappings:5mlb.G&PDB-ENSP_mappings:5o2s.A&PDB-ENSP_mappings:5o2s.C&PDB-ENSP_mappings:5o2s.E&PDB-ENSP_mappings:5o2s.G&PDB-ENSP_mappings:5o2t.A&PDB-ENSP_mappings:5ocg.A&PDB-ENSP_mappings:5oco.A&PDB-ENSP_mappings:5oco.B&PDB-ENSP_mappings:5oco.C&PDB-ENSP_mappings:5oco.D&PDB-ENSP_mappings:5oco.E&PDB-ENSP_mappings:5oco.F&PDB-ENSP_mappings:5oct.A&PDB-ENSP_mappings:5oct.B&PDB-ENSP_mappings:5oct.C&PDB-ENSP_mappings:5oct.D&PDB-ENSP_mappings:5oct.E&PDB-ENSP_mappings:5oct.F&PDB-ENSP_mappings:5tar.A&PDB-ENSP_mappings:5tb5.A&PDB-ENSP_mappings:5tb5.C&PDB-ENSP_mappings:5ufe.A&PDB-ENSP_mappings:5ufq.A&PDB-ENSP_mappings:5ufq.B&PDB-ENSP_mappings:5uk9.A&PDB-ENSP_mappings:5uk9.B&PDB-ENSP_mappings:5uqw.A&PDB-ENSP_mappings:5uqw.B&PDB-ENSP_mappings:5us4.A&PDB-ENSP_mappings:5us4.B&PDB-ENSP_mappings:5usj.A&PDB-ENSP_mappings:5usj.B&PDB-ENSP_mappings:5usj.C&PDB-ENSP_mappings:5usj.D&PDB-ENSP_mappings:5usj.E&PDB-ENSP_mappings:5usj.F&PDB-ENSP_mappings:5v6s.A&PDB-ENSP_mappings:5v6v.A&PDB-ENSP_mappings:5v6v.B&PDB-ENSP_mappings:5v71.A&PDB-ENSP_mappings:5v71.B&PDB-ENSP_mappings:5v71.C&PDB-ENSP_mappings:5v71.D&PDB-ENSP_mappings:5v71.E&PDB-ENSP_mappings:5v71.F&PDB-ENSP_mappings:5v9l.A&PDB-ENSP_mappings:5v9l.B&PDB-ENSP_mappings:5v9l.C&PDB-ENSP_mappings:5v9o.A&PDB-ENSP_mappings:5v9u.A&PDB-ENSP_mappings:5v9u.B&PDB-ENSP_mappings:5vbm.A&PDB-ENSP_mappings:5vp7.A&PDB-ENSP_mappings:5vp7.F&PDB-ENSP_mappings:5vpi.A&PDB-ENSP_mappings:5vpi.B&PDB-ENSP_mappings:5vpy.A&PDB-ENSP_mappings:5vpy.B&PDB-ENSP_mappings:5vpz.A&PDB-ENSP_mappings:5vpz.B&PDB-ENSP_mappings:5vq0.A&PDB-ENSP_mappings:5vq0.B&PDB-ENSP_mappings:5vq1.A&PDB-ENSP_mappings:5vq1.B&PDB-ENSP_mappings:5vq2.A&PDB-ENSP_mappings:5vq2.B&PDB-ENSP_mappings:5vq6.A&PDB-ENSP_mappings:5vq6.B&PDB-ENSP_mappings:5vq8.A&PDB-ENSP_mappings:5vq8.B&PDB-ENSP_mappings:5w22.A&PDB-ENSP_mappings:5w22.B&PDB-ENSP_mappings:5wha.A&PDB-ENSP_mappings:5wha.D&PDB-ENSP_mappings:5wha.G&PDB-ENSP_mappings:5wha.J&PDB-ENSP_mappings:5whb.A&PDB-ENSP_mappings:5whb.D&PDB-ENSP_mappings:5whb.G&PDB-ENSP_mappings:5whb.J&PDB-ENSP_mappings:5whd.A&PDB-ENSP_mappings:5whd.B&PDB-ENSP_mappings:5whd.C&PDB-ENSP_mappings:5whd.D&PDB-ENSP_mappings:5whe.A&PDB-ENSP_mappings:5whe.D&PDB-ENSP_mappings:5whe.G&PDB-ENSP_mappings:5whe.J&PDB-ENSP_mappings:5wlb.A&PDB-ENSP_mappings:5wlb.D&PDB-ENSP_mappings:5wpm.A&PDB-ENSP_mappings:5xco.A&PDB-ENSP_mappings:5yxz.A&PDB-ENSP_mappings:5yy1.A&PDB-ENSP_mappings:6ark.A&PDB-ENSP_mappings:6asa.A&PDB-ENSP_mappings:6ase.A&PDB-ENSP_mappings:6b0v.A&PDB-ENSP_mappings:6b0v.B&PDB-ENSP_mappings:6b0y.A&PDB-ENSP_mappings:6b0y.B&PDB-ENSP_mappings:6bof.A&PDB-ENSP_mappings:6bof.B&PDB-ENSP_mappings:6bp1.A&PDB-ENSP_mappings:6cc9.B&PDB-ENSP_mappings:6cch.B&PDB-ENSP_mappings:6ccx.B&PDB-ENSP_mappings:6cu6.A&PDB-ENSP_mappings:6cu6.B&PDB-ENSP_mappings:6cu6.C&PDB-ENSP_mappings:6e6f.A&PDB-ENSP_mappings:6e6f.B&PDB-ENSP_mappings:6e6g.A&PDB-ENSP_mappings:6epl.R&PDB-ENSP_mappings:6epm.R&PDB-ENSP_mappings:6epn.R&PDB-ENSP_mappings:6epo.R&PDB-ENSP_mappings:6epp.R&PDB-ENSP_mappings:6f76.A&PDB-ENSP_mappings:6f76.B&PDB-ENSP_mappings:6f76.C&PDB-ENSP_mappings:6f76.D&PDB-ENSP_mappings:6f76.E&PDB-ENSP_mappings:6f76.F&PDB-ENSP_mappings:6fa1.A&PDB-ENSP_mappings:6fa1.B&PDB-ENSP_mappings:6fa1.C&PDB-ENSP_mappings:6fa1.D&PDB-ENSP_mappings:6fa1.E&PDB-ENSP_mappings:6fa1.F&PDB-ENSP_mappings:6fa2.A&PDB-ENSP_mappings:6fa2.B&PDB-ENSP_mappings:6fa2.C&PDB-ENSP_mappings:6fa2.D&PDB-ENSP_mappings:6fa2.E&PDB-ENSP_mappings:6fa2.F&PDB-ENSP_mappings:6fa3.A&PDB-ENSP_mappings:6fa3.B&PDB-ENSP_mappings:6fa3.C&PDB-ENSP_mappings:6fa3.D&PDB-ENSP_mappings:6fa3.E&PDB-ENSP_mappings:6fa3.F&PDB-ENSP_mappings:6fa4.A&PDB-ENSP_mappings:6fa4.B&PDB-ENSP_mappings:6fa4.C&PDB-ENSP_mappings:6fa4.D&PDB-ENSP_mappings:6fa4.E&PDB-ENSP_mappings:6fa4.F&PDB-ENSP_mappings:6gj5.A&PDB-ENSP_mappings:6gj5.B&PDB-ENSP_mappings:6gj6.A&PDB-ENSP_mappings:6gj7.A&PDB-ENSP_mappings:6gj8.A&PDB-ENSP_mappings:6god.A&PDB-ENSP_mappings:6goe.A&PDB-ENSP_mappings:6gof.A&PDB-ENSP_mappings:6gog.A&PDB-ENSP_mappings:6gog.B&PDB-ENSP_mappings:6gog.C&PDB-ENSP_mappings:6gog.D&PDB-ENSP_mappings:6gog.E&PDB-ENSP_mappings:6gog.F&PDB-ENSP_mappings:6gom.A&PDB-ENSP_mappings:6gom.B&PDB-ENSP_mappings:6gom.C&PDB-ENSP_mappings:6gom.D&PDB-ENSP_mappings:6gom.E&PDB-ENSP_mappings:6gom.F&PDB-ENSP_mappings:6gqt.A&PDB-ENSP_mappings:6gqt.B&PDB-ENSP_mappings:6gqt.C&PDB-ENSP_mappings:6gqt.D&PDB-ENSP_mappings:6gqt.E&PDB-ENSP_mappings:6gqt.F&PDB-ENSP_mappings:6gqw.A&PDB-ENSP_mappings:6gqw.B&PDB-ENSP_mappings:6gqw.C&PDB-ENSP_mappings:6gqw.D&PDB-ENSP_mappings:6gqw.E&PDB-ENSP_mappings:6gqw.F&PDB-ENSP_mappings:6gqx.A&PDB-ENSP_mappings:6gqx.B&PDB-ENSP_mappings:6gqx.C&PDB-ENSP_mappings:6gqx.D&PDB-ENSP_mappings:6gqx.E&PDB-ENSP_mappings:6gqx.F&PDB-ENSP_mappings:6gqy.A&PDB-ENSP_mappings:6gqy.B&PDB-ENSP_mappings:6gqy.C&PDB-ENSP_mappings:6gqy.D&PDB-ENSP_mappings:6gqy.E&PDB-ENSP_mappings:6gqy.F&PDB-ENSP_mappings:6h46.A&PDB-ENSP_mappings:6h47.A&PDB-ENSP_mappings:6m9w.A&PDB-ENSP_mappings:6mbq.A&PDB-ENSP_mappings:6mbt.A&PDB-ENSP_mappings:6mbt.B&PDB-ENSP_mappings:6mbu.A&PDB-ENSP_mappings:6mbu.B&PDB-ENSP_mappings:6mnx.A&PDB-ENSP_mappings:6mnx.B&PDB-ENSP_mappings:6mnx.C&PDB-ENSP_mappings:6mnx.D&PDB-ENSP_mappings:6mnx.E&PDB-ENSP_mappings:6mnx.F&PDB-ENSP_mappings:6mqg.A&PDB-ENSP_mappings:6mqn.A&PDB-ENSP_mappings:6mqn.B&PDB-ENSP_mappings:6mqn.C&PDB-ENSP_mappings:6ms9.A&PDB-ENSP_mappings:6ms9.B&PDB-ENSP_mappings:6ms9.C&PDB-ENSP_mappings:6mta.A&PDB-ENSP_mappings:6mta.B&PDB-ENSP_mappings:6mta.C&PDB-ENSP_mappings:6n2j.A&PDB-ENSP_mappings:6n2k.A&PDB-ENSP_mappings:6o36.A&PDB-ENSP_mappings:6o36.B&PDB-ENSP_mappings:6o36.C&PDB-ENSP_mappings:6o46.A&PDB-ENSP_mappings:6o46.B&PDB-ENSP_mappings:6o46.C&PDB-ENSP_mappings:6ob2.A&PDB-ENSP_mappings:6ob2.C&PDB-ENSP_mappings:6ob3.A&PDB-ENSP_mappings:6ob3.C&PDB-ENSP_mappings:6oim.A&PDB-ENSP_mappings:6p0z.A&PDB-ENSP_mappings:6p0z.B&PDB-ENSP_mappings:6p8w.A&PDB-ENSP_mappings:6p8w.B&PDB-ENSP_mappings:6p8x.A&PDB-ENSP_mappings:6p8x.B&PDB-ENSP_mappings:6p8x.C&PDB-ENSP_mappings:6p8x.D&PDB-ENSP_mappings:6p8y.A&PDB-ENSP_mappings:6p8y.B&PDB-ENSP_mappings:6p8z.A&PDB-ENSP_mappings:6p8z.B&PDB-ENSP_mappings:6pgo.A&PDB-ENSP_mappings:6pgo.B&PDB-ENSP_mappings:6pgp.A&PDB-ENSP_mappings:6pgp.B&PDB-ENSP_mappings:6pq3.A&PDB-ENSP_mappings:6pts.B&PDB-ENSP_mappings:6ptw.B&PDB-ENSP_mappings:6quu.A&PDB-ENSP_mappings:6quu.B&PDB-ENSP_mappings:6quv.A&PDB-ENSP_mappings:6quv.B&PDB-ENSP_mappings:6quw.A&PDB-ENSP_mappings:6quw.B&PDB-ENSP_mappings:6qux.A&PDB-ENSP_mappings:6qux.B&PDB-ENSP_mappings:6t5b.A&PDB-ENSP_mappings:6t5u.B&PDB-ENSP_mappings:6t5v.A&PDB-ENSP_mappings:6tam.A&PDB-ENSP_mappings:6tan.A&PDB-ENSP_mappings:6usx.A&PDB-ENSP_mappings:6usx.B&PDB-ENSP_mappings:6usz.A&PDB-ENSP_mappings:6ut0.A&PDB-ENSP_mappings:6ut0.B&PDB-ENSP_mappings:6ut0.C&PDB-ENSP_mappings:6ut0.D&PDB-ENSP_mappings:6v5l.A&PDB-ENSP_mappings:6v65.C&PDB-ENSP_mappings:6v6f.C&PDB-ENSP_mappings:6vc8.A&PDB-ENSP_mappings:6vc8.B&PDB-ENSP_mappings:6vc8.C&PDB-ENSP_mappings:6vjj.A&PDB-ENSP_mappings:6w4e.B&PDB-ENSP_mappings:6w4e.C&PDB-ENSP_mappings:6w4f.B&PDB-ENSP_mappings:6w4f.C&PDB-ENSP_mappings:6wgn.A&PDB-ENSP_mappings:6wgn.B&PDB-ENSP_mappings:6wgn.C&PDB-ENSP_mappings:6ws2.A&PDB-ENSP_mappings:6ws2.B&PDB-ENSP_mappings:6ws2.C&PDB-ENSP_mappings:6ws2.D&PDB-ENSP_mappings:6ws4.A&PDB-ENSP_mappings:6ws4.B&PDB-ENSP_mappings:6ws4.C&PDB-ENSP_mappings:6ws4.D&PDB-ENSP_mappings:6xgu.A&PDB-ENSP_mappings:6xgv.A&PDB-ENSP_mappings:6xhb.A&PDB-ENSP_mappings:6yr8.A&PDB-ENSP_mappings:6yxw.A&PDB-ENSP_mappings:6yxw.C&PDB-ENSP_mappings:6zl5.A&PDB-ENSP_mappings:6zli.A&PDB-ENSP_mappings:6zli.B&PDB-ENSP_mappings:7a1w.A&PDB-ENSP_mappings:7a1x.A&PDB-ENSP_mappings:7a1y.A&PDB-ENSP_mappings:7a47.A&PDB-ENSP_mappings:7a47.C&PDB-ENSP_mappings:7a47.E&PDB-ENSP_mappings:7aca.A&PDB-ENSP_mappings:7aca.B&PDB-ENSP_mappings:7aca.C&PDB-ENSP_mappings:7aca.D&PDB-ENSP_mappings:7acf.A&PDB-ENSP_mappings:7acf.B&PDB-ENSP_mappings:7acf.C&PDB-ENSP_mappings:7acf.D&PDB-ENSP_mappings:7ach.A&PDB-ENSP_mappings:7ach.B&PDB-ENSP_mappings:7acq.A&PDB-ENSP_mappings:7acq.B&PDB-ENSP_mappings:7acq.C&PDB-ENSP_mappings:7c40.A&PDB-ENSP_mappings:7c41.A&PDB-ENSP_mappings:7c41.G&PDB-ENSP_mappings:7c41.J&PDB-ENSP_mappings:7c41.M&PDB-ENSP_mappings:7ew9.A&PDB-ENSP_mappings:7ew9.B&PDB-ENSP_mappings:7ew9.C&PDB-ENSP_mappings:7ewa.A&PDB-ENSP_mappings:7ewa.B&PDB-ENSP_mappings:7ewa.C&PDB-ENSP_mappings:7ewb.A&PDB-ENSP_mappings:7ewb.B&PDB-ENSP_mappings:7ewb.C&PDB-ENSP_mappings:7eyx.A&PDB-ENSP_mappings:7f0w.A&PDB-ENSP_mappings:7kfz.A&PDB-ENSP_mappings:7kfz.C&PDB-ENSP_mappings:7kmr.A&PDB-ENSP_mappings:7kyz.A&PDB-ENSP_mappings:7lc1.A&PDB-ENSP_mappings:7lc1.C&PDB-ENSP_mappings:7lc2.A&PDB-ENSP_mappings:7lc2.B&PDB-ENSP_mappings:7lgi.A&PDB-ENSP_mappings:7mqu.A&PDB-ENSP_mappings:7ny8.A&PDB-ENSP_mappings:7ny8.B&PDB-ENSP_mappings:7o70.A&PDB-ENSP_mappings:7o70.D&PDB-ENSP_mappings:7oo7.A&PDB-ENSP_mappings:7oo7.D&PDB-ENSP_mappings:7r0m.A&PDB-ENSP_mappings:7r0m.B&PDB-ENSP_mappings:7r0n.A&PDB-ENSP_mappings:7r0q.A&PDB-ENSP_mappings:7r0q.B&PDB-ENSP_mappings:7rov.A&PDB-ENSP_mappings:7rov.B&PDB-ENSP_mappings:7rp2.A&PDB-ENSP_mappings:7rp4.A&PDB-ENSP_mappings:7rp4.B&PDB-ENSP_mappings:7rpz.A&PDB-ENSP_mappings:7rsc.A&PDB-ENSP_mappings:7rsc.B&PDB-ENSP_mappings:7rse.A&PDB-ENSP_mappings:7rse.B&PDB-ENSP_mappings:7rt1.A&PDB-ENSP_mappings:7rt2.A&PDB-ENSP_mappings:7rt3.A&PDB-ENSP_mappings:7rt4.A&PDB-ENSP_mappings:7rt5.A&PDB-ENSP_mappings:7scw.A&PDB-ENSP_mappings:7scx.A&PDB-ENSP_mappings:7t47.A&PDB-ENSP_mappings:7tle.A&PDB-ENSP_mappings:7tlg.A&PDB-ENSP_mappings:7tlg.B&PDB-ENSP_mappings:7tlk.A&PDB-ENSP_mappings:7tlk.B&PDB-ENSP_mappings:7vvb.A&PDB-ENSP_mappings:8dni.A&PROSITE_profiles:PS51420&PROSITE_profiles:PS51421&PROSITE_profiles:PS51419&CDD:cd04138&PANTHER:PTHR24070&PANTHER:PTHR24070:SF388&Gene3D:3.40.50.300&TIGRFAM:TIGR00231&Pfam:PF00071&SMART:SM00173&SMART:SM00176&SMART:SM00175&SMART:SM00174&Superfamily:SSF52540&Prints:PR00449&AFDB-ENSP_mappings:AF-P01116-F1.A|||||||||||||||||not_provided&pathogenic|0&1|1&1||||||32|4.792440,A|missense_variant|MODERATE|KRAS|ENSG00000133703|Transcript|ENST00000311936|protein_coding|4/5||ENST00000311936.8:c.437C>T|ENSP00000308495.3:p.Ala146Val|627|437|146|A/V|gCa/gTa|rs1057519725&COSV55498939||-1||SNV|HGNC|HGNC:6407|YES|1|P3|CCDS8702.1|ENSP00000308495|P01116.251|A0A024RAV5.54|UPI0000001252|P01116-2|NM_004985.5|deleterious_low_confidence(0)||Gene3D:3.40.50.300&PDB-ENSP_mappings:6xha.A&PDB-ENSP_mappings:6xi7.A&PDB-ENSP_mappings:7lz5.A&PDB-ENSP_mappings:7mdp.A&PDB-ENSP_mappings:7ok3.A&PDB-ENSP_mappings:7ok4.A&PDB-ENSP_mappings:7q9u.AAA&PDB-ENSP_mappings:7q9u.BBB&PDB-ENSP_mappings:7rp3.A&PDB-ENSP_mappings:7ycc.A&PDB-ENSP_mappings:7ycc.B&PDB-ENSP_mappings:7ycc.C&PDB-ENSP_mappings:7yce.A&PDB-ENSP_mappings:8dnj.A&PDB-ENSP_mappings:8dnj.B&PDB-ENSP_mappings:8dnj.C&PDB-ENSP_mappings:8dnk.A&Pfam:PF00071&Prints:PR00449&PROSITE_profiles:PS51419&PROSITE_profiles:PS51420&PROSITE_profiles:PS51421&PANTHER:PTHR24070&PANTHER:PTHR24070:SF388&SMART:SM00173&SMART:SM00174&SMART:SM00175&Superfamily:SSF52540&TIGRFAM:TIGR00231&CDD:cd04138|||||||||||||||||not_provided&pathogenic|0&1|1&1||||||32|4.792440,A|intron_variant|MODIFIER|KRAS|ENSG00000133703|Transcript|ENST00000557334|protein_coding||2/2|ENST00000557334.6:c.112-15716C>T|||||||rs1057519725&COSV55498939||-1||SNV|HGNC|HGNC:6407||5|||ENSP00000452512||G3V5T7.63|UPI00021CF477||||||||||||||||||||||not_provided&pathogenic|0&1|1&1||||||32|4.792440,A|non_coding_transcript_exon_variant|MODIFIER||ENSG00000275197|Transcript|ENST00000620933|lncRNA|1/1||ENST00000620933.1:n.525G>A||525|||||rs1057519725&COSV55498939||1||SNV|||YES|||||||||||||||||||||||||||||not_provided&pathogenic|0&1|1&1||||||32|4.792440,A|missense_variant|MODERATE|KRAS|ENSG00000133703|Transcript|ENST00000685328|protein_coding|4/5||ENST00000685328.1:c.437C>T|ENSP00000508921.1:p.Ala146Val|620|437|146|A/V|gCa/gTa|rs1057519725&COSV55498939||-1||SNV|HGNC|HGNC:6407|||P3|CCDS8702.1|ENSP00000508921|P01116.251|A0A024RAV5.54|UPI0000001252|P01116-2|NM_001369787.1|deleterious_low_confidence(0)||Gene3D:3.40.50.300&PDB-ENSP_mappings:6xha.A&PDB-ENSP_mappings:6xi7.A&PDB-ENSP_mappings:7lz5.A&PDB-ENSP_mappings:7mdp.A&PDB-ENSP_mappings:7ok3.A&PDB-ENSP_mappings:7ok4.A&PDB-ENSP_mappings:7q9u.AAA&PDB-ENSP_mappings:7q9u.BBB&PDB-ENSP_mappings:7rp3.A&PDB-ENSP_mappings:7ycc.A&PDB-ENSP_mappings:7ycc.B&PDB-ENSP_mappings:7ycc.C&PDB-ENSP_mappings:7yce.A&PDB-ENSP_mappings:8dnj.A&PDB-ENSP_mappings:8dnj.B&PDB-ENSP_mappings:8dnj.C&PDB-ENSP_mappings:8dnk.A&Pfam:PF00071&Prints:PR00449&PROSITE_profiles:PS51419&PROSITE_profiles:PS51420&PROSITE_profiles:PS51421&PANTHER:PTHR24070&PANTHER:PTHR24070:SF388&SMART:SM00173&SMART:SM00174&SMART:SM00175&Superfamily:SSF52540&TIGRFAM:TIGR00231&CDD:cd04138|||||||||||||||||not_provided&pathogenic|0&1|1&1||||||32|4.792440,A|3_prime_UTR_variant&NMD_transcript_variant|MODIFIER|KRAS|ENSG00000133703|Transcript|ENST00000686877|nonsense_mediated_decay|5/6||ENST00000686877.1:c.*408C>T||745|||||rs1057519725&COSV55498939||-1||SNV|HGNC|HGNC:6407|||||ENSP00000510431||A0A8I5KR86.2|UPI001E2497D5||||||||||||||||||||||not_provided&pathogenic|0&1|1&1||||||32|4.792440,A|3_prime_UTR_variant&NMD_transcript_variant|MODIFIER|KRAS|ENSG00000133703|Transcript|ENST00000687356|nonsense_mediated_decay|3/4||ENST00000687356.1:c.*135C>T||446|||||rs1057519725&COSV55498939||-1||SNV|HGNC|HGNC:6407|||||ENSP00000510511||A0A8I5KXN3.2|UPI00015AA4A0||||||||||||||||||||||not_provided&pathogenic|0&1|1&1||||||32|4.792440,A|non_coding_transcript_exon_variant|MODIFIER|KRAS|ENSG00000133703|Transcript|ENST00000688228|retained_intron|2/3||ENST00000688228.1:n.911C>T||911|||||rs1057519725&COSV55498939||-1||SNV|HGNC|HGNC:6407||||||||||||||||||||||||||||||not_provided&pathogenic|0&1|1&1||||||32|4.792440,A|missense_variant|MODERATE|KRAS|ENSG00000133703|Transcript|ENST00000688940|protein_coding|4/5||ENST00000688940.1:c.437C>T|ENSP00000509238.1:p.Ala146Val|638|437|146|A/V|gCa/gTa|rs1057519725&COSV55498939||-1||SNV|HGNC|HGNC:6407|||P3|CCDS8702.1|ENSP00000509238|P01116.251|A0A024RAV5.54|UPI0000001252|P01116-2||deleterious_low_confidence(0)||Gene3D:3.40.50.300&PDB-ENSP_mappings:6xha.A&PDB-ENSP_mappings:6xi7.A&PDB-ENSP_mappings:7lz5.A&PDB-ENSP_mappings:7mdp.A&PDB-ENSP_mappings:7ok3.A&PDB-ENSP_mappings:7ok4.A&PDB-ENSP_mappings:7q9u.AAA&PDB-ENSP_mappings:7q9u.BBB&PDB-ENSP_mappings:7rp3.A&PDB-ENSP_mappings:7ycc.A&PDB-ENSP_mappings:7ycc.B&PDB-ENSP_mappings:7ycc.C&PDB-ENSP_mappings:7yce.A&PDB-ENSP_mappings:8dnj.A&PDB-ENSP_mappings:8dnj.B&PDB-ENSP_mappings:8dnj.C&PDB-ENSP_mappings:8dnk.A&Pfam:PF00071&Prints:PR00449&PROSITE_profiles:PS51419&PROSITE_profiles:PS51420&PROSITE_profiles:PS51421&PANTHER:PTHR24070&PANTHER:PTHR24070:SF388&SMART:SM00173&SMART:SM00174&SMART:SM00175&Superfamily:SSF52540&TIGRFAM:TIGR00231&CDD:cd04138|||||||||||||||||not_provided&pathogenic|0&1|1&1||||||32|4.792440,A|missense_variant&NMD_transcript_variant|MODERATE|KRAS|ENSG00000133703|Transcript|ENST00000690406|nonsense_mediated_decay|1/3||ENST00000690406.1:c.149C>T|ENSP00000509798.1:p.Ala50Val|147|149|50|A/V|gCa/gTa|rs1057519725&COSV55498939||-1|cds_start_NF|SNV|HGNC|HGNC:6407|||||ENSP00000509798||A0A8I5KYH6.2&A0A221ZRZ5.11|UPI000B8D9C09|||deleterious_low_confidence(0)|probably_damaging(0.985)||||||||||||||||||not_provided&pathogenic|0&1|1&1||||||32|4.792440,A|3_prime_UTR_variant&NMD_transcript_variant|MODIFIER|KRAS|ENSG00000133703|Transcript|ENST00000690804|nonsense_mediated_decay|5/6||ENST00000690804.1:c.*398C>T||744|||||rs1057519725&COSV55498939||-1||SNV|HGNC|HGNC:6407|||||ENSP00000508568||A0A8I5KQU3.2|UPI001E249B21||||||||||||||||||||||not_provided&pathogenic|0&1|1&1||||||32|4.792440,A|missense_variant|MODERATE|KRAS|ENSG00000133703|Transcript|ENST00000692768|protein_coding|3/4||ENST00000692768.1:c.239C>T|ENSP00000510254.1:p.Ala80Val|493|239|80|A/V|gCa/gTa|rs1057519725&COSV55498939||-1||SNV|HGNC|HGNC:6407|||||ENSP00000510254||A0A8I5KUB5.2|UPI001E24C9F0|||deleterious_low_confidence(0)||Gene3D:3.40.50.300&Pfam:PF00071&Prints:PR00449&PROSITE_profiles:PS51419&PROSITE_profiles:PS51421&PANTHER:PTHR24070&PANTHER:PTHR24070:SF388&SMART:SM00173&SMART:SM00174&SMART:SM00175&Superfamily:SSF52540&TIGRFAM:TIGR00231|||||||||||||||||not_provided&pathogenic|0&1|1&1||||||32|4.792440,A|missense_variant|MODERATE|KRAS|ENSG00000133703|Transcript|ENST00000693229|protein_coding|4/5||ENST00000693229.1:c.362C>T|ENSP00000509223.1:p.Ala121Val|522|362|121|A/V|gCa/gTa|rs1057519725&COSV55498939||-1||SNV|HGNC|HGNC:6407|||||ENSP00000509223||A0A8I5KQ21.2|UPI001E2444E0|||deleterious_low_confidence(0)|probably_damaging(0.982)|Gene3D:3.40.50.300&Pfam:PF00071&PROSITE_profiles:PS51419&PROSITE_profiles:PS51421&PANTHER:PTHR24070&PANTHER:PTHR24070:SF388&SMART:SM00173&SMART:SM00174&SMART:SM00175&Superfamily:SSF52540&TIGRFAM:TIGR00231|||||||||||||||||not_provided&pathogenic|0&1|1&1||||||32|4.792440	GT:AD:DP	0/1:149,9:.	G/A	12:25225627	A	ENSG00000133703	ENST00000688228	Transcript	non_coding_transcript_exon_variant	MODIFIER	911					rs1057519725,COSV55498939							32	4.792440	KRAS	CGC:ONC; OncoKB:ONC; 2020Rule:ONC; CTAT:ONC; Oncogene:ONC		EGFR tyrosine kinase inhibitor resistance|Endocrine resistance|MAPK signaling pathway|ErbB signaling pathway|Ras signaling pathway|Rap1 signaling pathway|Chemokine signaling pathway|FoxO signaling pathway|Sphingolipid signaling pathway|Phospholipase D signaling pathway|Mitophagy - animal|Autophagy - animal|mTOR signaling pathway|PI3K-Akt signaling pathway|Apoptosis|Longevity regulating pathway|Longevity regulating pathway - multiple species|Cellular senescence|Axon guidance|VEGF signaling pathway|Apelin signaling pathway|Gap junction|Signaling pathways regulating pluripotency of stem cells|C-type lectin receptor signaling pathway|Natural killer cell mediated cytotoxicity|T cell receptor signaling pathway|B cell receptor signaling pathway|Fc epsilon RI signaling pathway|Thermogenesis|Long-term potentiation|Neurotrophin signaling pathway|Cholinergic synapse|Serotonergic synapse|Long-term depression|Regulation of actin cytoskeleton|Insulin signaling pathway|GnRH signaling pathway|Progesterone-mediated oocyte maturation|Estrogen signaling pathway|Melanogenesis|Prolactin signaling pathway|Thyroid hormone signaling pathway|Oxytocin signaling pathway|Relaxin signaling pathway|GnRH secretion|AGE-RAGE signaling pathway in diabetic complications|Growth hormone synthesis, secretion and action|Aldosterone-regulated sodium reabsorption|Alzheimer disease|Pathways of neurodegeneration - multiple diseases|Alcoholism|Hepatitis C|Hepatitis B|Human cytomegalovirus infection|Human papillomavirus infection|Human T-cell leukemia virus 1 infection|Kaposi sarcoma-associated herpesvirus infection|Human immunodeficiency virus 1 infection|Pathways in cancer|Viral carcinogenesis|Proteoglycans in cancer|MicroRNAs in cancer|Chemical carcinogenesis - receptor activation|Chemical carcinogenesis - reactive oxygen species|Colorectal cancer|Renal cell carcinoma|Pancreatic cancer|Endometrial cancer|Glioma|Prostate cancer|Thyroid cancer|Melanoma|Bladder cancer|Chronic myeloid leukemia|Acute myeloid leukemia|Non-small cell lung cancer|Breast cancer|Hepatocellular carcinoma|Gastric cancer|Central carbon metabolism in cancer|Choline metabolism in cancer|PD-L1 expression and PD-1 checkpoint pathway in cancer|Lipid and atherosclerosis	hsa01521|hsa01522|hsa04010|hsa04012|hsa04014|hsa04015|hsa04062|hsa04068|hsa04071|hsa04072|hsa04137|hsa04140|hsa04150|hsa04151|hsa04210|hsa04211|hsa04213|hsa04218|hsa04360|hsa04370|hsa04371|hsa04540|hsa04550|hsa04625|hsa04650|hsa04660|hsa04662|hsa04664|hsa04714|hsa04720|hsa04722|hsa04725|hsa04726|hsa04730|hsa04810|hsa04910|hsa04912|hsa04914|hsa04915|hsa04916|hsa04917|hsa04919|hsa04921|hsa04926|hsa04929|hsa04933|hsa04935|hsa04960|hsa05010|hsa05022|hsa05034|hsa05160|hsa05161|hsa05163|hsa05165|hsa05166|hsa05167|hsa05170|hsa05200|hsa05203|hsa05205|hsa05206|hsa05207|hsa05208|hsa05210|hsa05211|hsa05212|hsa05213|hsa05214|hsa05215|hsa05216|hsa05218|hsa05219|hsa05220|hsa05221|hsa05223|hsa05224|hsa05225|hsa05226|hsa05230|hsa05231|hsa05235|hsa05417	RCV000423608; RCV000434735; RCV000441300; RCV000791299	Non-small cell lung carcinoma; Neoplasm of the thyroid gland; Neoplasm of the large intestine; OCULOECTODERMAL SYNDROME, SOMATIC	not provided; Pathogenic; Pathogenic; Pathogenic	SNV	n.911C>T							47691 / 49097025	0	0.3851	ONC
12	25225627		G	A	.	.	CSQ=A|missense_variant|MODERATE|KRAS|ENSG00000133703|Transcript|ENST00000256078|protein_coding|4/6||ENST00000256078.10:c.437C>T|ENSP00000256078.5:p.Ala146Val|627|437|146|A/V|gCa/gTa|rs1057519725&COSV55498939||-1||SNV|HGNC|HGNC:6407||1|A1|CCDS8703.1|ENSP00000256078|P01116.251|L7RSL8.77|UPI0000133132|P01116-1|NM_001369786.1&NM_033360.4|deleterious_low_confidence(0)||PDB-ENSP_mappings:3gft.A&PDB-ENSP_mappings:3gft.B&PDB-ENSP_mappings:3gft.C&PDB-ENSP_mappings:3gft.D&PDB-ENSP_mappings:3gft.E&PDB-ENSP_mappings:3gft.F&PDB-ENSP_mappings:4dsn.A&PDB-ENSP_mappings:4dso.A&PDB-ENSP_mappings:4dst.A&PDB-ENSP_mappings:4dsu.A&PDB-ENSP_mappings:4epr.A&PDB-ENSP_mappings:4ept.A&PDB-ENSP_mappings:4epv.A&PDB-ENSP_mappings:4epw.A&PDB-ENSP_mappings:4epx.A&PDB-ENSP_mappings:4epy.A&PDB-ENSP_mappings:4l8g.A&PDB-ENSP_mappings:4ldj.A&PDB-ENSP_mappings:4lpk.A&PDB-ENSP_mappings:4lpk.B&PDB-ENSP_mappings:4lrw.A&PDB-ENSP_mappings:4lrw.B&PDB-ENSP_mappings:4luc.A&PDB-ENSP_mappings:4luc.B&PDB-ENSP_mappings:4lv6.A&PDB-ENSP_mappings:4lv6.B&PDB-ENSP_mappings:4lyf.A&PDB-ENSP_mappings:4lyf.B&PDB-ENSP_mappings:4lyf.C&PDB-ENSP_mappings:4lyh.A&PDB-ENSP_mappings:4lyh.B&PDB-ENSP_mappings:4lyh.C&PDB-ENSP_mappings:4lyj.A&PDB-ENSP_mappings:4m1o.A&PDB-ENSP_mappings:4m1o.B&PDB-ENSP_mappings:4m1o.C&PDB-ENSP_mappings:4m1s.A&PDB-ENSP_mappings:4m1s.B&PDB-ENSP_mappings:4m1s.C&PDB-ENSP_mappings:4m1t.A&PDB-ENSP_mappings:4m1t.B&PDB-ENSP_mappings:4m1t.C&PDB-ENSP_mappings:4m1w.A&PDB-ENSP_mappings:4m1w.B&PDB-ENSP_mappings:4m1w.C&PDB-ENSP_mappings:4m1y.A&PDB-ENSP_mappings:4m1y.B&PDB-ENSP_mappings:4m1y.C&PDB-ENSP_mappings:4m21.A&PDB-ENSP_mappings:4m21.B&PDB-ENSP_mappings:4m21.C&PDB-ENSP_mappings:4m22.A&PDB-ENSP_mappings:4m22.B&PDB-ENSP_mappings:4m22.C&PDB-ENSP_mappings:4nmm.A&PDB-ENSP_mappings:4obe.A&PDB-ENSP_mappings:4obe.B&PDB-ENSP_mappings:4pzy.A&PDB-ENSP_mappings:4pzy.B&PDB-ENSP_mappings:4pzz.A&PDB-ENSP_mappings:4q01.A&PDB-ENSP_mappings:4q01.B&PDB-ENSP_mappings:4q02.A&PDB-ENSP_mappings:4q03.A&PDB-ENSP_mappings:4ql3.A&PDB-ENSP_mappings:4tq9.A&PDB-ENSP_mappings:4tq9.B&PDB-ENSP_mappings:4tqa.A&PDB-ENSP_mappings:4tqa.B&PDB-ENSP_mappings:4wa7.A&PDB-ENSP_mappings:5f2e.A&PDB-ENSP_mappings:5kyk.A&PDB-ENSP_mappings:5kyk.B&PDB-ENSP_mappings:5kyk.C&PDB-ENSP_mappings:5mla.A&PDB-ENSP_mappings:5mlb.A&PDB-ENSP_mappings:5mlb.C&PDB-ENSP_mappings:5mlb.E&PDB-ENSP_mappings:5mlb.G&PDB-ENSP_mappings:5o2s.A&PDB-ENSP_mappings:5o2s.C&PDB-ENSP_mappings:5o2s.E&PDB-ENSP_mappings:5o2s.G&PDB-ENSP_mappings:5o2t.A&PDB-ENSP_mappings:5ocg.A&PDB-ENSP_mappings:5oco.A&PDB-ENSP_mappings:5oco.B&PDB-ENSP_mappings:5oco.C&PDB-ENSP_mappings:5oco.D&PDB-ENSP_mappings:5oco.E&PDB-ENSP_mappings:5oco.F&PDB-ENSP_mappings:5oct.A&PDB-ENSP_mappings:5oct.B&PDB-ENSP_mappings:5oct.C&PDB-ENSP_mappings:5oct.D&PDB-ENSP_mappings:5oct.E&PDB-ENSP_mappings:5oct.F&PDB-ENSP_mappings:5tar.A&PDB-ENSP_mappings:5tb5.A&PDB-ENSP_mappings:5tb5.C&PDB-ENSP_mappings:5ufe.A&PDB-ENSP_mappings:5ufq.A&PDB-ENSP_mappings:5ufq.B&PDB-ENSP_mappings:5uk9.A&PDB-ENSP_mappings:5uk9.B&PDB-ENSP_mappings:5uqw.A&PDB-ENSP_mappings:5uqw.B&PDB-ENSP_mappings:5us4.A&PDB-ENSP_mappings:5us4.B&PDB-ENSP_mappings:5usj.A&PDB-ENSP_mappings:5usj.B&PDB-ENSP_mappings:5usj.C&PDB-ENSP_mappings:5usj.D&PDB-ENSP_mappings:5usj.E&PDB-ENSP_mappings:5usj.F&PDB-ENSP_mappings:5v6s.A&PDB-ENSP_mappings:5v6v.A&PDB-ENSP_mappings:5v6v.B&PDB-ENSP_mappings:5v71.A&PDB-ENSP_mappings:5v71.B&PDB-ENSP_mappings:5v71.C&PDB-ENSP_mappings:5v71.D&PDB-ENSP_mappings:5v71.E&PDB-ENSP_mappings:5v71.F&PDB-ENSP_mappings:5v9l.A&PDB-ENSP_mappings:5v9l.B&PDB-ENSP_mappings:5v9l.C&PDB-ENSP_mappings:5v9o.A&PDB-ENSP_mappings:5v9u.A&PDB-ENSP_mappings:5v9u.B&PDB-ENSP_mappings:5vbm.A&PDB-ENSP_mappings:5vp7.A&PDB-ENSP_mappings:5vp7.F&PDB-ENSP_mappings:5vpi.A&PDB-ENSP_mappings:5vpi.B&PDB-ENSP_mappings:5vpy.A&PDB-ENSP_mappings:5vpy.B&PDB-ENSP_mappings:5vpz.A&PDB-ENSP_mappings:5vpz.B&PDB-ENSP_mappings:5vq0.A&PDB-ENSP_mappings:5vq0.B&PDB-ENSP_mappings:5vq1.A&PDB-ENSP_mappings:5vq1.B&PDB-ENSP_mappings:5vq2.A&PDB-ENSP_mappings:5vq2.B&PDB-ENSP_mappings:5vq6.A&PDB-ENSP_mappings:5vq6.B&PDB-ENSP_mappings:5vq8.A&PDB-ENSP_mappings:5vq8.B&PDB-ENSP_mappings:5w22.A&PDB-ENSP_mappings:5w22.B&PDB-ENSP_mappings:5wha.A&PDB-ENSP_mappings:5wha.D&PDB-ENSP_mappings:5wha.G&PDB-ENSP_mappings:5wha.J&PDB-ENSP_mappings:5whb.A&PDB-ENSP_mappings:5whb.D&PDB-ENSP_mappings:5whb.G&PDB-ENSP_mappings:5whb.J&PDB-ENSP_mappings:5whd.A&PDB-ENSP_mappings:5whd.B&PDB-ENSP_mappings:5whd.C&PDB-ENSP_mappings:5whd.D&PDB-ENSP_mappings:5whe.A&PDB-ENSP_mappings:5whe.D&PDB-ENSP_mappings:5whe.G&PDB-ENSP_mappings:5whe.J&PDB-ENSP_mappings:5wlb.A&PDB-ENSP_mappings:5wlb.D&PDB-ENSP_mappings:5wpm.A&PDB-ENSP_mappings:5xco.A&PDB-ENSP_mappings:5yxz.A&PDB-ENSP_mappings:5yy1.A&PDB-ENSP_mappings:6ark.A&PDB-ENSP_mappings:6asa.A&PDB-ENSP_mappings:6ase.A&PDB-ENSP_mappings:6b0v.A&PDB-ENSP_mappings:6b0v.B&PDB-ENSP_mappings:6b0y.A&PDB-ENSP_mappings:6b0y.B&PDB-ENSP_mappings:6bof.A&PDB-ENSP_mappings:6bof.B&PDB-ENSP_mappings:6bp1.A&PDB-ENSP_mappings:6cc9.B&PDB-ENSP_mappings:6cch.B&PDB-ENSP_mappings:6ccx.B&PDB-ENSP_mappings:6cu6.A&PDB-ENSP_mappings:6cu6.B&PDB-ENSP_mappings:6cu6.C&PDB-ENSP_mappings:6e6f.A&PDB-ENSP_mappings:6e6f.B&PDB-ENSP_mappings:6e6g.A&PDB-ENSP_mappings:6epl.R&PDB-ENSP_mappings:6epm.R&PDB-ENSP_mappings:6epn.R&PDB-ENSP_mappings:6epo.R&PDB-ENSP_mappings:6epp.R&PDB-ENSP_mappings:6f76.A&PDB-ENSP_mappings:6f76.B&PDB-ENSP_mappings:6f76.C&PDB-ENSP_mappings:6f76.D&PDB-ENSP_mappings:6f76.E&PDB-ENSP_mappings:6f76.F&PDB-ENSP_mappings:6fa1.A&PDB-ENSP_mappings:6fa1.B&PDB-ENSP_mappings:6fa1.C&PDB-ENSP_mappings:6fa1.D&PDB-ENSP_mappings:6fa1.E&PDB-ENSP_mappings:6fa1.F&PDB-ENSP_mappings:6fa2.A&PDB-ENSP_mappings:6fa2.B&PDB-ENSP_mappings:6fa2.C&PDB-ENSP_mappings:6fa2.D&PDB-ENSP_mappings:6fa2.E&PDB-ENSP_mappings:6fa2.F&PDB-ENSP_mappings:6fa3.A&PDB-ENSP_mappings:6fa3.B&PDB-ENSP_mappings:6fa3.C&PDB-ENSP_mappings:6fa3.D&PDB-ENSP_mappings:6fa3.E&PDB-ENSP_mappings:6fa3.F&PDB-ENSP_mappings:6fa4.A&PDB-ENSP_mappings:6fa4.B&PDB-ENSP_mappings:6fa4.C&PDB-ENSP_mappings:6fa4.D&PDB-ENSP_mappings:6fa4.E&PDB-ENSP_mappings:6fa4.F&PDB-ENSP_mappings:6gj5.A&PDB-ENSP_mappings:6gj5.B&PDB-ENSP_mappings:6gj6.A&PDB-ENSP_mappings:6gj7.A&PDB-ENSP_mappings:6gj8.A&PDB-ENSP_mappings:6god.A&PDB-ENSP_mappings:6goe.A&PDB-ENSP_mappings:6gof.A&PDB-ENSP_mappings:6gog.A&PDB-ENSP_mappings:6gog.B&PDB-ENSP_mappings:6gog.C&PDB-ENSP_mappings:6gog.D&PDB-ENSP_mappings:6gog.E&PDB-ENSP_mappings:6gog.F&PDB-ENSP_mappings:6gom.A&PDB-ENSP_mappings:6gom.B&PDB-ENSP_mappings:6gom.C&PDB-ENSP_mappings:6gom.D&PDB-ENSP_mappings:6gom.E&PDB-ENSP_mappings:6gom.F&PDB-ENSP_mappings:6gqt.A&PDB-ENSP_mappings:6gqt.B&PDB-ENSP_mappings:6gqt.C&PDB-ENSP_mappings:6gqt.D&PDB-ENSP_mappings:6gqt.E&PDB-ENSP_mappings:6gqt.F&PDB-ENSP_mappings:6gqw.A&PDB-ENSP_mappings:6gqw.B&PDB-ENSP_mappings:6gqw.C&PDB-ENSP_mappings:6gqw.D&PDB-ENSP_mappings:6gqw.E&PDB-ENSP_mappings:6gqw.F&PDB-ENSP_mappings:6gqx.A&PDB-ENSP_mappings:6gqx.B&PDB-ENSP_mappings:6gqx.C&PDB-ENSP_mappings:6gqx.D&PDB-ENSP_mappings:6gqx.E&PDB-ENSP_mappings:6gqx.F&PDB-ENSP_mappings:6gqy.A&PDB-ENSP_mappings:6gqy.B&PDB-ENSP_mappings:6gqy.C&PDB-ENSP_mappings:6gqy.D&PDB-ENSP_mappings:6gqy.E&PDB-ENSP_mappings:6gqy.F&PDB-ENSP_mappings:6h46.A&PDB-ENSP_mappings:6h47.A&PDB-ENSP_mappings:6m9w.A&PDB-ENSP_mappings:6mbq.A&PDB-ENSP_mappings:6mbt.A&PDB-ENSP_mappings:6mbt.B&PDB-ENSP_mappings:6mbu.A&PDB-ENSP_mappings:6mbu.B&PDB-ENSP_mappings:6mnx.A&PDB-ENSP_mappings:6mnx.B&PDB-ENSP_mappings:6mnx.C&PDB-ENSP_mappings:6mnx.D&PDB-ENSP_mappings:6mnx.E&PDB-ENSP_mappings:6mnx.F&PDB-ENSP_mappings:6mqg.A&PDB-ENSP_mappings:6mqn.A&PDB-ENSP_mappings:6mqn.B&PDB-ENSP_mappings:6mqn.C&PDB-ENSP_mappings:6ms9.A&PDB-ENSP_mappings:6ms9.B&PDB-ENSP_mappings:6ms9.C&PDB-ENSP_mappings:6mta.A&PDB-ENSP_mappings:6mta.B&PDB-ENSP_mappings:6mta.C&PDB-ENSP_mappings:6n2j.A&PDB-ENSP_mappings:6n2k.A&PDB-ENSP_mappings:6o36.A&PDB-ENSP_mappings:6o36.B&PDB-ENSP_mappings:6o36.C&PDB-ENSP_mappings:6o46.A&PDB-ENSP_mappings:6o46.B&PDB-ENSP_mappings:6o46.C&PDB-ENSP_mappings:6ob2.A&PDB-ENSP_mappings:6ob2.C&PDB-ENSP_mappings:6ob3.A&PDB-ENSP_mappings:6ob3.C&PDB-ENSP_mappings:6oim.A&PDB-ENSP_mappings:6p0z.A&PDB-ENSP_mappings:6p0z.B&PDB-ENSP_mappings:6p8w.A&PDB-ENSP_mappings:6p8w.B&PDB-ENSP_mappings:6p8x.A&PDB-ENSP_mappings:6p8x.B&PDB-ENSP_mappings:6p8x.C&PDB-ENSP_mappings:6p8x.D&PDB-ENSP_mappings:6p8y.A&PDB-ENSP_mappings:6p8y.B&PDB-ENSP_mappings:6p8z.A&PDB-ENSP_mappings:6p8z.B&PDB-ENSP_mappings:6pgo.A&PDB-ENSP_mappings:6pgo.B&PDB-ENSP_mappings:6pgp.A&PDB-ENSP_mappings:6pgp.B&PDB-ENSP_mappings:6pq3.A&PDB-ENSP_mappings:6pts.B&PDB-ENSP_mappings:6ptw.B&PDB-ENSP_mappings:6quu.A&PDB-ENSP_mappings:6quu.B&PDB-ENSP_mappings:6quv.A&PDB-ENSP_mappings:6quv.B&PDB-ENSP_mappings:6quw.A&PDB-ENSP_mappings:6quw.B&PDB-ENSP_mappings:6qux.A&PDB-ENSP_mappings:6qux.B&PDB-ENSP_mappings:6t5b.A&PDB-ENSP_mappings:6t5u.B&PDB-ENSP_mappings:6t5v.A&PDB-ENSP_mappings:6tam.A&PDB-ENSP_mappings:6tan.A&PDB-ENSP_mappings:6usx.A&PDB-ENSP_mappings:6usx.B&PDB-ENSP_mappings:6usz.A&PDB-ENSP_mappings:6ut0.A&PDB-ENSP_mappings:6ut0.B&PDB-ENSP_mappings:6ut0.C&PDB-ENSP_mappings:6ut0.D&PDB-ENSP_mappings:6v5l.A&PDB-ENSP_mappings:6v65.C&PDB-ENSP_mappings:6v6f.C&PDB-ENSP_mappings:6vc8.A&PDB-ENSP_mappings:6vc8.B&PDB-ENSP_mappings:6vc8.C&PDB-ENSP_mappings:6vjj.A&PDB-ENSP_mappings:6w4e.B&PDB-ENSP_mappings:6w4e.C&PDB-ENSP_mappings:6w4f.B&PDB-ENSP_mappings:6w4f.C&PDB-ENSP_mappings:6wgn.A&PDB-ENSP_mappings:6wgn.B&PDB-ENSP_mappings:6wgn.C&PDB-ENSP_mappings:6ws2.A&PDB-ENSP_mappings:6ws2.B&PDB-ENSP_mappings:6ws2.C&PDB-ENSP_mappings:6ws2.D&PDB-ENSP_mappings:6ws4.A&PDB-ENSP_mappings:6ws4.B&PDB-ENSP_mappings:6ws4.C&PDB-ENSP_mappings:6ws4.D&PDB-ENSP_mappings:6xgu.A&PDB-ENSP_mappings:6xgv.A&PDB-ENSP_mappings:6xhb.A&PDB-ENSP_mappings:6yr8.A&PDB-ENSP_mappings:6yxw.A&PDB-ENSP_mappings:6yxw.C&PDB-ENSP_mappings:6zl5.A&PDB-ENSP_mappings:6zli.A&PDB-ENSP_mappings:6zli.B&PDB-ENSP_mappings:7a1w.A&PDB-ENSP_mappings:7a1x.A&PDB-ENSP_mappings:7a1y.A&PDB-ENSP_mappings:7a47.A&PDB-ENSP_mappings:7a47.C&PDB-ENSP_mappings:7a47.E&PDB-ENSP_mappings:7aca.A&PDB-ENSP_mappings:7aca.B&PDB-ENSP_mappings:7aca.C&PDB-ENSP_mappings:7aca.D&PDB-ENSP_mappings:7acf.A&PDB-ENSP_mappings:7acf.B&PDB-ENSP_mappings:7acf.C&PDB-ENSP_mappings:7acf.D&PDB-ENSP_mappings:7ach.A&PDB-ENSP_mappings:7ach.B&PDB-ENSP_mappings:7acq.A&PDB-ENSP_mappings:7acq.B&PDB-ENSP_mappings:7acq.C&PDB-ENSP_mappings:7c40.A&PDB-ENSP_mappings:7c41.A&PDB-ENSP_mappings:7c41.G&PDB-ENSP_mappings:7c41.J&PDB-ENSP_mappings:7c41.M&PDB-ENSP_mappings:7ew9.A&PDB-ENSP_mappings:7ew9.B&PDB-ENSP_mappings:7ew9.C&PDB-ENSP_mappings:7ewa.A&PDB-ENSP_mappings:7ewa.B&PDB-ENSP_mappings:7ewa.C&PDB-ENSP_mappings:7ewb.A&PDB-ENSP_mappings:7ewb.B&PDB-ENSP_mappings:7ewb.C&PDB-ENSP_mappings:7eyx.A&PDB-ENSP_mappings:7f0w.A&PDB-ENSP_mappings:7kfz.A&PDB-ENSP_mappings:7kfz.C&PDB-ENSP_mappings:7kmr.A&PDB-ENSP_mappings:7kyz.A&PDB-ENSP_mappings:7lc1.A&PDB-ENSP_mappings:7lc1.C&PDB-ENSP_mappings:7lc2.A&PDB-ENSP_mappings:7lc2.B&PDB-ENSP_mappings:7lgi.A&PDB-ENSP_mappings:7mqu.A&PDB-ENSP_mappings:7ny8.A&PDB-ENSP_mappings:7ny8.B&PDB-ENSP_mappings:7o70.A&PDB-ENSP_mappings:7o70.D&PDB-ENSP_mappings:7oo7.A&PDB-ENSP_mappings:7oo7.D&PDB-ENSP_mappings:7r0m.A&PDB-ENSP_mappings:7r0m.B&PDB-ENSP_mappings:7r0n.A&PDB-ENSP_mappings:7r0q.A&PDB-ENSP_mappings:7r0q.B&PDB-ENSP_mappings:7rov.A&PDB-ENSP_mappings:7rov.B&PDB-ENSP_mappings:7rp2.A&PDB-ENSP_mappings:7rp4.A&PDB-ENSP_mappings:7rp4.B&PDB-ENSP_mappings:7rpz.A&PDB-ENSP_mappings:7rsc.A&PDB-ENSP_mappings:7rsc.B&PDB-ENSP_mappings:7rse.A&PDB-ENSP_mappings:7rse.B&PDB-ENSP_mappings:7rt1.A&PDB-ENSP_mappings:7rt2.A&PDB-ENSP_mappings:7rt3.A&PDB-ENSP_mappings:7rt4.A&PDB-ENSP_mappings:7rt5.A&PDB-ENSP_mappings:7scw.A&PDB-ENSP_mappings:7scx.A&PDB-ENSP_mappings:7t47.A&PDB-ENSP_mappings:7tle.A&PDB-ENSP_mappings:7tlg.A&PDB-ENSP_mappings:7tlg.B&PDB-ENSP_mappings:7tlk.A&PDB-ENSP_mappings:7tlk.B&PDB-ENSP_mappings:7vvb.A&PDB-ENSP_mappings:8dni.A&PROSITE_profiles:PS51420&PROSITE_profiles:PS51421&PROSITE_profiles:PS51419&CDD:cd04138&PANTHER:PTHR24070&PANTHER:PTHR24070:SF388&Gene3D:3.40.50.300&TIGRFAM:TIGR00231&Pfam:PF00071&SMART:SM00173&SMART:SM00176&SMART:SM00175&SMART:SM00174&Superfamily:SSF52540&Prints:PR00449&AFDB-ENSP_mappings:AF-P01116-F1.A|||||||||||||||||not_provided&pathogenic|0&1|1&1||||||32|4.792440,A|missense_variant|MODERATE|KRAS|ENSG00000133703|Transcript|ENST00000311936|protein_coding|4/5||ENST00000311936.8:c.437C>T|ENSP00000308495.3:p.Ala146Val|627|437|146|A/V|gCa/gTa|rs1057519725&COSV55498939||-1||SNV|HGNC|HGNC:6407|YES|1|P3|CCDS8702.1|ENSP00000308495|P01116.251|A0A024RAV5.54|UPI0000001252|P01116-2|NM_004985.5|deleterious_low_confidence(0)||Gene3D:3.40.50.300&PDB-ENSP_mappings:6xha.A&PDB-ENSP_mappings:6xi7.A&PDB-ENSP_mappings:7lz5.A&PDB-ENSP_mappings:7mdp.A&PDB-ENSP_mappings:7ok3.A&PDB-ENSP_mappings:7ok4.A&PDB-ENSP_mappings:7q9u.AAA&PDB-ENSP_mappings:7q9u.BBB&PDB-ENSP_mappings:7rp3.A&PDB-ENSP_mappings:7ycc.A&PDB-ENSP_mappings:7ycc.B&PDB-ENSP_mappings:7ycc.C&PDB-ENSP_mappings:7yce.A&PDB-ENSP_mappings:8dnj.A&PDB-ENSP_mappings:8dnj.B&PDB-ENSP_mappings:8dnj.C&PDB-ENSP_mappings:8dnk.A&Pfam:PF00071&Prints:PR00449&PROSITE_profiles:PS51419&PROSITE_profiles:PS51420&PROSITE_profiles:PS51421&PANTHER:PTHR24070&PANTHER:PTHR24070:SF388&SMART:SM00173&SMART:SM00174&SMART:SM00175&Superfamily:SSF52540&TIGRFAM:TIGR00231&CDD:cd04138|||||||||||||||||not_provided&pathogenic|0&1|1&1||||||32|4.792440,A|intron_variant|MODIFIER|KRAS|ENSG00000133703|Transcript|ENST00000557334|protein_coding||2/2|ENST00000557334.6:c.112-15716C>T|||||||rs1057519725&COSV55498939||-1||SNV|HGNC|HGNC:6407||5|||ENSP00000452512||G3V5T7.63|UPI00021CF477||||||||||||||||||||||not_provided&pathogenic|0&1|1&1||||||32|4.792440,A|non_coding_transcript_exon_variant|MODIFIER||ENSG00000275197|Transcript|ENST00000620933|lncRNA|1/1||ENST00000620933.1:n.525G>A||525|||||rs1057519725&COSV55498939||1||SNV|||YES|||||||||||||||||||||||||||||not_provided&pathogenic|0&1|1&1||||||32|4.792440,A|missense_variant|MODERATE|KRAS|ENSG00000133703|Transcript|ENST00000685328|protein_coding|4/5||ENST00000685328.1:c.437C>T|ENSP00000508921.1:p.Ala146Val|620|437|146|A/V|gCa/gTa|rs1057519725&COSV55498939||-1||SNV|HGNC|HGNC:6407|||P3|CCDS8702.1|ENSP00000508921|P01116.251|A0A024RAV5.54|UPI0000001252|P01116-2|NM_001369787.1|deleterious_low_confidence(0)||Gene3D:3.40.50.300&PDB-ENSP_mappings:6xha.A&PDB-ENSP_mappings:6xi7.A&PDB-ENSP_mappings:7lz5.A&PDB-ENSP_mappings:7mdp.A&PDB-ENSP_mappings:7ok3.A&PDB-ENSP_mappings:7ok4.A&PDB-ENSP_mappings:7q9u.AAA&PDB-ENSP_mappings:7q9u.BBB&PDB-ENSP_mappings:7rp3.A&PDB-ENSP_mappings:7ycc.A&PDB-ENSP_mappings:7ycc.B&PDB-ENSP_mappings:7ycc.C&PDB-ENSP_mappings:7yce.A&PDB-ENSP_mappings:8dnj.A&PDB-ENSP_mappings:8dnj.B&PDB-ENSP_mappings:8dnj.C&PDB-ENSP_mappings:8dnk.A&Pfam:PF00071&Prints:PR00449&PROSITE_profiles:PS51419&PROSITE_profiles:PS51420&PROSITE_profiles:PS51421&PANTHER:PTHR24070&PANTHER:PTHR24070:SF388&SMART:SM00173&SMART:SM00174&SMART:SM00175&Superfamily:SSF52540&TIGRFAM:TIGR00231&CDD:cd04138|||||||||||||||||not_provided&pathogenic|0&1|1&1||||||32|4.792440,A|3_prime_UTR_variant&NMD_transcript_variant|MODIFIER|KRAS|ENSG00000133703|Transcript|ENST00000686877|nonsense_mediated_decay|5/6||ENST00000686877.1:c.*408C>T||745|||||rs1057519725&COSV55498939||-1||SNV|HGNC|HGNC:6407|||||ENSP00000510431||A0A8I5KR86.2|UPI001E2497D5||||||||||||||||||||||not_provided&pathogenic|0&1|1&1||||||32|4.792440,A|3_prime_UTR_variant&NMD_transcript_variant|MODIFIER|KRAS|ENSG00000133703|Transcript|ENST00000687356|nonsense_mediated_decay|3/4||ENST00000687356.1:c.*135C>T||446|||||rs1057519725&COSV55498939||-1||SNV|HGNC|HGNC:6407|||||ENSP00000510511||A0A8I5KXN3.2|UPI00015AA4A0||||||||||||||||||||||not_provided&pathogenic|0&1|1&1||||||32|4.792440,A|non_coding_transcript_exon_variant|MODIFIER|KRAS|ENSG00000133703|Transcript|ENST00000688228|retained_intron|2/3||ENST00000688228.1:n.911C>T||911|||||rs1057519725&COSV55498939||-1||SNV|HGNC|HGNC:6407||||||||||||||||||||||||||||||not_provided&pathogenic|0&1|1&1||||||32|4.792440,A|missense_variant|MODERATE|KRAS|ENSG00000133703|Transcript|ENST00000688940|protein_coding|4/5||ENST00000688940.1:c.437C>T|ENSP00000509238.1:p.Ala146Val|638|437|146|A/V|gCa/gTa|rs1057519725&COSV55498939||-1||SNV|HGNC|HGNC:6407|||P3|CCDS8702.1|ENSP00000509238|P01116.251|A0A024RAV5.54|UPI0000001252|P01116-2||deleterious_low_confidence(0)||Gene3D:3.40.50.300&PDB-ENSP_mappings:6xha.A&PDB-ENSP_mappings:6xi7.A&PDB-ENSP_mappings:7lz5.A&PDB-ENSP_mappings:7mdp.A&PDB-ENSP_mappings:7ok3.A&PDB-ENSP_mappings:7ok4.A&PDB-ENSP_mappings:7q9u.AAA&PDB-ENSP_mappings:7q9u.BBB&PDB-ENSP_mappings:7rp3.A&PDB-ENSP_mappings:7ycc.A&PDB-ENSP_mappings:7ycc.B&PDB-ENSP_mappings:7ycc.C&PDB-ENSP_mappings:7yce.A&PDB-ENSP_mappings:8dnj.A&PDB-ENSP_mappings:8dnj.B&PDB-ENSP_mappings:8dnj.C&PDB-ENSP_mappings:8dnk.A&Pfam:PF00071&Prints:PR00449&PROSITE_profiles:PS51419&PROSITE_profiles:PS51420&PROSITE_profiles:PS51421&PANTHER:PTHR24070&PANTHER:PTHR24070:SF388&SMART:SM00173&SMART:SM00174&SMART:SM00175&Superfamily:SSF52540&TIGRFAM:TIGR00231&CDD:cd04138|||||||||||||||||not_provided&pathogenic|0&1|1&1||||||32|4.792440,A|missense_variant&NMD_transcript_variant|MODERATE|KRAS|ENSG00000133703|Transcript|ENST00000690406|nonsense_mediated_decay|1/3||ENST00000690406.1:c.149C>T|ENSP00000509798.1:p.Ala50Val|147|149|50|A/V|gCa/gTa|rs1057519725&COSV55498939||-1|cds_start_NF|SNV|HGNC|HGNC:6407|||||ENSP00000509798||A0A8I5KYH6.2&A0A221ZRZ5.11|UPI000B8D9C09|||deleterious_low_confidence(0)|probably_damaging(0.985)||||||||||||||||||not_provided&pathogenic|0&1|1&1||||||32|4.792440,A|3_prime_UTR_variant&NMD_transcript_variant|MODIFIER|KRAS|ENSG00000133703|Transcript|ENST00000690804|nonsense_mediated_decay|5/6||ENST00000690804.1:c.*398C>T||744|||||rs1057519725&COSV55498939||-1||SNV|HGNC|HGNC:6407|||||ENSP00000508568||A0A8I5KQU3.2|UPI001E249B21||||||||||||||||||||||not_provided&pathogenic|0&1|1&1||||||32|4.792440,A|missense_variant|MODERATE|KRAS|ENSG00000133703|Transcript|ENST00000692768|protein_coding|3/4||ENST00000692768.1:c.239C>T|ENSP00000510254.1:p.Ala80Val|493|239|80|A/V|gCa/gTa|rs1057519725&COSV55498939||-1||SNV|HGNC|HGNC:6407|||||ENSP00000510254||A0A8I5KUB5.2|UPI001E24C9F0|||deleterious_low_confidence(0)||Gene3D:3.40.50.300&Pfam:PF00071&Prints:PR00449&PROSITE_profiles:PS51419&PROSITE_profiles:PS51421&PANTHER:PTHR24070&PANTHER:PTHR24070:SF388&SMART:SM00173&SMART:SM00174&SMART:SM00175&Superfamily:SSF52540&TIGRFAM:TIGR00231|||||||||||||||||not_provided&pathogenic|0&1|1&1||||||32|4.792440,A|missense_variant|MODERATE|KRAS|ENSG00000133703|Transcript|ENST00000693229|protein_coding|4/5||ENST00000693229.1:c.362C>T|ENSP00000509223.1:p.Ala121Val|522|362|121|A/V|gCa/gTa|rs1057519725&COSV55498939||-1||SNV|HGNC|HGNC:6407|||||ENSP00000509223||A0A8I5KQ21.2|UPI001E2444E0|||deleterious_low_confidence(0)|probably_damaging(0.982)|Gene3D:3.40.50.300&Pfam:PF00071&PROSITE_profiles:PS51419&PROSITE_profiles:PS51421&PANTHER:PTHR24070&PANTHER:PTHR24070:SF388&SMART:SM00173&SMART:SM00174&SMART:SM00175&Superfamily:SSF52540&TIGRFAM:TIGR00231|||||||||||||||||not_provided&pathogenic|0&1|1&1||||||32|4.792440	GT:AD:DP	0/1:149,9:.	G/A	12:25225627	A	ENSG00000133703	ENST00000688940	Transcript	missense_variant	MODERATE	638	437	146	A/V	gCa/gTa	rs1057519725,COSV55498939		P3			deleterious_low_confidence	0	32	4.792440	KRAS	CGC:ONC; OncoKB:ONC; 2020Rule:ONC; CTAT:ONC; Oncogene:ONC		EGFR tyrosine kinase inhibitor resistance|Endocrine resistance|MAPK signaling pathway|ErbB signaling pathway|Ras signaling pathway|Rap1 signaling pathway|Chemokine signaling pathway|FoxO signaling pathway|Sphingolipid signaling pathway|Phospholipase D signaling pathway|Mitophagy - animal|Autophagy - animal|mTOR signaling pathway|PI3K-Akt signaling pathway|Apoptosis|Longevity regulating pathway|Longevity regulating pathway - multiple species|Cellular senescence|Axon guidance|VEGF signaling pathway|Apelin signaling pathway|Gap junction|Signaling pathways regulating pluripotency of stem cells|C-type lectin receptor signaling pathway|Natural killer cell mediated cytotoxicity|T cell receptor signaling pathway|B cell receptor signaling pathway|Fc epsilon RI signaling pathway|Thermogenesis|Long-term potentiation|Neurotrophin signaling pathway|Cholinergic synapse|Serotonergic synapse|Long-term depression|Regulation of actin cytoskeleton|Insulin signaling pathway|GnRH signaling pathway|Progesterone-mediated oocyte maturation|Estrogen signaling pathway|Melanogenesis|Prolactin signaling pathway|Thyroid hormone signaling pathway|Oxytocin signaling pathway|Relaxin signaling pathway|GnRH secretion|AGE-RAGE signaling pathway in diabetic complications|Growth hormone synthesis, secretion and action|Aldosterone-regulated sodium reabsorption|Alzheimer disease|Pathways of neurodegeneration - multiple diseases|Alcoholism|Hepatitis C|Hepatitis B|Human cytomegalovirus infection|Human papillomavirus infection|Human T-cell leukemia virus 1 infection|Kaposi sarcoma-associated herpesvirus infection|Human immunodeficiency virus 1 infection|Pathways in cancer|Viral carcinogenesis|Proteoglycans in cancer|MicroRNAs in cancer|Chemical carcinogenesis - receptor activation|Chemical carcinogenesis - reactive oxygen species|Colorectal cancer|Renal cell carcinoma|Pancreatic cancer|Endometrial cancer|Glioma|Prostate cancer|Thyroid cancer|Melanoma|Bladder cancer|Chronic myeloid leukemia|Acute myeloid leukemia|Non-small cell lung cancer|Breast cancer|Hepatocellular carcinoma|Gastric cancer|Central carbon metabolism in cancer|Choline metabolism in cancer|PD-L1 expression and PD-1 checkpoint pathway in cancer|Lipid and atherosclerosis	hsa01521|hsa01522|hsa04010|hsa04012|hsa04014|hsa04015|hsa04062|hsa04068|hsa04071|hsa04072|hsa04137|hsa04140|hsa04150|hsa04151|hsa04210|hsa04211|hsa04213|hsa04218|hsa04360|hsa04370|hsa04371|hsa04540|hsa04550|hsa04625|hsa04650|hsa04660|hsa04662|hsa04664|hsa04714|hsa04720|hsa04722|hsa04725|hsa04726|hsa04730|hsa04810|hsa04910|hsa04912|hsa04914|hsa04915|hsa04916|hsa04917|hsa04919|hsa04921|hsa04926|hsa04929|hsa04933|hsa04935|hsa04960|hsa05010|hsa05022|hsa05034|hsa05160|hsa05161|hsa05163|hsa05165|hsa05166|hsa05167|hsa05170|hsa05200|hsa05203|hsa05205|hsa05206|hsa05207|hsa05208|hsa05210|hsa05211|hsa05212|hsa05213|hsa05214|hsa05215|hsa05216|hsa05218|hsa05219|hsa05220|hsa05221|hsa05223|hsa05224|hsa05225|hsa05226|hsa05230|hsa05231|hsa05235|hsa05417	RCV000423608; RCV000434735; RCV000441300; RCV000791299	Non-small cell lung carcinoma; Neoplasm of the thyroid gland; Neoplasm of the large intestine; OCULOECTODERMAL SYNDROME, SOMATIC	not provided; Pathogenic; Pathogenic; Pathogenic	SNV	c.437C>T	p.Ala146Val				PF00071.25: Ras family	IPR005225: Small GTP-binding protein domain	47691 / 49097025	0	0.5501	ONC
12	25225627		G	A	.	.	CSQ=A|missense_variant|MODERATE|KRAS|ENSG00000133703|Transcript|ENST00000256078|protein_coding|4/6||ENST00000256078.10:c.437C>T|ENSP00000256078.5:p.Ala146Val|627|437|146|A/V|gCa/gTa|rs1057519725&COSV55498939||-1||SNV|HGNC|HGNC:6407||1|A1|CCDS8703.1|ENSP00000256078|P01116.251|L7RSL8.77|UPI0000133132|P01116-1|NM_001369786.1&NM_033360.4|deleterious_low_confidence(0)||PDB-ENSP_mappings:3gft.A&PDB-ENSP_mappings:3gft.B&PDB-ENSP_mappings:3gft.C&PDB-ENSP_mappings:3gft.D&PDB-ENSP_mappings:3gft.E&PDB-ENSP_mappings:3gft.F&PDB-ENSP_mappings:4dsn.A&PDB-ENSP_mappings:4dso.A&PDB-ENSP_mappings:4dst.A&PDB-ENSP_mappings:4dsu.A&PDB-ENSP_mappings:4epr.A&PDB-ENSP_mappings:4ept.A&PDB-ENSP_mappings:4epv.A&PDB-ENSP_mappings:4epw.A&PDB-ENSP_mappings:4epx.A&PDB-ENSP_mappings:4epy.A&PDB-ENSP_mappings:4l8g.A&PDB-ENSP_mappings:4ldj.A&PDB-ENSP_mappings:4lpk.A&PDB-ENSP_mappings:4lpk.B&PDB-ENSP_mappings:4lrw.A&PDB-ENSP_mappings:4lrw.B&PDB-ENSP_mappings:4luc.A&PDB-ENSP_mappings:4luc.B&PDB-ENSP_mappings:4lv6.A&PDB-ENSP_mappings:4lv6.B&PDB-ENSP_mappings:4lyf.A&PDB-ENSP_mappings:4lyf.B&PDB-ENSP_mappings:4lyf.C&PDB-ENSP_mappings:4lyh.A&PDB-ENSP_mappings:4lyh.B&PDB-ENSP_mappings:4lyh.C&PDB-ENSP_mappings:4lyj.A&PDB-ENSP_mappings:4m1o.A&PDB-ENSP_mappings:4m1o.B&PDB-ENSP_mappings:4m1o.C&PDB-ENSP_mappings:4m1s.A&PDB-ENSP_mappings:4m1s.B&PDB-ENSP_mappings:4m1s.C&PDB-ENSP_mappings:4m1t.A&PDB-ENSP_mappings:4m1t.B&PDB-ENSP_mappings:4m1t.C&PDB-ENSP_mappings:4m1w.A&PDB-ENSP_mappings:4m1w.B&PDB-ENSP_mappings:4m1w.C&PDB-ENSP_mappings:4m1y.A&PDB-ENSP_mappings:4m1y.B&PDB-ENSP_mappings:4m1y.C&PDB-ENSP_mappings:4m21.A&PDB-ENSP_mappings:4m21.B&PDB-ENSP_mappings:4m21.C&PDB-ENSP_mappings:4m22.A&PDB-ENSP_mappings:4m22.B&PDB-ENSP_mappings:4m22.C&PDB-ENSP_mappings:4nmm.A&PDB-ENSP_mappings:4obe.A&PDB-ENSP_mappings:4obe.B&PDB-ENSP_mappings:4pzy.A&PDB-ENSP_mappings:4pzy.B&PDB-ENSP_mappings:4pzz.A&PDB-ENSP_mappings:4q01.A&PDB-ENSP_mappings:4q01.B&PDB-ENSP_mappings:4q02.A&PDB-ENSP_mappings:4q03.A&PDB-ENSP_mappings:4ql3.A&PDB-ENSP_mappings:4tq9.A&PDB-ENSP_mappings:4tq9.B&PDB-ENSP_mappings:4tqa.A&PDB-ENSP_mappings:4tqa.B&PDB-ENSP_mappings:4wa7.A&PDB-ENSP_mappings:5f2e.A&PDB-ENSP_mappings:5kyk.A&PDB-ENSP_mappings:5kyk.B&PDB-ENSP_mappings:5kyk.C&PDB-ENSP_mappings:5mla.A&PDB-ENSP_mappings:5mlb.A&PDB-ENSP_mappings:5mlb.C&PDB-ENSP_mappings:5mlb.E&PDB-ENSP_mappings:5mlb.G&PDB-ENSP_mappings:5o2s.A&PDB-ENSP_mappings:5o2s.C&PDB-ENSP_mappings:5o2s.E&PDB-ENSP_mappings:5o2s.G&PDB-ENSP_mappings:5o2t.A&PDB-ENSP_mappings:5ocg.A&PDB-ENSP_mappings:5oco.A&PDB-ENSP_mappings:5oco.B&PDB-ENSP_mappings:5oco.C&PDB-ENSP_mappings:5oco.D&PDB-ENSP_mappings:5oco.E&PDB-ENSP_mappings:5oco.F&PDB-ENSP_mappings:5oct.A&PDB-ENSP_mappings:5oct.B&PDB-ENSP_mappings:5oct.C&PDB-ENSP_mappings:5oct.D&PDB-ENSP_mappings:5oct.E&PDB-ENSP_mappings:5oct.F&PDB-ENSP_mappings:5tar.A&PDB-ENSP_mappings:5tb5.A&PDB-ENSP_mappings:5tb5.C&PDB-ENSP_mappings:5ufe.A&PDB-ENSP_mappings:5ufq.A&PDB-ENSP_mappings:5ufq.B&PDB-ENSP_mappings:5uk9.A&PDB-ENSP_mappings:5uk9.B&PDB-ENSP_mappings:5uqw.A&PDB-ENSP_mappings:5uqw.B&PDB-ENSP_mappings:5us4.A&PDB-ENSP_mappings:5us4.B&PDB-ENSP_mappings:5usj.A&PDB-ENSP_mappings:5usj.B&PDB-ENSP_mappings:5usj.C&PDB-ENSP_mappings:5usj.D&PDB-ENSP_mappings:5usj.E&PDB-ENSP_mappings:5usj.F&PDB-ENSP_mappings:5v6s.A&PDB-ENSP_mappings:5v6v.A&PDB-ENSP_mappings:5v6v.B&PDB-ENSP_mappings:5v71.A&PDB-ENSP_mappings:5v71.B&PDB-ENSP_mappings:5v71.C&PDB-ENSP_mappings:5v71.D&PDB-ENSP_mappings:5v71.E&PDB-ENSP_mappings:5v71.F&PDB-ENSP_mappings:5v9l.A&PDB-ENSP_mappings:5v9l.B&PDB-ENSP_mappings:5v9l.C&PDB-ENSP_mappings:5v9o.A&PDB-ENSP_mappings:5v9u.A&PDB-ENSP_mappings:5v9u.B&PDB-ENSP_mappings:5vbm.A&PDB-ENSP_mappings:5vp7.A&PDB-ENSP_mappings:5vp7.F&PDB-ENSP_mappings:5vpi.A&PDB-ENSP_mappings:5vpi.B&PDB-ENSP_mappings:5vpy.A&PDB-ENSP_mappings:5vpy.B&PDB-ENSP_mappings:5vpz.A&PDB-ENSP_mappings:5vpz.B&PDB-ENSP_mappings:5vq0.A&PDB-ENSP_mappings:5vq0.B&PDB-ENSP_mappings:5vq1.A&PDB-ENSP_mappings:5vq1.B&PDB-ENSP_mappings:5vq2.A&PDB-ENSP_mappings:5vq2.B&PDB-ENSP_mappings:5vq6.A&PDB-ENSP_mappings:5vq6.B&PDB-ENSP_mappings:5vq8.A&PDB-ENSP_mappings:5vq8.B&PDB-ENSP_mappings:5w22.A&PDB-ENSP_mappings:5w22.B&PDB-ENSP_mappings:5wha.A&PDB-ENSP_mappings:5wha.D&PDB-ENSP_mappings:5wha.G&PDB-ENSP_mappings:5wha.J&PDB-ENSP_mappings:5whb.A&PDB-ENSP_mappings:5whb.D&PDB-ENSP_mappings:5whb.G&PDB-ENSP_mappings:5whb.J&PDB-ENSP_mappings:5whd.A&PDB-ENSP_mappings:5whd.B&PDB-ENSP_mappings:5whd.C&PDB-ENSP_mappings:5whd.D&PDB-ENSP_mappings:5whe.A&PDB-ENSP_mappings:5whe.D&PDB-ENSP_mappings:5whe.G&PDB-ENSP_mappings:5whe.J&PDB-ENSP_mappings:5wlb.A&PDB-ENSP_mappings:5wlb.D&PDB-ENSP_mappings:5wpm.A&PDB-ENSP_mappings:5xco.A&PDB-ENSP_mappings:5yxz.A&PDB-ENSP_mappings:5yy1.A&PDB-ENSP_mappings:6ark.A&PDB-ENSP_mappings:6asa.A&PDB-ENSP_mappings:6ase.A&PDB-ENSP_mappings:6b0v.A&PDB-ENSP_mappings:6b0v.B&PDB-ENSP_mappings:6b0y.A&PDB-ENSP_mappings:6b0y.B&PDB-ENSP_mappings:6bof.A&PDB-ENSP_mappings:6bof.B&PDB-ENSP_mappings:6bp1.A&PDB-ENSP_mappings:6cc9.B&PDB-ENSP_mappings:6cch.B&PDB-ENSP_mappings:6ccx.B&PDB-ENSP_mappings:6cu6.A&PDB-ENSP_mappings:6cu6.B&PDB-ENSP_mappings:6cu6.C&PDB-ENSP_mappings:6e6f.A&PDB-ENSP_mappings:6e6f.B&PDB-ENSP_mappings:6e6g.A&PDB-ENSP_mappings:6epl.R&PDB-ENSP_mappings:6epm.R&PDB-ENSP_mappings:6epn.R&PDB-ENSP_mappings:6epo.R&PDB-ENSP_mappings:6epp.R&PDB-ENSP_mappings:6f76.A&PDB-ENSP_mappings:6f76.B&PDB-ENSP_mappings:6f76.C&PDB-ENSP_mappings:6f76.D&PDB-ENSP_mappings:6f76.E&PDB-ENSP_mappings:6f76.F&PDB-ENSP_mappings:6fa1.A&PDB-ENSP_mappings:6fa1.B&PDB-ENSP_mappings:6fa1.C&PDB-ENSP_mappings:6fa1.D&PDB-ENSP_mappings:6fa1.E&PDB-ENSP_mappings:6fa1.F&PDB-ENSP_mappings:6fa2.A&PDB-ENSP_mappings:6fa2.B&PDB-ENSP_mappings:6fa2.C&PDB-ENSP_mappings:6fa2.D&PDB-ENSP_mappings:6fa2.E&PDB-ENSP_mappings:6fa2.F&PDB-ENSP_mappings:6fa3.A&PDB-ENSP_mappings:6fa3.B&PDB-ENSP_mappings:6fa3.C&PDB-ENSP_mappings:6fa3.D&PDB-ENSP_mappings:6fa3.E&PDB-ENSP_mappings:6fa3.F&PDB-ENSP_mappings:6fa4.A&PDB-ENSP_mappings:6fa4.B&PDB-ENSP_mappings:6fa4.C&PDB-ENSP_mappings:6fa4.D&PDB-ENSP_mappings:6fa4.E&PDB-ENSP_mappings:6fa4.F&PDB-ENSP_mappings:6gj5.A&PDB-ENSP_mappings:6gj5.B&PDB-ENSP_mappings:6gj6.A&PDB-ENSP_mappings:6gj7.A&PDB-ENSP_mappings:6gj8.A&PDB-ENSP_mappings:6god.A&PDB-ENSP_mappings:6goe.A&PDB-ENSP_mappings:6gof.A&PDB-ENSP_mappings:6gog.A&PDB-ENSP_mappings:6gog.B&PDB-ENSP_mappings:6gog.C&PDB-ENSP_mappings:6gog.D&PDB-ENSP_mappings:6gog.E&PDB-ENSP_mappings:6gog.F&PDB-ENSP_mappings:6gom.A&PDB-ENSP_mappings:6gom.B&PDB-ENSP_mappings:6gom.C&PDB-ENSP_mappings:6gom.D&PDB-ENSP_mappings:6gom.E&PDB-ENSP_mappings:6gom.F&PDB-ENSP_mappings:6gqt.A&PDB-ENSP_mappings:6gqt.B&PDB-ENSP_mappings:6gqt.C&PDB-ENSP_mappings:6gqt.D&PDB-ENSP_mappings:6gqt.E&PDB-ENSP_mappings:6gqt.F&PDB-ENSP_mappings:6gqw.A&PDB-ENSP_mappings:6gqw.B&PDB-ENSP_mappings:6gqw.C&PDB-ENSP_mappings:6gqw.D&PDB-ENSP_mappings:6gqw.E&PDB-ENSP_mappings:6gqw.F&PDB-ENSP_mappings:6gqx.A&PDB-ENSP_mappings:6gqx.B&PDB-ENSP_mappings:6gqx.C&PDB-ENSP_mappings:6gqx.D&PDB-ENSP_mappings:6gqx.E&PDB-ENSP_mappings:6gqx.F&PDB-ENSP_mappings:6gqy.A&PDB-ENSP_mappings:6gqy.B&PDB-ENSP_mappings:6gqy.C&PDB-ENSP_mappings:6gqy.D&PDB-ENSP_mappings:6gqy.E&PDB-ENSP_mappings:6gqy.F&PDB-ENSP_mappings:6h46.A&PDB-ENSP_mappings:6h47.A&PDB-ENSP_mappings:6m9w.A&PDB-ENSP_mappings:6mbq.A&PDB-ENSP_mappings:6mbt.A&PDB-ENSP_mappings:6mbt.B&PDB-ENSP_mappings:6mbu.A&PDB-ENSP_mappings:6mbu.B&PDB-ENSP_mappings:6mnx.A&PDB-ENSP_mappings:6mnx.B&PDB-ENSP_mappings:6mnx.C&PDB-ENSP_mappings:6mnx.D&PDB-ENSP_mappings:6mnx.E&PDB-ENSP_mappings:6mnx.F&PDB-ENSP_mappings:6mqg.A&PDB-ENSP_mappings:6mqn.A&PDB-ENSP_mappings:6mqn.B&PDB-ENSP_mappings:6mqn.C&PDB-ENSP_mappings:6ms9.A&PDB-ENSP_mappings:6ms9.B&PDB-ENSP_mappings:6ms9.C&PDB-ENSP_mappings:6mta.A&PDB-ENSP_mappings:6mta.B&PDB-ENSP_mappings:6mta.C&PDB-ENSP_mappings:6n2j.A&PDB-ENSP_mappings:6n2k.A&PDB-ENSP_mappings:6o36.A&PDB-ENSP_mappings:6o36.B&PDB-ENSP_mappings:6o36.C&PDB-ENSP_mappings:6o46.A&PDB-ENSP_mappings:6o46.B&PDB-ENSP_mappings:6o46.C&PDB-ENSP_mappings:6ob2.A&PDB-ENSP_mappings:6ob2.C&PDB-ENSP_mappings:6ob3.A&PDB-ENSP_mappings:6ob3.C&PDB-ENSP_mappings:6oim.A&PDB-ENSP_mappings:6p0z.A&PDB-ENSP_mappings:6p0z.B&PDB-ENSP_mappings:6p8w.A&PDB-ENSP_mappings:6p8w.B&PDB-ENSP_mappings:6p8x.A&PDB-ENSP_mappings:6p8x.B&PDB-ENSP_mappings:6p8x.C&PDB-ENSP_mappings:6p8x.D&PDB-ENSP_mappings:6p8y.A&PDB-ENSP_mappings:6p8y.B&PDB-ENSP_mappings:6p8z.A&PDB-ENSP_mappings:6p8z.B&PDB-ENSP_mappings:6pgo.A&PDB-ENSP_mappings:6pgo.B&PDB-ENSP_mappings:6pgp.A&PDB-ENSP_mappings:6pgp.B&PDB-ENSP_mappings:6pq3.A&PDB-ENSP_mappings:6pts.B&PDB-ENSP_mappings:6ptw.B&PDB-ENSP_mappings:6quu.A&PDB-ENSP_mappings:6quu.B&PDB-ENSP_mappings:6quv.A&PDB-ENSP_mappings:6quv.B&PDB-ENSP_mappings:6quw.A&PDB-ENSP_mappings:6quw.B&PDB-ENSP_mappings:6qux.A&PDB-ENSP_mappings:6qux.B&PDB-ENSP_mappings:6t5b.A&PDB-ENSP_mappings:6t5u.B&PDB-ENSP_mappings:6t5v.A&PDB-ENSP_mappings:6tam.A&PDB-ENSP_mappings:6tan.A&PDB-ENSP_mappings:6usx.A&PDB-ENSP_mappings:6usx.B&PDB-ENSP_mappings:6usz.A&PDB-ENSP_mappings:6ut0.A&PDB-ENSP_mappings:6ut0.B&PDB-ENSP_mappings:6ut0.C&PDB-ENSP_mappings:6ut0.D&PDB-ENSP_mappings:6v5l.A&PDB-ENSP_mappings:6v65.C&PDB-ENSP_mappings:6v6f.C&PDB-ENSP_mappings:6vc8.A&PDB-ENSP_mappings:6vc8.B&PDB-ENSP_mappings:6vc8.C&PDB-ENSP_mappings:6vjj.A&PDB-ENSP_mappings:6w4e.B&PDB-ENSP_mappings:6w4e.C&PDB-ENSP_mappings:6w4f.B&PDB-ENSP_mappings:6w4f.C&PDB-ENSP_mappings:6wgn.A&PDB-ENSP_mappings:6wgn.B&PDB-ENSP_mappings:6wgn.C&PDB-ENSP_mappings:6ws2.A&PDB-ENSP_mappings:6ws2.B&PDB-ENSP_mappings:6ws2.C&PDB-ENSP_mappings:6ws2.D&PDB-ENSP_mappings:6ws4.A&PDB-ENSP_mappings:6ws4.B&PDB-ENSP_mappings:6ws4.C&PDB-ENSP_mappings:6ws4.D&PDB-ENSP_mappings:6xgu.A&PDB-ENSP_mappings:6xgv.A&PDB-ENSP_mappings:6xhb.A&PDB-ENSP_mappings:6yr8.A&PDB-ENSP_mappings:6yxw.A&PDB-ENSP_mappings:6yxw.C&PDB-ENSP_mappings:6zl5.A&PDB-ENSP_mappings:6zli.A&PDB-ENSP_mappings:6zli.B&PDB-ENSP_mappings:7a1w.A&PDB-ENSP_mappings:7a1x.A&PDB-ENSP_mappings:7a1y.A&PDB-ENSP_mappings:7a47.A&PDB-ENSP_mappings:7a47.C&PDB-ENSP_mappings:7a47.E&PDB-ENSP_mappings:7aca.A&PDB-ENSP_mappings:7aca.B&PDB-ENSP_mappings:7aca.C&PDB-ENSP_mappings:7aca.D&PDB-ENSP_mappings:7acf.A&PDB-ENSP_mappings:7acf.B&PDB-ENSP_mappings:7acf.C&PDB-ENSP_mappings:7acf.D&PDB-ENSP_mappings:7ach.A&PDB-ENSP_mappings:7ach.B&PDB-ENSP_mappings:7acq.A&PDB-ENSP_mappings:7acq.B&PDB-ENSP_mappings:7acq.C&PDB-ENSP_mappings:7c40.A&PDB-ENSP_mappings:7c41.A&PDB-ENSP_mappings:7c41.G&PDB-ENSP_mappings:7c41.J&PDB-ENSP_mappings:7c41.M&PDB-ENSP_mappings:7ew9.A&PDB-ENSP_mappings:7ew9.B&PDB-ENSP_mappings:7ew9.C&PDB-ENSP_mappings:7ewa.A&PDB-ENSP_mappings:7ewa.B&PDB-ENSP_mappings:7ewa.C&PDB-ENSP_mappings:7ewb.A&PDB-ENSP_mappings:7ewb.B&PDB-ENSP_mappings:7ewb.C&PDB-ENSP_mappings:7eyx.A&PDB-ENSP_mappings:7f0w.A&PDB-ENSP_mappings:7kfz.A&PDB-ENSP_mappings:7kfz.C&PDB-ENSP_mappings:7kmr.A&PDB-ENSP_mappings:7kyz.A&PDB-ENSP_mappings:7lc1.A&PDB-ENSP_mappings:7lc1.C&PDB-ENSP_mappings:7lc2.A&PDB-ENSP_mappings:7lc2.B&PDB-ENSP_mappings:7lgi.A&PDB-ENSP_mappings:7mqu.A&PDB-ENSP_mappings:7ny8.A&PDB-ENSP_mappings:7ny8.B&PDB-ENSP_mappings:7o70.A&PDB-ENSP_mappings:7o70.D&PDB-ENSP_mappings:7oo7.A&PDB-ENSP_mappings:7oo7.D&PDB-ENSP_mappings:7r0m.A&PDB-ENSP_mappings:7r0m.B&PDB-ENSP_mappings:7r0n.A&PDB-ENSP_mappings:7r0q.A&PDB-ENSP_mappings:7r0q.B&PDB-ENSP_mappings:7rov.A&PDB-ENSP_mappings:7rov.B&PDB-ENSP_mappings:7rp2.A&PDB-ENSP_mappings:7rp4.A&PDB-ENSP_mappings:7rp4.B&PDB-ENSP_mappings:7rpz.A&PDB-ENSP_mappings:7rsc.A&PDB-ENSP_mappings:7rsc.B&PDB-ENSP_mappings:7rse.A&PDB-ENSP_mappings:7rse.B&PDB-ENSP_mappings:7rt1.A&PDB-ENSP_mappings:7rt2.A&PDB-ENSP_mappings:7rt3.A&PDB-ENSP_mappings:7rt4.A&PDB-ENSP_mappings:7rt5.A&PDB-ENSP_mappings:7scw.A&PDB-ENSP_mappings:7scx.A&PDB-ENSP_mappings:7t47.A&PDB-ENSP_mappings:7tle.A&PDB-ENSP_mappings:7tlg.A&PDB-ENSP_mappings:7tlg.B&PDB-ENSP_mappings:7tlk.A&PDB-ENSP_mappings:7tlk.B&PDB-ENSP_mappings:7vvb.A&PDB-ENSP_mappings:8dni.A&PROSITE_profiles:PS51420&PROSITE_profiles:PS51421&PROSITE_profiles:PS51419&CDD:cd04138&PANTHER:PTHR24070&PANTHER:PTHR24070:SF388&Gene3D:3.40.50.300&TIGRFAM:TIGR00231&Pfam:PF00071&SMART:SM00173&SMART:SM00176&SMART:SM00175&SMART:SM00174&Superfamily:SSF52540&Prints:PR00449&AFDB-ENSP_mappings:AF-P01116-F1.A|||||||||||||||||not_provided&pathogenic|0&1|1&1||||||32|4.792440,A|missense_variant|MODERATE|KRAS|ENSG00000133703|Transcript|ENST00000311936|protein_coding|4/5||ENST00000311936.8:c.437C>T|ENSP00000308495.3:p.Ala146Val|627|437|146|A/V|gCa/gTa|rs1057519725&COSV55498939||-1||SNV|HGNC|HGNC:6407|YES|1|P3|CCDS8702.1|ENSP00000308495|P01116.251|A0A024RAV5.54|UPI0000001252|P01116-2|NM_004985.5|deleterious_low_confidence(0)||Gene3D:3.40.50.300&PDB-ENSP_mappings:6xha.A&PDB-ENSP_mappings:6xi7.A&PDB-ENSP_mappings:7lz5.A&PDB-ENSP_mappings:7mdp.A&PDB-ENSP_mappings:7ok3.A&PDB-ENSP_mappings:7ok4.A&PDB-ENSP_mappings:7q9u.AAA&PDB-ENSP_mappings:7q9u.BBB&PDB-ENSP_mappings:7rp3.A&PDB-ENSP_mappings:7ycc.A&PDB-ENSP_mappings:7ycc.B&PDB-ENSP_mappings:7ycc.C&PDB-ENSP_mappings:7yce.A&PDB-ENSP_mappings:8dnj.A&PDB-ENSP_mappings:8dnj.B&PDB-ENSP_mappings:8dnj.C&PDB-ENSP_mappings:8dnk.A&Pfam:PF00071&Prints:PR00449&PROSITE_profiles:PS51419&PROSITE_profiles:PS51420&PROSITE_profiles:PS51421&PANTHER:PTHR24070&PANTHER:PTHR24070:SF388&SMART:SM00173&SMART:SM00174&SMART:SM00175&Superfamily:SSF52540&TIGRFAM:TIGR00231&CDD:cd04138|||||||||||||||||not_provided&pathogenic|0&1|1&1||||||32|4.792440,A|intron_variant|MODIFIER|KRAS|ENSG00000133703|Transcript|ENST00000557334|protein_coding||2/2|ENST00000557334.6:c.112-15716C>T|||||||rs1057519725&COSV55498939||-1||SNV|HGNC|HGNC:6407||5|||ENSP00000452512||G3V5T7.63|UPI00021CF477||||||||||||||||||||||not_provided&pathogenic|0&1|1&1||||||32|4.792440,A|non_coding_transcript_exon_variant|MODIFIER||ENSG00000275197|Transcript|ENST00000620933|lncRNA|1/1||ENST00000620933.1:n.525G>A||525|||||rs1057519725&COSV55498939||1||SNV|||YES|||||||||||||||||||||||||||||not_provided&pathogenic|0&1|1&1||||||32|4.792440,A|missense_variant|MODERATE|KRAS|ENSG00000133703|Transcript|ENST00000685328|protein_coding|4/5||ENST00000685328.1:c.437C>T|ENSP00000508921.1:p.Ala146Val|620|437|146|A/V|gCa/gTa|rs1057519725&COSV55498939||-1||SNV|HGNC|HGNC:6407|||P3|CCDS8702.1|ENSP00000508921|P01116.251|A0A024RAV5.54|UPI0000001252|P01116-2|NM_001369787.1|deleterious_low_confidence(0)||Gene3D:3.40.50.300&PDB-ENSP_mappings:6xha.A&PDB-ENSP_mappings:6xi7.A&PDB-ENSP_mappings:7lz5.A&PDB-ENSP_mappings:7mdp.A&PDB-ENSP_mappings:7ok3.A&PDB-ENSP_mappings:7ok4.A&PDB-ENSP_mappings:7q9u.AAA&PDB-ENSP_mappings:7q9u.BBB&PDB-ENSP_mappings:7rp3.A&PDB-ENSP_mappings:7ycc.A&PDB-ENSP_mappings:7ycc.B&PDB-ENSP_mappings:7ycc.C&PDB-ENSP_mappings:7yce.A&PDB-ENSP_mappings:8dnj.A&PDB-ENSP_mappings:8dnj.B&PDB-ENSP_mappings:8dnj.C&PDB-ENSP_mappings:8dnk.A&Pfam:PF00071&Prints:PR00449&PROSITE_profiles:PS51419&PROSITE_profiles:PS51420&PROSITE_profiles:PS51421&PANTHER:PTHR24070&PANTHER:PTHR24070:SF388&SMART:SM00173&SMART:SM00174&SMART:SM00175&Superfamily:SSF52540&TIGRFAM:TIGR00231&CDD:cd04138|||||||||||||||||not_provided&pathogenic|0&1|1&1||||||32|4.792440,A|3_prime_UTR_variant&NMD_transcript_variant|MODIFIER|KRAS|ENSG00000133703|Transcript|ENST00000686877|nonsense_mediated_decay|5/6||ENST00000686877.1:c.*408C>T||745|||||rs1057519725&COSV55498939||-1||SNV|HGNC|HGNC:6407|||||ENSP00000510431||A0A8I5KR86.2|UPI001E2497D5||||||||||||||||||||||not_provided&pathogenic|0&1|1&1||||||32|4.792440,A|3_prime_UTR_variant&NMD_transcript_variant|MODIFIER|KRAS|ENSG00000133703|Transcript|ENST00000687356|nonsense_mediated_decay|3/4||ENST00000687356.1:c.*135C>T||446|||||rs1057519725&COSV55498939||-1||SNV|HGNC|HGNC:6407|||||ENSP00000510511||A0A8I5KXN3.2|UPI00015AA4A0||||||||||||||||||||||not_provided&pathogenic|0&1|1&1||||||32|4.792440,A|non_coding_transcript_exon_variant|MODIFIER|KRAS|ENSG00000133703|Transcript|ENST00000688228|retained_intron|2/3||ENST00000688228.1:n.911C>T||911|||||rs1057519725&COSV55498939||-1||SNV|HGNC|HGNC:6407||||||||||||||||||||||||||||||not_provided&pathogenic|0&1|1&1||||||32|4.792440,A|missense_variant|MODERATE|KRAS|ENSG00000133703|Transcript|ENST00000688940|protein_coding|4/5||ENST00000688940.1:c.437C>T|ENSP00000509238.1:p.Ala146Val|638|437|146|A/V|gCa/gTa|rs1057519725&COSV55498939||-1||SNV|HGNC|HGNC:6407|||P3|CCDS8702.1|ENSP00000509238|P01116.251|A0A024RAV5.54|UPI0000001252|P01116-2||deleterious_low_confidence(0)||Gene3D:3.40.50.300&PDB-ENSP_mappings:6xha.A&PDB-ENSP_mappings:6xi7.A&PDB-ENSP_mappings:7lz5.A&PDB-ENSP_mappings:7mdp.A&PDB-ENSP_mappings:7ok3.A&PDB-ENSP_mappings:7ok4.A&PDB-ENSP_mappings:7q9u.AAA&PDB-ENSP_mappings:7q9u.BBB&PDB-ENSP_mappings:7rp3.A&PDB-ENSP_mappings:7ycc.A&PDB-ENSP_mappings:7ycc.B&PDB-ENSP_mappings:7ycc.C&PDB-ENSP_mappings:7yce.A&PDB-ENSP_mappings:8dnj.A&PDB-ENSP_mappings:8dnj.B&PDB-ENSP_mappings:8dnj.C&PDB-ENSP_mappings:8dnk.A&Pfam:PF00071&Prints:PR00449&PROSITE_profiles:PS51419&PROSITE_profiles:PS51420&PROSITE_profiles:PS51421&PANTHER:PTHR24070&PANTHER:PTHR24070:SF388&SMART:SM00173&SMART:SM00174&SMART:SM00175&Superfamily:SSF52540&TIGRFAM:TIGR00231&CDD:cd04138|||||||||||||||||not_provided&pathogenic|0&1|1&1||||||32|4.792440,A|missense_variant&NMD_transcript_variant|MODERATE|KRAS|ENSG00000133703|Transcript|ENST00000690406|nonsense_mediated_decay|1/3||ENST00000690406.1:c.149C>T|ENSP00000509798.1:p.Ala50Val|147|149|50|A/V|gCa/gTa|rs1057519725&COSV55498939||-1|cds_start_NF|SNV|HGNC|HGNC:6407|||||ENSP00000509798||A0A8I5KYH6.2&A0A221ZRZ5.11|UPI000B8D9C09|||deleterious_low_confidence(0)|probably_damaging(0.985)||||||||||||||||||not_provided&pathogenic|0&1|1&1||||||32|4.792440,A|3_prime_UTR_variant&NMD_transcript_variant|MODIFIER|KRAS|ENSG00000133703|Transcript|ENST00000690804|nonsense_mediated_decay|5/6||ENST00000690804.1:c.*398C>T||744|||||rs1057519725&COSV55498939||-1||SNV|HGNC|HGNC:6407|||||ENSP00000508568||A0A8I5KQU3.2|UPI001E249B21||||||||||||||||||||||not_provided&pathogenic|0&1|1&1||||||32|4.792440,A|missense_variant|MODERATE|KRAS|ENSG00000133703|Transcript|ENST00000692768|protein_coding|3/4||ENST00000692768.1:c.239C>T|ENSP00000510254.1:p.Ala80Val|493|239|80|A/V|gCa/gTa|rs1057519725&COSV55498939||-1||SNV|HGNC|HGNC:6407|||||ENSP00000510254||A0A8I5KUB5.2|UPI001E24C9F0|||deleterious_low_confidence(0)||Gene3D:3.40.50.300&Pfam:PF00071&Prints:PR00449&PROSITE_profiles:PS51419&PROSITE_profiles:PS51421&PANTHER:PTHR24070&PANTHER:PTHR24070:SF388&SMART:SM00173&SMART:SM00174&SMART:SM00175&Superfamily:SSF52540&TIGRFAM:TIGR00231|||||||||||||||||not_provided&pathogenic|0&1|1&1||||||32|4.792440,A|missense_variant|MODERATE|KRAS|ENSG00000133703|Transcript|ENST00000693229|protein_coding|4/5||ENST00000693229.1:c.362C>T|ENSP00000509223.1:p.Ala121Val|522|362|121|A/V|gCa/gTa|rs1057519725&COSV55498939||-1||SNV|HGNC|HGNC:6407|||||ENSP00000509223||A0A8I5KQ21.2|UPI001E2444E0|||deleterious_low_confidence(0)|probably_damaging(0.982)|Gene3D:3.40.50.300&Pfam:PF00071&PROSITE_profiles:PS51419&PROSITE_profiles:PS51421&PANTHER:PTHR24070&PANTHER:PTHR24070:SF388&SMART:SM00173&SMART:SM00174&SMART:SM00175&Superfamily:SSF52540&TIGRFAM:TIGR00231|||||||||||||||||not_provided&pathogenic|0&1|1&1||||||32|4.792440	GT:AD:DP	0/1:149,9:.	G/A	12:25225627	A	ENSG00000133703	ENST00000690406	Transcript	missense_variant,NMD_transcript_variant	MODERATE	147	149	50	A/V	gCa/gTa	rs1057519725,COSV55498939			probably_damaging	0.985	deleterious_low_confidence	0	32	4.792440	KRAS	CGC:ONC; OncoKB:ONC; 2020Rule:ONC; CTAT:ONC; Oncogene:ONC		EGFR tyrosine kinase inhibitor resistance|Endocrine resistance|MAPK signaling pathway|ErbB signaling pathway|Ras signaling pathway|Rap1 signaling pathway|Chemokine signaling pathway|FoxO signaling pathway|Sphingolipid signaling pathway|Phospholipase D signaling pathway|Mitophagy - animal|Autophagy - animal|mTOR signaling pathway|PI3K-Akt signaling pathway|Apoptosis|Longevity regulating pathway|Longevity regulating pathway - multiple species|Cellular senescence|Axon guidance|VEGF signaling pathway|Apelin signaling pathway|Gap junction|Signaling pathways regulating pluripotency of stem cells|C-type lectin receptor signaling pathway|Natural killer cell mediated cytotoxicity|T cell receptor signaling pathway|B cell receptor signaling pathway|Fc epsilon RI signaling pathway|Thermogenesis|Long-term potentiation|Neurotrophin signaling pathway|Cholinergic synapse|Serotonergic synapse|Long-term depression|Regulation of actin cytoskeleton|Insulin signaling pathway|GnRH signaling pathway|Progesterone-mediated oocyte maturation|Estrogen signaling pathway|Melanogenesis|Prolactin signaling pathway|Thyroid hormone signaling pathway|Oxytocin signaling pathway|Relaxin signaling pathway|GnRH secretion|AGE-RAGE signaling pathway in diabetic complications|Growth hormone synthesis, secretion and action|Aldosterone-regulated sodium reabsorption|Alzheimer disease|Pathways of neurodegeneration - multiple diseases|Alcoholism|Hepatitis C|Hepatitis B|Human cytomegalovirus infection|Human papillomavirus infection|Human T-cell leukemia virus 1 infection|Kaposi sarcoma-associated herpesvirus infection|Human immunodeficiency virus 1 infection|Pathways in cancer|Viral carcinogenesis|Proteoglycans in cancer|MicroRNAs in cancer|Chemical carcinogenesis - receptor activation|Chemical carcinogenesis - reactive oxygen species|Colorectal cancer|Renal cell carcinoma|Pancreatic cancer|Endometrial cancer|Glioma|Prostate cancer|Thyroid cancer|Melanoma|Bladder cancer|Chronic myeloid leukemia|Acute myeloid leukemia|Non-small cell lung cancer|Breast cancer|Hepatocellular carcinoma|Gastric cancer|Central carbon metabolism in cancer|Choline metabolism in cancer|PD-L1 expression and PD-1 checkpoint pathway in cancer|Lipid and atherosclerosis	hsa01521|hsa01522|hsa04010|hsa04012|hsa04014|hsa04015|hsa04062|hsa04068|hsa04071|hsa04072|hsa04137|hsa04140|hsa04150|hsa04151|hsa04210|hsa04211|hsa04213|hsa04218|hsa04360|hsa04370|hsa04371|hsa04540|hsa04550|hsa04625|hsa04650|hsa04660|hsa04662|hsa04664|hsa04714|hsa04720|hsa04722|hsa04725|hsa04726|hsa04730|hsa04810|hsa04910|hsa04912|hsa04914|hsa04915|hsa04916|hsa04917|hsa04919|hsa04921|hsa04926|hsa04929|hsa04933|hsa04935|hsa04960|hsa05010|hsa05022|hsa05034|hsa05160|hsa05161|hsa05163|hsa05165|hsa05166|hsa05167|hsa05170|hsa05200|hsa05203|hsa05205|hsa05206|hsa05207|hsa05208|hsa05210|hsa05211|hsa05212|hsa05213|hsa05214|hsa05215|hsa05216|hsa05218|hsa05219|hsa05220|hsa05221|hsa05223|hsa05224|hsa05225|hsa05226|hsa05230|hsa05231|hsa05235|hsa05417	RCV000423608; RCV000434735; RCV000441300; RCV000791299	Non-small cell lung carcinoma; Neoplasm of the thyroid gland; Neoplasm of the large intestine; OCULOECTODERMAL SYNDROME, SOMATIC	not provided; Pathogenic; Pathogenic; Pathogenic	SNV	c.149C>T	p.Ala50Val				PF00071.25: Ras family	IPR005225: Small GTP-binding protein domain	47691 / 49097025	0	0.5951	ONC
12	25225627		G	A	.	.	CSQ=A|missense_variant|MODERATE|KRAS|ENSG00000133703|Transcript|ENST00000256078|protein_coding|4/6||ENST00000256078.10:c.437C>T|ENSP00000256078.5:p.Ala146Val|627|437|146|A/V|gCa/gTa|rs1057519725&COSV55498939||-1||SNV|HGNC|HGNC:6407||1|A1|CCDS8703.1|ENSP00000256078|P01116.251|L7RSL8.77|UPI0000133132|P01116-1|NM_001369786.1&NM_033360.4|deleterious_low_confidence(0)||PDB-ENSP_mappings:3gft.A&PDB-ENSP_mappings:3gft.B&PDB-ENSP_mappings:3gft.C&PDB-ENSP_mappings:3gft.D&PDB-ENSP_mappings:3gft.E&PDB-ENSP_mappings:3gft.F&PDB-ENSP_mappings:4dsn.A&PDB-ENSP_mappings:4dso.A&PDB-ENSP_mappings:4dst.A&PDB-ENSP_mappings:4dsu.A&PDB-ENSP_mappings:4epr.A&PDB-ENSP_mappings:4ept.A&PDB-ENSP_mappings:4epv.A&PDB-ENSP_mappings:4epw.A&PDB-ENSP_mappings:4epx.A&PDB-ENSP_mappings:4epy.A&PDB-ENSP_mappings:4l8g.A&PDB-ENSP_mappings:4ldj.A&PDB-ENSP_mappings:4lpk.A&PDB-ENSP_mappings:4lpk.B&PDB-ENSP_mappings:4lrw.A&PDB-ENSP_mappings:4lrw.B&PDB-ENSP_mappings:4luc.A&PDB-ENSP_mappings:4luc.B&PDB-ENSP_mappings:4lv6.A&PDB-ENSP_mappings:4lv6.B&PDB-ENSP_mappings:4lyf.A&PDB-ENSP_mappings:4lyf.B&PDB-ENSP_mappings:4lyf.C&PDB-ENSP_mappings:4lyh.A&PDB-ENSP_mappings:4lyh.B&PDB-ENSP_mappings:4lyh.C&PDB-ENSP_mappings:4lyj.A&PDB-ENSP_mappings:4m1o.A&PDB-ENSP_mappings:4m1o.B&PDB-ENSP_mappings:4m1o.C&PDB-ENSP_mappings:4m1s.A&PDB-ENSP_mappings:4m1s.B&PDB-ENSP_mappings:4m1s.C&PDB-ENSP_mappings:4m1t.A&PDB-ENSP_mappings:4m1t.B&PDB-ENSP_mappings:4m1t.C&PDB-ENSP_mappings:4m1w.A&PDB-ENSP_mappings:4m1w.B&PDB-ENSP_mappings:4m1w.C&PDB-ENSP_mappings:4m1y.A&PDB-ENSP_mappings:4m1y.B&PDB-ENSP_mappings:4m1y.C&PDB-ENSP_mappings:4m21.A&PDB-ENSP_mappings:4m21.B&PDB-ENSP_mappings:4m21.C&PDB-ENSP_mappings:4m22.A&PDB-ENSP_mappings:4m22.B&PDB-ENSP_mappings:4m22.C&PDB-ENSP_mappings:4nmm.A&PDB-ENSP_mappings:4obe.A&PDB-ENSP_mappings:4obe.B&PDB-ENSP_mappings:4pzy.A&PDB-ENSP_mappings:4pzy.B&PDB-ENSP_mappings:4pzz.A&PDB-ENSP_mappings:4q01.A&PDB-ENSP_mappings:4q01.B&PDB-ENSP_mappings:4q02.A&PDB-ENSP_mappings:4q03.A&PDB-ENSP_mappings:4ql3.A&PDB-ENSP_mappings:4tq9.A&PDB-ENSP_mappings:4tq9.B&PDB-ENSP_mappings:4tqa.A&PDB-ENSP_mappings:4tqa.B&PDB-ENSP_mappings:4wa7.A&PDB-ENSP_mappings:5f2e.A&PDB-ENSP_mappings:5kyk.A&PDB-ENSP_mappings:5kyk.B&PDB-ENSP_mappings:5kyk.C&PDB-ENSP_mappings:5mla.A&PDB-ENSP_mappings:5mlb.A&PDB-ENSP_mappings:5mlb.C&PDB-ENSP_mappings:5mlb.E&PDB-ENSP_mappings:5mlb.G&PDB-ENSP_mappings:5o2s.A&PDB-ENSP_mappings:5o2s.C&PDB-ENSP_mappings:5o2s.E&PDB-ENSP_mappings:5o2s.G&PDB-ENSP_mappings:5o2t.A&PDB-ENSP_mappings:5ocg.A&PDB-ENSP_mappings:5oco.A&PDB-ENSP_mappings:5oco.B&PDB-ENSP_mappings:5oco.C&PDB-ENSP_mappings:5oco.D&PDB-ENSP_mappings:5oco.E&PDB-ENSP_mappings:5oco.F&PDB-ENSP_mappings:5oct.A&PDB-ENSP_mappings:5oct.B&PDB-ENSP_mappings:5oct.C&PDB-ENSP_mappings:5oct.D&PDB-ENSP_mappings:5oct.E&PDB-ENSP_mappings:5oct.F&PDB-ENSP_mappings:5tar.A&PDB-ENSP_mappings:5tb5.A&PDB-ENSP_mappings:5tb5.C&PDB-ENSP_mappings:5ufe.A&PDB-ENSP_mappings:5ufq.A&PDB-ENSP_mappings:5ufq.B&PDB-ENSP_mappings:5uk9.A&PDB-ENSP_mappings:5uk9.B&PDB-ENSP_mappings:5uqw.A&PDB-ENSP_mappings:5uqw.B&PDB-ENSP_mappings:5us4.A&PDB-ENSP_mappings:5us4.B&PDB-ENSP_mappings:5usj.A&PDB-ENSP_mappings:5usj.B&PDB-ENSP_mappings:5usj.C&PDB-ENSP_mappings:5usj.D&PDB-ENSP_mappings:5usj.E&PDB-ENSP_mappings:5usj.F&PDB-ENSP_mappings:5v6s.A&PDB-ENSP_mappings:5v6v.A&PDB-ENSP_mappings:5v6v.B&PDB-ENSP_mappings:5v71.A&PDB-ENSP_mappings:5v71.B&PDB-ENSP_mappings:5v71.C&PDB-ENSP_mappings:5v71.D&PDB-ENSP_mappings:5v71.E&PDB-ENSP_mappings:5v71.F&PDB-ENSP_mappings:5v9l.A&PDB-ENSP_mappings:5v9l.B&PDB-ENSP_mappings:5v9l.C&PDB-ENSP_mappings:5v9o.A&PDB-ENSP_mappings:5v9u.A&PDB-ENSP_mappings:5v9u.B&PDB-ENSP_mappings:5vbm.A&PDB-ENSP_mappings:5vp7.A&PDB-ENSP_mappings:5vp7.F&PDB-ENSP_mappings:5vpi.A&PDB-ENSP_mappings:5vpi.B&PDB-ENSP_mappings:5vpy.A&PDB-ENSP_mappings:5vpy.B&PDB-ENSP_mappings:5vpz.A&PDB-ENSP_mappings:5vpz.B&PDB-ENSP_mappings:5vq0.A&PDB-ENSP_mappings:5vq0.B&PDB-ENSP_mappings:5vq1.A&PDB-ENSP_mappings:5vq1.B&PDB-ENSP_mappings:5vq2.A&PDB-ENSP_mappings:5vq2.B&PDB-ENSP_mappings:5vq6.A&PDB-ENSP_mappings:5vq6.B&PDB-ENSP_mappings:5vq8.A&PDB-ENSP_mappings:5vq8.B&PDB-ENSP_mappings:5w22.A&PDB-ENSP_mappings:5w22.B&PDB-ENSP_mappings:5wha.A&PDB-ENSP_mappings:5wha.D&PDB-ENSP_mappings:5wha.G&PDB-ENSP_mappings:5wha.J&PDB-ENSP_mappings:5whb.A&PDB-ENSP_mappings:5whb.D&PDB-ENSP_mappings:5whb.G&PDB-ENSP_mappings:5whb.J&PDB-ENSP_mappings:5whd.A&PDB-ENSP_mappings:5whd.B&PDB-ENSP_mappings:5whd.C&PDB-ENSP_mappings:5whd.D&PDB-ENSP_mappings:5whe.A&PDB-ENSP_mappings:5whe.D&PDB-ENSP_mappings:5whe.G&PDB-ENSP_mappings:5whe.J&PDB-ENSP_mappings:5wlb.A&PDB-ENSP_mappings:5wlb.D&PDB-ENSP_mappings:5wpm.A&PDB-ENSP_mappings:5xco.A&PDB-ENSP_mappings:5yxz.A&PDB-ENSP_mappings:5yy1.A&PDB-ENSP_mappings:6ark.A&PDB-ENSP_mappings:6asa.A&PDB-ENSP_mappings:6ase.A&PDB-ENSP_mappings:6b0v.A&PDB-ENSP_mappings:6b0v.B&PDB-ENSP_mappings:6b0y.A&PDB-ENSP_mappings:6b0y.B&PDB-ENSP_mappings:6bof.A&PDB-ENSP_mappings:6bof.B&PDB-ENSP_mappings:6bp1.A&PDB-ENSP_mappings:6cc9.B&PDB-ENSP_mappings:6cch.B&PDB-ENSP_mappings:6ccx.B&PDB-ENSP_mappings:6cu6.A&PDB-ENSP_mappings:6cu6.B&PDB-ENSP_mappings:6cu6.C&PDB-ENSP_mappings:6e6f.A&PDB-ENSP_mappings:6e6f.B&PDB-ENSP_mappings:6e6g.A&PDB-ENSP_mappings:6epl.R&PDB-ENSP_mappings:6epm.R&PDB-ENSP_mappings:6epn.R&PDB-ENSP_mappings:6epo.R&PDB-ENSP_mappings:6epp.R&PDB-ENSP_mappings:6f76.A&PDB-ENSP_mappings:6f76.B&PDB-ENSP_mappings:6f76.C&PDB-ENSP_mappings:6f76.D&PDB-ENSP_mappings:6f76.E&PDB-ENSP_mappings:6f76.F&PDB-ENSP_mappings:6fa1.A&PDB-ENSP_mappings:6fa1.B&PDB-ENSP_mappings:6fa1.C&PDB-ENSP_mappings:6fa1.D&PDB-ENSP_mappings:6fa1.E&PDB-ENSP_mappings:6fa1.F&PDB-ENSP_mappings:6fa2.A&PDB-ENSP_mappings:6fa2.B&PDB-ENSP_mappings:6fa2.C&PDB-ENSP_mappings:6fa2.D&PDB-ENSP_mappings:6fa2.E&PDB-ENSP_mappings:6fa2.F&PDB-ENSP_mappings:6fa3.A&PDB-ENSP_mappings:6fa3.B&PDB-ENSP_mappings:6fa3.C&PDB-ENSP_mappings:6fa3.D&PDB-ENSP_mappings:6fa3.E&PDB-ENSP_mappings:6fa3.F&PDB-ENSP_mappings:6fa4.A&PDB-ENSP_mappings:6fa4.B&PDB-ENSP_mappings:6fa4.C&PDB-ENSP_mappings:6fa4.D&PDB-ENSP_mappings:6fa4.E&PDB-ENSP_mappings:6fa4.F&PDB-ENSP_mappings:6gj5.A&PDB-ENSP_mappings:6gj5.B&PDB-ENSP_mappings:6gj6.A&PDB-ENSP_mappings:6gj7.A&PDB-ENSP_mappings:6gj8.A&PDB-ENSP_mappings:6god.A&PDB-ENSP_mappings:6goe.A&PDB-ENSP_mappings:6gof.A&PDB-ENSP_mappings:6gog.A&PDB-ENSP_mappings:6gog.B&PDB-ENSP_mappings:6gog.C&PDB-ENSP_mappings:6gog.D&PDB-ENSP_mappings:6gog.E&PDB-ENSP_mappings:6gog.F&PDB-ENSP_mappings:6gom.A&PDB-ENSP_mappings:6gom.B&PDB-ENSP_mappings:6gom.C&PDB-ENSP_mappings:6gom.D&PDB-ENSP_mappings:6gom.E&PDB-ENSP_mappings:6gom.F&PDB-ENSP_mappings:6gqt.A&PDB-ENSP_mappings:6gqt.B&PDB-ENSP_mappings:6gqt.C&PDB-ENSP_mappings:6gqt.D&PDB-ENSP_mappings:6gqt.E&PDB-ENSP_mappings:6gqt.F&PDB-ENSP_mappings:6gqw.A&PDB-ENSP_mappings:6gqw.B&PDB-ENSP_mappings:6gqw.C&PDB-ENSP_mappings:6gqw.D&PDB-ENSP_mappings:6gqw.E&PDB-ENSP_mappings:6gqw.F&PDB-ENSP_mappings:6gqx.A&PDB-ENSP_mappings:6gqx.B&PDB-ENSP_mappings:6gqx.C&PDB-ENSP_mappings:6gqx.D&PDB-ENSP_mappings:6gqx.E&PDB-ENSP_mappings:6gqx.F&PDB-ENSP_mappings:6gqy.A&PDB-ENSP_mappings:6gqy.B&PDB-ENSP_mappings:6gqy.C&PDB-ENSP_mappings:6gqy.D&PDB-ENSP_mappings:6gqy.E&PDB-ENSP_mappings:6gqy.F&PDB-ENSP_mappings:6h46.A&PDB-ENSP_mappings:6h47.A&PDB-ENSP_mappings:6m9w.A&PDB-ENSP_mappings:6mbq.A&PDB-ENSP_mappings:6mbt.A&PDB-ENSP_mappings:6mbt.B&PDB-ENSP_mappings:6mbu.A&PDB-ENSP_mappings:6mbu.B&PDB-ENSP_mappings:6mnx.A&PDB-ENSP_mappings:6mnx.B&PDB-ENSP_mappings:6mnx.C&PDB-ENSP_mappings:6mnx.D&PDB-ENSP_mappings:6mnx.E&PDB-ENSP_mappings:6mnx.F&PDB-ENSP_mappings:6mqg.A&PDB-ENSP_mappings:6mqn.A&PDB-ENSP_mappings:6mqn.B&PDB-ENSP_mappings:6mqn.C&PDB-ENSP_mappings:6ms9.A&PDB-ENSP_mappings:6ms9.B&PDB-ENSP_mappings:6ms9.C&PDB-ENSP_mappings:6mta.A&PDB-ENSP_mappings:6mta.B&PDB-ENSP_mappings:6mta.C&PDB-ENSP_mappings:6n2j.A&PDB-ENSP_mappings:6n2k.A&PDB-ENSP_mappings:6o36.A&PDB-ENSP_mappings:6o36.B&PDB-ENSP_mappings:6o36.C&PDB-ENSP_mappings:6o46.A&PDB-ENSP_mappings:6o46.B&PDB-ENSP_mappings:6o46.C&PDB-ENSP_mappings:6ob2.A&PDB-ENSP_mappings:6ob2.C&PDB-ENSP_mappings:6ob3.A&PDB-ENSP_mappings:6ob3.C&PDB-ENSP_mappings:6oim.A&PDB-ENSP_mappings:6p0z.A&PDB-ENSP_mappings:6p0z.B&PDB-ENSP_mappings:6p8w.A&PDB-ENSP_mappings:6p8w.B&PDB-ENSP_mappings:6p8x.A&PDB-ENSP_mappings:6p8x.B&PDB-ENSP_mappings:6p8x.C&PDB-ENSP_mappings:6p8x.D&PDB-ENSP_mappings:6p8y.A&PDB-ENSP_mappings:6p8y.B&PDB-ENSP_mappings:6p8z.A&PDB-ENSP_mappings:6p8z.B&PDB-ENSP_mappings:6pgo.A&PDB-ENSP_mappings:6pgo.B&PDB-ENSP_mappings:6pgp.A&PDB-ENSP_mappings:6pgp.B&PDB-ENSP_mappings:6pq3.A&PDB-ENSP_mappings:6pts.B&PDB-ENSP_mappings:6ptw.B&PDB-ENSP_mappings:6quu.A&PDB-ENSP_mappings:6quu.B&PDB-ENSP_mappings:6quv.A&PDB-ENSP_mappings:6quv.B&PDB-ENSP_mappings:6quw.A&PDB-ENSP_mappings:6quw.B&PDB-ENSP_mappings:6qux.A&PDB-ENSP_mappings:6qux.B&PDB-ENSP_mappings:6t5b.A&PDB-ENSP_mappings:6t5u.B&PDB-ENSP_mappings:6t5v.A&PDB-ENSP_mappings:6tam.A&PDB-ENSP_mappings:6tan.A&PDB-ENSP_mappings:6usx.A&PDB-ENSP_mappings:6usx.B&PDB-ENSP_mappings:6usz.A&PDB-ENSP_mappings:6ut0.A&PDB-ENSP_mappings:6ut0.B&PDB-ENSP_mappings:6ut0.C&PDB-ENSP_mappings:6ut0.D&PDB-ENSP_mappings:6v5l.A&PDB-ENSP_mappings:6v65.C&PDB-ENSP_mappings:6v6f.C&PDB-ENSP_mappings:6vc8.A&PDB-ENSP_mappings:6vc8.B&PDB-ENSP_mappings:6vc8.C&PDB-ENSP_mappings:6vjj.A&PDB-ENSP_mappings:6w4e.B&PDB-ENSP_mappings:6w4e.C&PDB-ENSP_mappings:6w4f.B&PDB-ENSP_mappings:6w4f.C&PDB-ENSP_mappings:6wgn.A&PDB-ENSP_mappings:6wgn.B&PDB-ENSP_mappings:6wgn.C&PDB-ENSP_mappings:6ws2.A&PDB-ENSP_mappings:6ws2.B&PDB-ENSP_mappings:6ws2.C&PDB-ENSP_mappings:6ws2.D&PDB-ENSP_mappings:6ws4.A&PDB-ENSP_mappings:6ws4.B&PDB-ENSP_mappings:6ws4.C&PDB-ENSP_mappings:6ws4.D&PDB-ENSP_mappings:6xgu.A&PDB-ENSP_mappings:6xgv.A&PDB-ENSP_mappings:6xhb.A&PDB-ENSP_mappings:6yr8.A&PDB-ENSP_mappings:6yxw.A&PDB-ENSP_mappings:6yxw.C&PDB-ENSP_mappings:6zl5.A&PDB-ENSP_mappings:6zli.A&PDB-ENSP_mappings:6zli.B&PDB-ENSP_mappings:7a1w.A&PDB-ENSP_mappings:7a1x.A&PDB-ENSP_mappings:7a1y.A&PDB-ENSP_mappings:7a47.A&PDB-ENSP_mappings:7a47.C&PDB-ENSP_mappings:7a47.E&PDB-ENSP_mappings:7aca.A&PDB-ENSP_mappings:7aca.B&PDB-ENSP_mappings:7aca.C&PDB-ENSP_mappings:7aca.D&PDB-ENSP_mappings:7acf.A&PDB-ENSP_mappings:7acf.B&PDB-ENSP_mappings:7acf.C&PDB-ENSP_mappings:7acf.D&PDB-ENSP_mappings:7ach.A&PDB-ENSP_mappings:7ach.B&PDB-ENSP_mappings:7acq.A&PDB-ENSP_mappings:7acq.B&PDB-ENSP_mappings:7acq.C&PDB-ENSP_mappings:7c40.A&PDB-ENSP_mappings:7c41.A&PDB-ENSP_mappings:7c41.G&PDB-ENSP_mappings:7c41.J&PDB-ENSP_mappings:7c41.M&PDB-ENSP_mappings:7ew9.A&PDB-ENSP_mappings:7ew9.B&PDB-ENSP_mappings:7ew9.C&PDB-ENSP_mappings:7ewa.A&PDB-ENSP_mappings:7ewa.B&PDB-ENSP_mappings:7ewa.C&PDB-ENSP_mappings:7ewb.A&PDB-ENSP_mappings:7ewb.B&PDB-ENSP_mappings:7ewb.C&PDB-ENSP_mappings:7eyx.A&PDB-ENSP_mappings:7f0w.A&PDB-ENSP_mappings:7kfz.A&PDB-ENSP_mappings:7kfz.C&PDB-ENSP_mappings:7kmr.A&PDB-ENSP_mappings:7kyz.A&PDB-ENSP_mappings:7lc1.A&PDB-ENSP_mappings:7lc1.C&PDB-ENSP_mappings:7lc2.A&PDB-ENSP_mappings:7lc2.B&PDB-ENSP_mappings:7lgi.A&PDB-ENSP_mappings:7mqu.A&PDB-ENSP_mappings:7ny8.A&PDB-ENSP_mappings:7ny8.B&PDB-ENSP_mappings:7o70.A&PDB-ENSP_mappings:7o70.D&PDB-ENSP_mappings:7oo7.A&PDB-ENSP_mappings:7oo7.D&PDB-ENSP_mappings:7r0m.A&PDB-ENSP_mappings:7r0m.B&PDB-ENSP_mappings:7r0n.A&PDB-ENSP_mappings:7r0q.A&PDB-ENSP_mappings:7r0q.B&PDB-ENSP_mappings:7rov.A&PDB-ENSP_mappings:7rov.B&PDB-ENSP_mappings:7rp2.A&PDB-ENSP_mappings:7rp4.A&PDB-ENSP_mappings:7rp4.B&PDB-ENSP_mappings:7rpz.A&PDB-ENSP_mappings:7rsc.A&PDB-ENSP_mappings:7rsc.B&PDB-ENSP_mappings:7rse.A&PDB-ENSP_mappings:7rse.B&PDB-ENSP_mappings:7rt1.A&PDB-ENSP_mappings:7rt2.A&PDB-ENSP_mappings:7rt3.A&PDB-ENSP_mappings:7rt4.A&PDB-ENSP_mappings:7rt5.A&PDB-ENSP_mappings:7scw.A&PDB-ENSP_mappings:7scx.A&PDB-ENSP_mappings:7t47.A&PDB-ENSP_mappings:7tle.A&PDB-ENSP_mappings:7tlg.A&PDB-ENSP_mappings:7tlg.B&PDB-ENSP_mappings:7tlk.A&PDB-ENSP_mappings:7tlk.B&PDB-ENSP_mappings:7vvb.A&PDB-ENSP_mappings:8dni.A&PROSITE_profiles:PS51420&PROSITE_profiles:PS51421&PROSITE_profiles:PS51419&CDD:cd04138&PANTHER:PTHR24070&PANTHER:PTHR24070:SF388&Gene3D:3.40.50.300&TIGRFAM:TIGR00231&Pfam:PF00071&SMART:SM00173&SMART:SM00176&SMART:SM00175&SMART:SM00174&Superfamily:SSF52540&Prints:PR00449&AFDB-ENSP_mappings:AF-P01116-F1.A|||||||||||||||||not_provided&pathogenic|0&1|1&1||||||32|4.792440,A|missense_variant|MODERATE|KRAS|ENSG00000133703|Transcript|ENST00000311936|protein_coding|4/5||ENST00000311936.8:c.437C>T|ENSP00000308495.3:p.Ala146Val|627|437|146|A/V|gCa/gTa|rs1057519725&COSV55498939||-1||SNV|HGNC|HGNC:6407|YES|1|P3|CCDS8702.1|ENSP00000308495|P01116.251|A0A024RAV5.54|UPI0000001252|P01116-2|NM_004985.5|deleterious_low_confidence(0)||Gene3D:3.40.50.300&PDB-ENSP_mappings:6xha.A&PDB-ENSP_mappings:6xi7.A&PDB-ENSP_mappings:7lz5.A&PDB-ENSP_mappings:7mdp.A&PDB-ENSP_mappings:7ok3.A&PDB-ENSP_mappings:7ok4.A&PDB-ENSP_mappings:7q9u.AAA&PDB-ENSP_mappings:7q9u.BBB&PDB-ENSP_mappings:7rp3.A&PDB-ENSP_mappings:7ycc.A&PDB-ENSP_mappings:7ycc.B&PDB-ENSP_mappings:7ycc.C&PDB-ENSP_mappings:7yce.A&PDB-ENSP_mappings:8dnj.A&PDB-ENSP_mappings:8dnj.B&PDB-ENSP_mappings:8dnj.C&PDB-ENSP_mappings:8dnk.A&Pfam:PF00071&Prints:PR00449&PROSITE_profiles:PS51419&PROSITE_profiles:PS51420&PROSITE_profiles:PS51421&PANTHER:PTHR24070&PANTHER:PTHR24070:SF388&SMART:SM00173&SMART:SM00174&SMART:SM00175&Superfamily:SSF52540&TIGRFAM:TIGR00231&CDD:cd04138|||||||||||||||||not_provided&pathogenic|0&1|1&1||||||32|4.792440,A|intron_variant|MODIFIER|KRAS|ENSG00000133703|Transcript|ENST00000557334|protein_coding||2/2|ENST00000557334.6:c.112-15716C>T|||||||rs1057519725&COSV55498939||-1||SNV|HGNC|HGNC:6407||5|||ENSP00000452512||G3V5T7.63|UPI00021CF477||||||||||||||||||||||not_provided&pathogenic|0&1|1&1||||||32|4.792440,A|non_coding_transcript_exon_variant|MODIFIER||ENSG00000275197|Transcript|ENST00000620933|lncRNA|1/1||ENST00000620933.1:n.525G>A||525|||||rs1057519725&COSV55498939||1||SNV|||YES|||||||||||||||||||||||||||||not_provided&pathogenic|0&1|1&1||||||32|4.792440,A|missense_variant|MODERATE|KRAS|ENSG00000133703|Transcript|ENST00000685328|protein_coding|4/5||ENST00000685328.1:c.437C>T|ENSP00000508921.1:p.Ala146Val|620|437|146|A/V|gCa/gTa|rs1057519725&COSV55498939||-1||SNV|HGNC|HGNC:6407|||P3|CCDS8702.1|ENSP00000508921|P01116.251|A0A024RAV5.54|UPI0000001252|P01116-2|NM_001369787.1|deleterious_low_confidence(0)||Gene3D:3.40.50.300&PDB-ENSP_mappings:6xha.A&PDB-ENSP_mappings:6xi7.A&PDB-ENSP_mappings:7lz5.A&PDB-ENSP_mappings:7mdp.A&PDB-ENSP_mappings:7ok3.A&PDB-ENSP_mappings:7ok4.A&PDB-ENSP_mappings:7q9u.AAA&PDB-ENSP_mappings:7q9u.BBB&PDB-ENSP_mappings:7rp3.A&PDB-ENSP_mappings:7ycc.A&PDB-ENSP_mappings:7ycc.B&PDB-ENSP_mappings:7ycc.C&PDB-ENSP_mappings:7yce.A&PDB-ENSP_mappings:8dnj.A&PDB-ENSP_mappings:8dnj.B&PDB-ENSP_mappings:8dnj.C&PDB-ENSP_mappings:8dnk.A&Pfam:PF00071&Prints:PR00449&PROSITE_profiles:PS51419&PROSITE_profiles:PS51420&PROSITE_profiles:PS51421&PANTHER:PTHR24070&PANTHER:PTHR24070:SF388&SMART:SM00173&SMART:SM00174&SMART:SM00175&Superfamily:SSF52540&TIGRFAM:TIGR00231&CDD:cd04138|||||||||||||||||not_provided&pathogenic|0&1|1&1||||||32|4.792440,A|3_prime_UTR_variant&NMD_transcript_variant|MODIFIER|KRAS|ENSG00000133703|Transcript|ENST00000686877|nonsense_mediated_decay|5/6||ENST00000686877.1:c.*408C>T||745|||||rs1057519725&COSV55498939||-1||SNV|HGNC|HGNC:6407|||||ENSP00000510431||A0A8I5KR86.2|UPI001E2497D5||||||||||||||||||||||not_provided&pathogenic|0&1|1&1||||||32|4.792440,A|3_prime_UTR_variant&NMD_transcript_variant|MODIFIER|KRAS|ENSG00000133703|Transcript|ENST00000687356|nonsense_mediated_decay|3/4||ENST00000687356.1:c.*135C>T||446|||||rs1057519725&COSV55498939||-1||SNV|HGNC|HGNC:6407|||||ENSP00000510511||A0A8I5KXN3.2|UPI00015AA4A0||||||||||||||||||||||not_provided&pathogenic|0&1|1&1||||||32|4.792440,A|non_coding_transcript_exon_variant|MODIFIER|KRAS|ENSG00000133703|Transcript|ENST00000688228|retained_intron|2/3||ENST00000688228.1:n.911C>T||911|||||rs1057519725&COSV55498939||-1||SNV|HGNC|HGNC:6407||||||||||||||||||||||||||||||not_provided&pathogenic|0&1|1&1||||||32|4.792440,A|missense_variant|MODERATE|KRAS|ENSG00000133703|Transcript|ENST00000688940|protein_coding|4/5||ENST00000688940.1:c.437C>T|ENSP00000509238.1:p.Ala146Val|638|437|146|A/V|gCa/gTa|rs1057519725&COSV55498939||-1||SNV|HGNC|HGNC:6407|||P3|CCDS8702.1|ENSP00000509238|P01116.251|A0A024RAV5.54|UPI0000001252|P01116-2||deleterious_low_confidence(0)||Gene3D:3.40.50.300&PDB-ENSP_mappings:6xha.A&PDB-ENSP_mappings:6xi7.A&PDB-ENSP_mappings:7lz5.A&PDB-ENSP_mappings:7mdp.A&PDB-ENSP_mappings:7ok3.A&PDB-ENSP_mappings:7ok4.A&PDB-ENSP_mappings:7q9u.AAA&PDB-ENSP_mappings:7q9u.BBB&PDB-ENSP_mappings:7rp3.A&PDB-ENSP_mappings:7ycc.A&PDB-ENSP_mappings:7ycc.B&PDB-ENSP_mappings:7ycc.C&PDB-ENSP_mappings:7yce.A&PDB-ENSP_mappings:8dnj.A&PDB-ENSP_mappings:8dnj.B&PDB-ENSP_mappings:8dnj.C&PDB-ENSP_mappings:8dnk.A&Pfam:PF00071&Prints:PR00449&PROSITE_profiles:PS51419&PROSITE_profiles:PS51420&PROSITE_profiles:PS51421&PANTHER:PTHR24070&PANTHER:PTHR24070:SF388&SMART:SM00173&SMART:SM00174&SMART:SM00175&Superfamily:SSF52540&TIGRFAM:TIGR00231&CDD:cd04138|||||||||||||||||not_provided&pathogenic|0&1|1&1||||||32|4.792440,A|missense_variant&NMD_transcript_variant|MODERATE|KRAS|ENSG00000133703|Transcript|ENST00000690406|nonsense_mediated_decay|1/3||ENST00000690406.1:c.149C>T|ENSP00000509798.1:p.Ala50Val|147|149|50|A/V|gCa/gTa|rs1057519725&COSV55498939||-1|cds_start_NF|SNV|HGNC|HGNC:6407|||||ENSP00000509798||A0A8I5KYH6.2&A0A221ZRZ5.11|UPI000B8D9C09|||deleterious_low_confidence(0)|probably_damaging(0.985)||||||||||||||||||not_provided&pathogenic|0&1|1&1||||||32|4.792440,A|3_prime_UTR_variant&NMD_transcript_variant|MODIFIER|KRAS|ENSG00000133703|Transcript|ENST00000690804|nonsense_mediated_decay|5/6||ENST00000690804.1:c.*398C>T||744|||||rs1057519725&COSV55498939||-1||SNV|HGNC|HGNC:6407|||||ENSP00000508568||A0A8I5KQU3.2|UPI001E249B21||||||||||||||||||||||not_provided&pathogenic|0&1|1&1||||||32|4.792440,A|missense_variant|MODERATE|KRAS|ENSG00000133703|Transcript|ENST00000692768|protein_coding|3/4||ENST00000692768.1:c.239C>T|ENSP00000510254.1:p.Ala80Val|493|239|80|A/V|gCa/gTa|rs1057519725&COSV55498939||-1||SNV|HGNC|HGNC:6407|||||ENSP00000510254||A0A8I5KUB5.2|UPI001E24C9F0|||deleterious_low_confidence(0)||Gene3D:3.40.50.300&Pfam:PF00071&Prints:PR00449&PROSITE_profiles:PS51419&PROSITE_profiles:PS51421&PANTHER:PTHR24070&PANTHER:PTHR24070:SF388&SMART:SM00173&SMART:SM00174&SMART:SM00175&Superfamily:SSF52540&TIGRFAM:TIGR00231|||||||||||||||||not_provided&pathogenic|0&1|1&1||||||32|4.792440,A|missense_variant|MODERATE|KRAS|ENSG00000133703|Transcript|ENST00000693229|protein_coding|4/5||ENST00000693229.1:c.362C>T|ENSP00000509223.1:p.Ala121Val|522|362|121|A/V|gCa/gTa|rs1057519725&COSV55498939||-1||SNV|HGNC|HGNC:6407|||||ENSP00000509223||A0A8I5KQ21.2|UPI001E2444E0|||deleterious_low_confidence(0)|probably_damaging(0.982)|Gene3D:3.40.50.300&Pfam:PF00071&PROSITE_profiles:PS51419&PROSITE_profiles:PS51421&PANTHER:PTHR24070&PANTHER:PTHR24070:SF388&SMART:SM00173&SMART:SM00174&SMART:SM00175&Superfamily:SSF52540&TIGRFAM:TIGR00231|||||||||||||||||not_provided&pathogenic|0&1|1&1||||||32|4.792440	GT:AD:DP	0/1:149,9:.	G/A	12:25225627	A	ENSG00000133703	ENST00000690804	Transcript	3_prime_UTR_variant,NMD_transcript_variant	MODIFIER	744					rs1057519725,COSV55498939							32	4.792440	KRAS	CGC:ONC; OncoKB:ONC; 2020Rule:ONC; CTAT:ONC; Oncogene:ONC		EGFR tyrosine kinase inhibitor resistance|Endocrine resistance|MAPK signaling pathway|ErbB signaling pathway|Ras signaling pathway|Rap1 signaling pathway|Chemokine signaling pathway|FoxO signaling pathway|Sphingolipid signaling pathway|Phospholipase D signaling pathway|Mitophagy - animal|Autophagy - animal|mTOR signaling pathway|PI3K-Akt signaling pathway|Apoptosis|Longevity regulating pathway|Longevity regulating pathway - multiple species|Cellular senescence|Axon guidance|VEGF signaling pathway|Apelin signaling pathway|Gap junction|Signaling pathways regulating pluripotency of stem cells|C-type lectin receptor signaling pathway|Natural killer cell mediated cytotoxicity|T cell receptor signaling pathway|B cell receptor signaling pathway|Fc epsilon RI signaling pathway|Thermogenesis|Long-term potentiation|Neurotrophin signaling pathway|Cholinergic synapse|Serotonergic synapse|Long-term depression|Regulation of actin cytoskeleton|Insulin signaling pathway|GnRH signaling pathway|Progesterone-mediated oocyte maturation|Estrogen signaling pathway|Melanogenesis|Prolactin signaling pathway|Thyroid hormone signaling pathway|Oxytocin signaling pathway|Relaxin signaling pathway|GnRH secretion|AGE-RAGE signaling pathway in diabetic complications|Growth hormone synthesis, secretion and action|Aldosterone-regulated sodium reabsorption|Alzheimer disease|Pathways of neurodegeneration - multiple diseases|Alcoholism|Hepatitis C|Hepatitis B|Human cytomegalovirus infection|Human papillomavirus infection|Human T-cell leukemia virus 1 infection|Kaposi sarcoma-associated herpesvirus infection|Human immunodeficiency virus 1 infection|Pathways in cancer|Viral carcinogenesis|Proteoglycans in cancer|MicroRNAs in cancer|Chemical carcinogenesis - receptor activation|Chemical carcinogenesis - reactive oxygen species|Colorectal cancer|Renal cell carcinoma|Pancreatic cancer|Endometrial cancer|Glioma|Prostate cancer|Thyroid cancer|Melanoma|Bladder cancer|Chronic myeloid leukemia|Acute myeloid leukemia|Non-small cell lung cancer|Breast cancer|Hepatocellular carcinoma|Gastric cancer|Central carbon metabolism in cancer|Choline metabolism in cancer|PD-L1 expression and PD-1 checkpoint pathway in cancer|Lipid and atherosclerosis	hsa01521|hsa01522|hsa04010|hsa04012|hsa04014|hsa04015|hsa04062|hsa04068|hsa04071|hsa04072|hsa04137|hsa04140|hsa04150|hsa04151|hsa04210|hsa04211|hsa04213|hsa04218|hsa04360|hsa04370|hsa04371|hsa04540|hsa04550|hsa04625|hsa04650|hsa04660|hsa04662|hsa04664|hsa04714|hsa04720|hsa04722|hsa04725|hsa04726|hsa04730|hsa04810|hsa04910|hsa04912|hsa04914|hsa04915|hsa04916|hsa04917|hsa04919|hsa04921|hsa04926|hsa04929|hsa04933|hsa04935|hsa04960|hsa05010|hsa05022|hsa05034|hsa05160|hsa05161|hsa05163|hsa05165|hsa05166|hsa05167|hsa05170|hsa05200|hsa05203|hsa05205|hsa05206|hsa05207|hsa05208|hsa05210|hsa05211|hsa05212|hsa05213|hsa05214|hsa05215|hsa05216|hsa05218|hsa05219|hsa05220|hsa05221|hsa05223|hsa05224|hsa05225|hsa05226|hsa05230|hsa05231|hsa05235|hsa05417	RCV000423608; RCV000434735; RCV000441300; RCV000791299	Non-small cell lung carcinoma; Neoplasm of the thyroid gland; Neoplasm of the large intestine; OCULOECTODERMAL SYNDROME, SOMATIC	not provided; Pathogenic; Pathogenic; Pathogenic	SNV	c.*398C>T							47691 / 49097025	0	0.3851	ONC
12	25225627		G	A	.	.	CSQ=A|missense_variant|MODERATE|KRAS|ENSG00000133703|Transcript|ENST00000256078|protein_coding|4/6||ENST00000256078.10:c.437C>T|ENSP00000256078.5:p.Ala146Val|627|437|146|A/V|gCa/gTa|rs1057519725&COSV55498939||-1||SNV|HGNC|HGNC:6407||1|A1|CCDS8703.1|ENSP00000256078|P01116.251|L7RSL8.77|UPI0000133132|P01116-1|NM_001369786.1&NM_033360.4|deleterious_low_confidence(0)||PDB-ENSP_mappings:3gft.A&PDB-ENSP_mappings:3gft.B&PDB-ENSP_mappings:3gft.C&PDB-ENSP_mappings:3gft.D&PDB-ENSP_mappings:3gft.E&PDB-ENSP_mappings:3gft.F&PDB-ENSP_mappings:4dsn.A&PDB-ENSP_mappings:4dso.A&PDB-ENSP_mappings:4dst.A&PDB-ENSP_mappings:4dsu.A&PDB-ENSP_mappings:4epr.A&PDB-ENSP_mappings:4ept.A&PDB-ENSP_mappings:4epv.A&PDB-ENSP_mappings:4epw.A&PDB-ENSP_mappings:4epx.A&PDB-ENSP_mappings:4epy.A&PDB-ENSP_mappings:4l8g.A&PDB-ENSP_mappings:4ldj.A&PDB-ENSP_mappings:4lpk.A&PDB-ENSP_mappings:4lpk.B&PDB-ENSP_mappings:4lrw.A&PDB-ENSP_mappings:4lrw.B&PDB-ENSP_mappings:4luc.A&PDB-ENSP_mappings:4luc.B&PDB-ENSP_mappings:4lv6.A&PDB-ENSP_mappings:4lv6.B&PDB-ENSP_mappings:4lyf.A&PDB-ENSP_mappings:4lyf.B&PDB-ENSP_mappings:4lyf.C&PDB-ENSP_mappings:4lyh.A&PDB-ENSP_mappings:4lyh.B&PDB-ENSP_mappings:4lyh.C&PDB-ENSP_mappings:4lyj.A&PDB-ENSP_mappings:4m1o.A&PDB-ENSP_mappings:4m1o.B&PDB-ENSP_mappings:4m1o.C&PDB-ENSP_mappings:4m1s.A&PDB-ENSP_mappings:4m1s.B&PDB-ENSP_mappings:4m1s.C&PDB-ENSP_mappings:4m1t.A&PDB-ENSP_mappings:4m1t.B&PDB-ENSP_mappings:4m1t.C&PDB-ENSP_mappings:4m1w.A&PDB-ENSP_mappings:4m1w.B&PDB-ENSP_mappings:4m1w.C&PDB-ENSP_mappings:4m1y.A&PDB-ENSP_mappings:4m1y.B&PDB-ENSP_mappings:4m1y.C&PDB-ENSP_mappings:4m21.A&PDB-ENSP_mappings:4m21.B&PDB-ENSP_mappings:4m21.C&PDB-ENSP_mappings:4m22.A&PDB-ENSP_mappings:4m22.B&PDB-ENSP_mappings:4m22.C&PDB-ENSP_mappings:4nmm.A&PDB-ENSP_mappings:4obe.A&PDB-ENSP_mappings:4obe.B&PDB-ENSP_mappings:4pzy.A&PDB-ENSP_mappings:4pzy.B&PDB-ENSP_mappings:4pzz.A&PDB-ENSP_mappings:4q01.A&PDB-ENSP_mappings:4q01.B&PDB-ENSP_mappings:4q02.A&PDB-ENSP_mappings:4q03.A&PDB-ENSP_mappings:4ql3.A&PDB-ENSP_mappings:4tq9.A&PDB-ENSP_mappings:4tq9.B&PDB-ENSP_mappings:4tqa.A&PDB-ENSP_mappings:4tqa.B&PDB-ENSP_mappings:4wa7.A&PDB-ENSP_mappings:5f2e.A&PDB-ENSP_mappings:5kyk.A&PDB-ENSP_mappings:5kyk.B&PDB-ENSP_mappings:5kyk.C&PDB-ENSP_mappings:5mla.A&PDB-ENSP_mappings:5mlb.A&PDB-ENSP_mappings:5mlb.C&PDB-ENSP_mappings:5mlb.E&PDB-ENSP_mappings:5mlb.G&PDB-ENSP_mappings:5o2s.A&PDB-ENSP_mappings:5o2s.C&PDB-ENSP_mappings:5o2s.E&PDB-ENSP_mappings:5o2s.G&PDB-ENSP_mappings:5o2t.A&PDB-ENSP_mappings:5ocg.A&PDB-ENSP_mappings:5oco.A&PDB-ENSP_mappings:5oco.B&PDB-ENSP_mappings:5oco.C&PDB-ENSP_mappings:5oco.D&PDB-ENSP_mappings:5oco.E&PDB-ENSP_mappings:5oco.F&PDB-ENSP_mappings:5oct.A&PDB-ENSP_mappings:5oct.B&PDB-ENSP_mappings:5oct.C&PDB-ENSP_mappings:5oct.D&PDB-ENSP_mappings:5oct.E&PDB-ENSP_mappings:5oct.F&PDB-ENSP_mappings:5tar.A&PDB-ENSP_mappings:5tb5.A&PDB-ENSP_mappings:5tb5.C&PDB-ENSP_mappings:5ufe.A&PDB-ENSP_mappings:5ufq.A&PDB-ENSP_mappings:5ufq.B&PDB-ENSP_mappings:5uk9.A&PDB-ENSP_mappings:5uk9.B&PDB-ENSP_mappings:5uqw.A&PDB-ENSP_mappings:5uqw.B&PDB-ENSP_mappings:5us4.A&PDB-ENSP_mappings:5us4.B&PDB-ENSP_mappings:5usj.A&PDB-ENSP_mappings:5usj.B&PDB-ENSP_mappings:5usj.C&PDB-ENSP_mappings:5usj.D&PDB-ENSP_mappings:5usj.E&PDB-ENSP_mappings:5usj.F&PDB-ENSP_mappings:5v6s.A&PDB-ENSP_mappings:5v6v.A&PDB-ENSP_mappings:5v6v.B&PDB-ENSP_mappings:5v71.A&PDB-ENSP_mappings:5v71.B&PDB-ENSP_mappings:5v71.C&PDB-ENSP_mappings:5v71.D&PDB-ENSP_mappings:5v71.E&PDB-ENSP_mappings:5v71.F&PDB-ENSP_mappings:5v9l.A&PDB-ENSP_mappings:5v9l.B&PDB-ENSP_mappings:5v9l.C&PDB-ENSP_mappings:5v9o.A&PDB-ENSP_mappings:5v9u.A&PDB-ENSP_mappings:5v9u.B&PDB-ENSP_mappings:5vbm.A&PDB-ENSP_mappings:5vp7.A&PDB-ENSP_mappings:5vp7.F&PDB-ENSP_mappings:5vpi.A&PDB-ENSP_mappings:5vpi.B&PDB-ENSP_mappings:5vpy.A&PDB-ENSP_mappings:5vpy.B&PDB-ENSP_mappings:5vpz.A&PDB-ENSP_mappings:5vpz.B&PDB-ENSP_mappings:5vq0.A&PDB-ENSP_mappings:5vq0.B&PDB-ENSP_mappings:5vq1.A&PDB-ENSP_mappings:5vq1.B&PDB-ENSP_mappings:5vq2.A&PDB-ENSP_mappings:5vq2.B&PDB-ENSP_mappings:5vq6.A&PDB-ENSP_mappings:5vq6.B&PDB-ENSP_mappings:5vq8.A&PDB-ENSP_mappings:5vq8.B&PDB-ENSP_mappings:5w22.A&PDB-ENSP_mappings:5w22.B&PDB-ENSP_mappings:5wha.A&PDB-ENSP_mappings:5wha.D&PDB-ENSP_mappings:5wha.G&PDB-ENSP_mappings:5wha.J&PDB-ENSP_mappings:5whb.A&PDB-ENSP_mappings:5whb.D&PDB-ENSP_mappings:5whb.G&PDB-ENSP_mappings:5whb.J&PDB-ENSP_mappings:5whd.A&PDB-ENSP_mappings:5whd.B&PDB-ENSP_mappings:5whd.C&PDB-ENSP_mappings:5whd.D&PDB-ENSP_mappings:5whe.A&PDB-ENSP_mappings:5whe.D&PDB-ENSP_mappings:5whe.G&PDB-ENSP_mappings:5whe.J&PDB-ENSP_mappings:5wlb.A&PDB-ENSP_mappings:5wlb.D&PDB-ENSP_mappings:5wpm.A&PDB-ENSP_mappings:5xco.A&PDB-ENSP_mappings:5yxz.A&PDB-ENSP_mappings:5yy1.A&PDB-ENSP_mappings:6ark.A&PDB-ENSP_mappings:6asa.A&PDB-ENSP_mappings:6ase.A&PDB-ENSP_mappings:6b0v.A&PDB-ENSP_mappings:6b0v.B&PDB-ENSP_mappings:6b0y.A&PDB-ENSP_mappings:6b0y.B&PDB-ENSP_mappings:6bof.A&PDB-ENSP_mappings:6bof.B&PDB-ENSP_mappings:6bp1.A&PDB-ENSP_mappings:6cc9.B&PDB-ENSP_mappings:6cch.B&PDB-ENSP_mappings:6ccx.B&PDB-ENSP_mappings:6cu6.A&PDB-ENSP_mappings:6cu6.B&PDB-ENSP_mappings:6cu6.C&PDB-ENSP_mappings:6e6f.A&PDB-ENSP_mappings:6e6f.B&PDB-ENSP_mappings:6e6g.A&PDB-ENSP_mappings:6epl.R&PDB-ENSP_mappings:6epm.R&PDB-ENSP_mappings:6epn.R&PDB-ENSP_mappings:6epo.R&PDB-ENSP_mappings:6epp.R&PDB-ENSP_mappings:6f76.A&PDB-ENSP_mappings:6f76.B&PDB-ENSP_mappings:6f76.C&PDB-ENSP_mappings:6f76.D&PDB-ENSP_mappings:6f76.E&PDB-ENSP_mappings:6f76.F&PDB-ENSP_mappings:6fa1.A&PDB-ENSP_mappings:6fa1.B&PDB-ENSP_mappings:6fa1.C&PDB-ENSP_mappings:6fa1.D&PDB-ENSP_mappings:6fa1.E&PDB-ENSP_mappings:6fa1.F&PDB-ENSP_mappings:6fa2.A&PDB-ENSP_mappings:6fa2.B&PDB-ENSP_mappings:6fa2.C&PDB-ENSP_mappings:6fa2.D&PDB-ENSP_mappings:6fa2.E&PDB-ENSP_mappings:6fa2.F&PDB-ENSP_mappings:6fa3.A&PDB-ENSP_mappings:6fa3.B&PDB-ENSP_mappings:6fa3.C&PDB-ENSP_mappings:6fa3.D&PDB-ENSP_mappings:6fa3.E&PDB-ENSP_mappings:6fa3.F&PDB-ENSP_mappings:6fa4.A&PDB-ENSP_mappings:6fa4.B&PDB-ENSP_mappings:6fa4.C&PDB-ENSP_mappings:6fa4.D&PDB-ENSP_mappings:6fa4.E&PDB-ENSP_mappings:6fa4.F&PDB-ENSP_mappings:6gj5.A&PDB-ENSP_mappings:6gj5.B&PDB-ENSP_mappings:6gj6.A&PDB-ENSP_mappings:6gj7.A&PDB-ENSP_mappings:6gj8.A&PDB-ENSP_mappings:6god.A&PDB-ENSP_mappings:6goe.A&PDB-ENSP_mappings:6gof.A&PDB-ENSP_mappings:6gog.A&PDB-ENSP_mappings:6gog.B&PDB-ENSP_mappings:6gog.C&PDB-ENSP_mappings:6gog.D&PDB-ENSP_mappings:6gog.E&PDB-ENSP_mappings:6gog.F&PDB-ENSP_mappings:6gom.A&PDB-ENSP_mappings:6gom.B&PDB-ENSP_mappings:6gom.C&PDB-ENSP_mappings:6gom.D&PDB-ENSP_mappings:6gom.E&PDB-ENSP_mappings:6gom.F&PDB-ENSP_mappings:6gqt.A&PDB-ENSP_mappings:6gqt.B&PDB-ENSP_mappings:6gqt.C&PDB-ENSP_mappings:6gqt.D&PDB-ENSP_mappings:6gqt.E&PDB-ENSP_mappings:6gqt.F&PDB-ENSP_mappings:6gqw.A&PDB-ENSP_mappings:6gqw.B&PDB-ENSP_mappings:6gqw.C&PDB-ENSP_mappings:6gqw.D&PDB-ENSP_mappings:6gqw.E&PDB-ENSP_mappings:6gqw.F&PDB-ENSP_mappings:6gqx.A&PDB-ENSP_mappings:6gqx.B&PDB-ENSP_mappings:6gqx.C&PDB-ENSP_mappings:6gqx.D&PDB-ENSP_mappings:6gqx.E&PDB-ENSP_mappings:6gqx.F&PDB-ENSP_mappings:6gqy.A&PDB-ENSP_mappings:6gqy.B&PDB-ENSP_mappings:6gqy.C&PDB-ENSP_mappings:6gqy.D&PDB-ENSP_mappings:6gqy.E&PDB-ENSP_mappings:6gqy.F&PDB-ENSP_mappings:6h46.A&PDB-ENSP_mappings:6h47.A&PDB-ENSP_mappings:6m9w.A&PDB-ENSP_mappings:6mbq.A&PDB-ENSP_mappings:6mbt.A&PDB-ENSP_mappings:6mbt.B&PDB-ENSP_mappings:6mbu.A&PDB-ENSP_mappings:6mbu.B&PDB-ENSP_mappings:6mnx.A&PDB-ENSP_mappings:6mnx.B&PDB-ENSP_mappings:6mnx.C&PDB-ENSP_mappings:6mnx.D&PDB-ENSP_mappings:6mnx.E&PDB-ENSP_mappings:6mnx.F&PDB-ENSP_mappings:6mqg.A&PDB-ENSP_mappings:6mqn.A&PDB-ENSP_mappings:6mqn.B&PDB-ENSP_mappings:6mqn.C&PDB-ENSP_mappings:6ms9.A&PDB-ENSP_mappings:6ms9.B&PDB-ENSP_mappings:6ms9.C&PDB-ENSP_mappings:6mta.A&PDB-ENSP_mappings:6mta.B&PDB-ENSP_mappings:6mta.C&PDB-ENSP_mappings:6n2j.A&PDB-ENSP_mappings:6n2k.A&PDB-ENSP_mappings:6o36.A&PDB-ENSP_mappings:6o36.B&PDB-ENSP_mappings:6o36.C&PDB-ENSP_mappings:6o46.A&PDB-ENSP_mappings:6o46.B&PDB-ENSP_mappings:6o46.C&PDB-ENSP_mappings:6ob2.A&PDB-ENSP_mappings:6ob2.C&PDB-ENSP_mappings:6ob3.A&PDB-ENSP_mappings:6ob3.C&PDB-ENSP_mappings:6oim.A&PDB-ENSP_mappings:6p0z.A&PDB-ENSP_mappings:6p0z.B&PDB-ENSP_mappings:6p8w.A&PDB-ENSP_mappings:6p8w.B&PDB-ENSP_mappings:6p8x.A&PDB-ENSP_mappings:6p8x.B&PDB-ENSP_mappings:6p8x.C&PDB-ENSP_mappings:6p8x.D&PDB-ENSP_mappings:6p8y.A&PDB-ENSP_mappings:6p8y.B&PDB-ENSP_mappings:6p8z.A&PDB-ENSP_mappings:6p8z.B&PDB-ENSP_mappings:6pgo.A&PDB-ENSP_mappings:6pgo.B&PDB-ENSP_mappings:6pgp.A&PDB-ENSP_mappings:6pgp.B&PDB-ENSP_mappings:6pq3.A&PDB-ENSP_mappings:6pts.B&PDB-ENSP_mappings:6ptw.B&PDB-ENSP_mappings:6quu.A&PDB-ENSP_mappings:6quu.B&PDB-ENSP_mappings:6quv.A&PDB-ENSP_mappings:6quv.B&PDB-ENSP_mappings:6quw.A&PDB-ENSP_mappings:6quw.B&PDB-ENSP_mappings:6qux.A&PDB-ENSP_mappings:6qux.B&PDB-ENSP_mappings:6t5b.A&PDB-ENSP_mappings:6t5u.B&PDB-ENSP_mappings:6t5v.A&PDB-ENSP_mappings:6tam.A&PDB-ENSP_mappings:6tan.A&PDB-ENSP_mappings:6usx.A&PDB-ENSP_mappings:6usx.B&PDB-ENSP_mappings:6usz.A&PDB-ENSP_mappings:6ut0.A&PDB-ENSP_mappings:6ut0.B&PDB-ENSP_mappings:6ut0.C&PDB-ENSP_mappings:6ut0.D&PDB-ENSP_mappings:6v5l.A&PDB-ENSP_mappings:6v65.C&PDB-ENSP_mappings:6v6f.C&PDB-ENSP_mappings:6vc8.A&PDB-ENSP_mappings:6vc8.B&PDB-ENSP_mappings:6vc8.C&PDB-ENSP_mappings:6vjj.A&PDB-ENSP_mappings:6w4e.B&PDB-ENSP_mappings:6w4e.C&PDB-ENSP_mappings:6w4f.B&PDB-ENSP_mappings:6w4f.C&PDB-ENSP_mappings:6wgn.A&PDB-ENSP_mappings:6wgn.B&PDB-ENSP_mappings:6wgn.C&PDB-ENSP_mappings:6ws2.A&PDB-ENSP_mappings:6ws2.B&PDB-ENSP_mappings:6ws2.C&PDB-ENSP_mappings:6ws2.D&PDB-ENSP_mappings:6ws4.A&PDB-ENSP_mappings:6ws4.B&PDB-ENSP_mappings:6ws4.C&PDB-ENSP_mappings:6ws4.D&PDB-ENSP_mappings:6xgu.A&PDB-ENSP_mappings:6xgv.A&PDB-ENSP_mappings:6xhb.A&PDB-ENSP_mappings:6yr8.A&PDB-ENSP_mappings:6yxw.A&PDB-ENSP_mappings:6yxw.C&PDB-ENSP_mappings:6zl5.A&PDB-ENSP_mappings:6zli.A&PDB-ENSP_mappings:6zli.B&PDB-ENSP_mappings:7a1w.A&PDB-ENSP_mappings:7a1x.A&PDB-ENSP_mappings:7a1y.A&PDB-ENSP_mappings:7a47.A&PDB-ENSP_mappings:7a47.C&PDB-ENSP_mappings:7a47.E&PDB-ENSP_mappings:7aca.A&PDB-ENSP_mappings:7aca.B&PDB-ENSP_mappings:7aca.C&PDB-ENSP_mappings:7aca.D&PDB-ENSP_mappings:7acf.A&PDB-ENSP_mappings:7acf.B&PDB-ENSP_mappings:7acf.C&PDB-ENSP_mappings:7acf.D&PDB-ENSP_mappings:7ach.A&PDB-ENSP_mappings:7ach.B&PDB-ENSP_mappings:7acq.A&PDB-ENSP_mappings:7acq.B&PDB-ENSP_mappings:7acq.C&PDB-ENSP_mappings:7c40.A&PDB-ENSP_mappings:7c41.A&PDB-ENSP_mappings:7c41.G&PDB-ENSP_mappings:7c41.J&PDB-ENSP_mappings:7c41.M&PDB-ENSP_mappings:7ew9.A&PDB-ENSP_mappings:7ew9.B&PDB-ENSP_mappings:7ew9.C&PDB-ENSP_mappings:7ewa.A&PDB-ENSP_mappings:7ewa.B&PDB-ENSP_mappings:7ewa.C&PDB-ENSP_mappings:7ewb.A&PDB-ENSP_mappings:7ewb.B&PDB-ENSP_mappings:7ewb.C&PDB-ENSP_mappings:7eyx.A&PDB-ENSP_mappings:7f0w.A&PDB-ENSP_mappings:7kfz.A&PDB-ENSP_mappings:7kfz.C&PDB-ENSP_mappings:7kmr.A&PDB-ENSP_mappings:7kyz.A&PDB-ENSP_mappings:7lc1.A&PDB-ENSP_mappings:7lc1.C&PDB-ENSP_mappings:7lc2.A&PDB-ENSP_mappings:7lc2.B&PDB-ENSP_mappings:7lgi.A&PDB-ENSP_mappings:7mqu.A&PDB-ENSP_mappings:7ny8.A&PDB-ENSP_mappings:7ny8.B&PDB-ENSP_mappings:7o70.A&PDB-ENSP_mappings:7o70.D&PDB-ENSP_mappings:7oo7.A&PDB-ENSP_mappings:7oo7.D&PDB-ENSP_mappings:7r0m.A&PDB-ENSP_mappings:7r0m.B&PDB-ENSP_mappings:7r0n.A&PDB-ENSP_mappings:7r0q.A&PDB-ENSP_mappings:7r0q.B&PDB-ENSP_mappings:7rov.A&PDB-ENSP_mappings:7rov.B&PDB-ENSP_mappings:7rp2.A&PDB-ENSP_mappings:7rp4.A&PDB-ENSP_mappings:7rp4.B&PDB-ENSP_mappings:7rpz.A&PDB-ENSP_mappings:7rsc.A&PDB-ENSP_mappings:7rsc.B&PDB-ENSP_mappings:7rse.A&PDB-ENSP_mappings:7rse.B&PDB-ENSP_mappings:7rt1.A&PDB-ENSP_mappings:7rt2.A&PDB-ENSP_mappings:7rt3.A&PDB-ENSP_mappings:7rt4.A&PDB-ENSP_mappings:7rt5.A&PDB-ENSP_mappings:7scw.A&PDB-ENSP_mappings:7scx.A&PDB-ENSP_mappings:7t47.A&PDB-ENSP_mappings:7tle.A&PDB-ENSP_mappings:7tlg.A&PDB-ENSP_mappings:7tlg.B&PDB-ENSP_mappings:7tlk.A&PDB-ENSP_mappings:7tlk.B&PDB-ENSP_mappings:7vvb.A&PDB-ENSP_mappings:8dni.A&PROSITE_profiles:PS51420&PROSITE_profiles:PS51421&PROSITE_profiles:PS51419&CDD:cd04138&PANTHER:PTHR24070&PANTHER:PTHR24070:SF388&Gene3D:3.40.50.300&TIGRFAM:TIGR00231&Pfam:PF00071&SMART:SM00173&SMART:SM00176&SMART:SM00175&SMART:SM00174&Superfamily:SSF52540&Prints:PR00449&AFDB-ENSP_mappings:AF-P01116-F1.A|||||||||||||||||not_provided&pathogenic|0&1|1&1||||||32|4.792440,A|missense_variant|MODERATE|KRAS|ENSG00000133703|Transcript|ENST00000311936|protein_coding|4/5||ENST00000311936.8:c.437C>T|ENSP00000308495.3:p.Ala146Val|627|437|146|A/V|gCa/gTa|rs1057519725&COSV55498939||-1||SNV|HGNC|HGNC:6407|YES|1|P3|CCDS8702.1|ENSP00000308495|P01116.251|A0A024RAV5.54|UPI0000001252|P01116-2|NM_004985.5|deleterious_low_confidence(0)||Gene3D:3.40.50.300&PDB-ENSP_mappings:6xha.A&PDB-ENSP_mappings:6xi7.A&PDB-ENSP_mappings:7lz5.A&PDB-ENSP_mappings:7mdp.A&PDB-ENSP_mappings:7ok3.A&PDB-ENSP_mappings:7ok4.A&PDB-ENSP_mappings:7q9u.AAA&PDB-ENSP_mappings:7q9u.BBB&PDB-ENSP_mappings:7rp3.A&PDB-ENSP_mappings:7ycc.A&PDB-ENSP_mappings:7ycc.B&PDB-ENSP_mappings:7ycc.C&PDB-ENSP_mappings:7yce.A&PDB-ENSP_mappings:8dnj.A&PDB-ENSP_mappings:8dnj.B&PDB-ENSP_mappings:8dnj.C&PDB-ENSP_mappings:8dnk.A&Pfam:PF00071&Prints:PR00449&PROSITE_profiles:PS51419&PROSITE_profiles:PS51420&PROSITE_profiles:PS51421&PANTHER:PTHR24070&PANTHER:PTHR24070:SF388&SMART:SM00173&SMART:SM00174&SMART:SM00175&Superfamily:SSF52540&TIGRFAM:TIGR00231&CDD:cd04138|||||||||||||||||not_provided&pathogenic|0&1|1&1||||||32|4.792440,A|intron_variant|MODIFIER|KRAS|ENSG00000133703|Transcript|ENST00000557334|protein_coding||2/2|ENST00000557334.6:c.112-15716C>T|||||||rs1057519725&COSV55498939||-1||SNV|HGNC|HGNC:6407||5|||ENSP00000452512||G3V5T7.63|UPI00021CF477||||||||||||||||||||||not_provided&pathogenic|0&1|1&1||||||32|4.792440,A|non_coding_transcript_exon_variant|MODIFIER||ENSG00000275197|Transcript|ENST00000620933|lncRNA|1/1||ENST00000620933.1:n.525G>A||525|||||rs1057519725&COSV55498939||1||SNV|||YES|||||||||||||||||||||||||||||not_provided&pathogenic|0&1|1&1||||||32|4.792440,A|missense_variant|MODERATE|KRAS|ENSG00000133703|Transcript|ENST00000685328|protein_coding|4/5||ENST00000685328.1:c.437C>T|ENSP00000508921.1:p.Ala146Val|620|437|146|A/V|gCa/gTa|rs1057519725&COSV55498939||-1||SNV|HGNC|HGNC:6407|||P3|CCDS8702.1|ENSP00000508921|P01116.251|A0A024RAV5.54|UPI0000001252|P01116-2|NM_001369787.1|deleterious_low_confidence(0)||Gene3D:3.40.50.300&PDB-ENSP_mappings:6xha.A&PDB-ENSP_mappings:6xi7.A&PDB-ENSP_mappings:7lz5.A&PDB-ENSP_mappings:7mdp.A&PDB-ENSP_mappings:7ok3.A&PDB-ENSP_mappings:7ok4.A&PDB-ENSP_mappings:7q9u.AAA&PDB-ENSP_mappings:7q9u.BBB&PDB-ENSP_mappings:7rp3.A&PDB-ENSP_mappings:7ycc.A&PDB-ENSP_mappings:7ycc.B&PDB-ENSP_mappings:7ycc.C&PDB-ENSP_mappings:7yce.A&PDB-ENSP_mappings:8dnj.A&PDB-ENSP_mappings:8dnj.B&PDB-ENSP_mappings:8dnj.C&PDB-ENSP_mappings:8dnk.A&Pfam:PF00071&Prints:PR00449&PROSITE_profiles:PS51419&PROSITE_profiles:PS51420&PROSITE_profiles:PS51421&PANTHER:PTHR24070&PANTHER:PTHR24070:SF388&SMART:SM00173&SMART:SM00174&SMART:SM00175&Superfamily:SSF52540&TIGRFAM:TIGR00231&CDD:cd04138|||||||||||||||||not_provided&pathogenic|0&1|1&1||||||32|4.792440,A|3_prime_UTR_variant&NMD_transcript_variant|MODIFIER|KRAS|ENSG00000133703|Transcript|ENST00000686877|nonsense_mediated_decay|5/6||ENST00000686877.1:c.*408C>T||745|||||rs1057519725&COSV55498939||-1||SNV|HGNC|HGNC:6407|||||ENSP00000510431||A0A8I5KR86.2|UPI001E2497D5||||||||||||||||||||||not_provided&pathogenic|0&1|1&1||||||32|4.792440,A|3_prime_UTR_variant&NMD_transcript_variant|MODIFIER|KRAS|ENSG00000133703|Transcript|ENST00000687356|nonsense_mediated_decay|3/4||ENST00000687356.1:c.*135C>T||446|||||rs1057519725&COSV55498939||-1||SNV|HGNC|HGNC:6407|||||ENSP00000510511||A0A8I5KXN3.2|UPI00015AA4A0||||||||||||||||||||||not_provided&pathogenic|0&1|1&1||||||32|4.792440,A|non_coding_transcript_exon_variant|MODIFIER|KRAS|ENSG00000133703|Transcript|ENST00000688228|retained_intron|2/3||ENST00000688228.1:n.911C>T||911|||||rs1057519725&COSV55498939||-1||SNV|HGNC|HGNC:6407||||||||||||||||||||||||||||||not_provided&pathogenic|0&1|1&1||||||32|4.792440,A|missense_variant|MODERATE|KRAS|ENSG00000133703|Transcript|ENST00000688940|protein_coding|4/5||ENST00000688940.1:c.437C>T|ENSP00000509238.1:p.Ala146Val|638|437|146|A/V|gCa/gTa|rs1057519725&COSV55498939||-1||SNV|HGNC|HGNC:6407|||P3|CCDS8702.1|ENSP00000509238|P01116.251|A0A024RAV5.54|UPI0000001252|P01116-2||deleterious_low_confidence(0)||Gene3D:3.40.50.300&PDB-ENSP_mappings:6xha.A&PDB-ENSP_mappings:6xi7.A&PDB-ENSP_mappings:7lz5.A&PDB-ENSP_mappings:7mdp.A&PDB-ENSP_mappings:7ok3.A&PDB-ENSP_mappings:7ok4.A&PDB-ENSP_mappings:7q9u.AAA&PDB-ENSP_mappings:7q9u.BBB&PDB-ENSP_mappings:7rp3.A&PDB-ENSP_mappings:7ycc.A&PDB-ENSP_mappings:7ycc.B&PDB-ENSP_mappings:7ycc.C&PDB-ENSP_mappings:7yce.A&PDB-ENSP_mappings:8dnj.A&PDB-ENSP_mappings:8dnj.B&PDB-ENSP_mappings:8dnj.C&PDB-ENSP_mappings:8dnk.A&Pfam:PF00071&Prints:PR00449&PROSITE_profiles:PS51419&PROSITE_profiles:PS51420&PROSITE_profiles:PS51421&PANTHER:PTHR24070&PANTHER:PTHR24070:SF388&SMART:SM00173&SMART:SM00174&SMART:SM00175&Superfamily:SSF52540&TIGRFAM:TIGR00231&CDD:cd04138|||||||||||||||||not_provided&pathogenic|0&1|1&1||||||32|4.792440,A|missense_variant&NMD_transcript_variant|MODERATE|KRAS|ENSG00000133703|Transcript|ENST00000690406|nonsense_mediated_decay|1/3||ENST00000690406.1:c.149C>T|ENSP00000509798.1:p.Ala50Val|147|149|50|A/V|gCa/gTa|rs1057519725&COSV55498939||-1|cds_start_NF|SNV|HGNC|HGNC:6407|||||ENSP00000509798||A0A8I5KYH6.2&A0A221ZRZ5.11|UPI000B8D9C09|||deleterious_low_confidence(0)|probably_damaging(0.985)||||||||||||||||||not_provided&pathogenic|0&1|1&1||||||32|4.792440,A|3_prime_UTR_variant&NMD_transcript_variant|MODIFIER|KRAS|ENSG00000133703|Transcript|ENST00000690804|nonsense_mediated_decay|5/6||ENST00000690804.1:c.*398C>T||744|||||rs1057519725&COSV55498939||-1||SNV|HGNC|HGNC:6407|||||ENSP00000508568||A0A8I5KQU3.2|UPI001E249B21||||||||||||||||||||||not_provided&pathogenic|0&1|1&1||||||32|4.792440,A|missense_variant|MODERATE|KRAS|ENSG00000133703|Transcript|ENST00000692768|protein_coding|3/4||ENST00000692768.1:c.239C>T|ENSP00000510254.1:p.Ala80Val|493|239|80|A/V|gCa/gTa|rs1057519725&COSV55498939||-1||SNV|HGNC|HGNC:6407|||||ENSP00000510254||A0A8I5KUB5.2|UPI001E24C9F0|||deleterious_low_confidence(0)||Gene3D:3.40.50.300&Pfam:PF00071&Prints:PR00449&PROSITE_profiles:PS51419&PROSITE_profiles:PS51421&PANTHER:PTHR24070&PANTHER:PTHR24070:SF388&SMART:SM00173&SMART:SM00174&SMART:SM00175&Superfamily:SSF52540&TIGRFAM:TIGR00231|||||||||||||||||not_provided&pathogenic|0&1|1&1||||||32|4.792440,A|missense_variant|MODERATE|KRAS|ENSG00000133703|Transcript|ENST00000693229|protein_coding|4/5||ENST00000693229.1:c.362C>T|ENSP00000509223.1:p.Ala121Val|522|362|121|A/V|gCa/gTa|rs1057519725&COSV55498939||-1||SNV|HGNC|HGNC:6407|||||ENSP00000509223||A0A8I5KQ21.2|UPI001E2444E0|||deleterious_low_confidence(0)|probably_damaging(0.982)|Gene3D:3.40.50.300&Pfam:PF00071&PROSITE_profiles:PS51419&PROSITE_profiles:PS51421&PANTHER:PTHR24070&PANTHER:PTHR24070:SF388&SMART:SM00173&SMART:SM00174&SMART:SM00175&Superfamily:SSF52540&TIGRFAM:TIGR00231|||||||||||||||||not_provided&pathogenic|0&1|1&1||||||32|4.792440	GT:AD:DP	0/1:149,9:.	G/A	12:25225627	A	ENSG00000133703	ENST00000692768	Transcript	missense_variant	MODERATE	493	239	80	A/V	gCa/gTa	rs1057519725,COSV55498939					deleterious_low_confidence	0	32	4.792440	KRAS	CGC:ONC; OncoKB:ONC; 2020Rule:ONC; CTAT:ONC; Oncogene:ONC		EGFR tyrosine kinase inhibitor resistance|Endocrine resistance|MAPK signaling pathway|ErbB signaling pathway|Ras signaling pathway|Rap1 signaling pathway|Chemokine signaling pathway|FoxO signaling pathway|Sphingolipid signaling pathway|Phospholipase D signaling pathway|Mitophagy - animal|Autophagy - animal|mTOR signaling pathway|PI3K-Akt signaling pathway|Apoptosis|Longevity regulating pathway|Longevity regulating pathway - multiple species|Cellular senescence|Axon guidance|VEGF signaling pathway|Apelin signaling pathway|Gap junction|Signaling pathways regulating pluripotency of stem cells|C-type lectin receptor signaling pathway|Natural killer cell mediated cytotoxicity|T cell receptor signaling pathway|B cell receptor signaling pathway|Fc epsilon RI signaling pathway|Thermogenesis|Long-term potentiation|Neurotrophin signaling pathway|Cholinergic synapse|Serotonergic synapse|Long-term depression|Regulation of actin cytoskeleton|Insulin signaling pathway|GnRH signaling pathway|Progesterone-mediated oocyte maturation|Estrogen signaling pathway|Melanogenesis|Prolactin signaling pathway|Thyroid hormone signaling pathway|Oxytocin signaling pathway|Relaxin signaling pathway|GnRH secretion|AGE-RAGE signaling pathway in diabetic complications|Growth hormone synthesis, secretion and action|Aldosterone-regulated sodium reabsorption|Alzheimer disease|Pathways of neurodegeneration - multiple diseases|Alcoholism|Hepatitis C|Hepatitis B|Human cytomegalovirus infection|Human papillomavirus infection|Human T-cell leukemia virus 1 infection|Kaposi sarcoma-associated herpesvirus infection|Human immunodeficiency virus 1 infection|Pathways in cancer|Viral carcinogenesis|Proteoglycans in cancer|MicroRNAs in cancer|Chemical carcinogenesis - receptor activation|Chemical carcinogenesis - reactive oxygen species|Colorectal cancer|Renal cell carcinoma|Pancreatic cancer|Endometrial cancer|Glioma|Prostate cancer|Thyroid cancer|Melanoma|Bladder cancer|Chronic myeloid leukemia|Acute myeloid leukemia|Non-small cell lung cancer|Breast cancer|Hepatocellular carcinoma|Gastric cancer|Central carbon metabolism in cancer|Choline metabolism in cancer|PD-L1 expression and PD-1 checkpoint pathway in cancer|Lipid and atherosclerosis	hsa01521|hsa01522|hsa04010|hsa04012|hsa04014|hsa04015|hsa04062|hsa04068|hsa04071|hsa04072|hsa04137|hsa04140|hsa04150|hsa04151|hsa04210|hsa04211|hsa04213|hsa04218|hsa04360|hsa04370|hsa04371|hsa04540|hsa04550|hsa04625|hsa04650|hsa04660|hsa04662|hsa04664|hsa04714|hsa04720|hsa04722|hsa04725|hsa04726|hsa04730|hsa04810|hsa04910|hsa04912|hsa04914|hsa04915|hsa04916|hsa04917|hsa04919|hsa04921|hsa04926|hsa04929|hsa04933|hsa04935|hsa04960|hsa05010|hsa05022|hsa05034|hsa05160|hsa05161|hsa05163|hsa05165|hsa05166|hsa05167|hsa05170|hsa05200|hsa05203|hsa05205|hsa05206|hsa05207|hsa05208|hsa05210|hsa05211|hsa05212|hsa05213|hsa05214|hsa05215|hsa05216|hsa05218|hsa05219|hsa05220|hsa05221|hsa05223|hsa05224|hsa05225|hsa05226|hsa05230|hsa05231|hsa05235|hsa05417	RCV000423608; RCV000434735; RCV000441300; RCV000791299	Non-small cell lung carcinoma; Neoplasm of the thyroid gland; Neoplasm of the large intestine; OCULOECTODERMAL SYNDROME, SOMATIC	not provided; Pathogenic; Pathogenic; Pathogenic	SNV	c.239C>T	p.Ala80Val				PF00071.25: Ras family	IPR005225: Small GTP-binding protein domain	47691 / 49097025	0	0.5501	ONC
12	25225627		G	A	.	.	CSQ=A|missense_variant|MODERATE|KRAS|ENSG00000133703|Transcript|ENST00000256078|protein_coding|4/6||ENST00000256078.10:c.437C>T|ENSP00000256078.5:p.Ala146Val|627|437|146|A/V|gCa/gTa|rs1057519725&COSV55498939||-1||SNV|HGNC|HGNC:6407||1|A1|CCDS8703.1|ENSP00000256078|P01116.251|L7RSL8.77|UPI0000133132|P01116-1|NM_001369786.1&NM_033360.4|deleterious_low_confidence(0)||PDB-ENSP_mappings:3gft.A&PDB-ENSP_mappings:3gft.B&PDB-ENSP_mappings:3gft.C&PDB-ENSP_mappings:3gft.D&PDB-ENSP_mappings:3gft.E&PDB-ENSP_mappings:3gft.F&PDB-ENSP_mappings:4dsn.A&PDB-ENSP_mappings:4dso.A&PDB-ENSP_mappings:4dst.A&PDB-ENSP_mappings:4dsu.A&PDB-ENSP_mappings:4epr.A&PDB-ENSP_mappings:4ept.A&PDB-ENSP_mappings:4epv.A&PDB-ENSP_mappings:4epw.A&PDB-ENSP_mappings:4epx.A&PDB-ENSP_mappings:4epy.A&PDB-ENSP_mappings:4l8g.A&PDB-ENSP_mappings:4ldj.A&PDB-ENSP_mappings:4lpk.A&PDB-ENSP_mappings:4lpk.B&PDB-ENSP_mappings:4lrw.A&PDB-ENSP_mappings:4lrw.B&PDB-ENSP_mappings:4luc.A&PDB-ENSP_mappings:4luc.B&PDB-ENSP_mappings:4lv6.A&PDB-ENSP_mappings:4lv6.B&PDB-ENSP_mappings:4lyf.A&PDB-ENSP_mappings:4lyf.B&PDB-ENSP_mappings:4lyf.C&PDB-ENSP_mappings:4lyh.A&PDB-ENSP_mappings:4lyh.B&PDB-ENSP_mappings:4lyh.C&PDB-ENSP_mappings:4lyj.A&PDB-ENSP_mappings:4m1o.A&PDB-ENSP_mappings:4m1o.B&PDB-ENSP_mappings:4m1o.C&PDB-ENSP_mappings:4m1s.A&PDB-ENSP_mappings:4m1s.B&PDB-ENSP_mappings:4m1s.C&PDB-ENSP_mappings:4m1t.A&PDB-ENSP_mappings:4m1t.B&PDB-ENSP_mappings:4m1t.C&PDB-ENSP_mappings:4m1w.A&PDB-ENSP_mappings:4m1w.B&PDB-ENSP_mappings:4m1w.C&PDB-ENSP_mappings:4m1y.A&PDB-ENSP_mappings:4m1y.B&PDB-ENSP_mappings:4m1y.C&PDB-ENSP_mappings:4m21.A&PDB-ENSP_mappings:4m21.B&PDB-ENSP_mappings:4m21.C&PDB-ENSP_mappings:4m22.A&PDB-ENSP_mappings:4m22.B&PDB-ENSP_mappings:4m22.C&PDB-ENSP_mappings:4nmm.A&PDB-ENSP_mappings:4obe.A&PDB-ENSP_mappings:4obe.B&PDB-ENSP_mappings:4pzy.A&PDB-ENSP_mappings:4pzy.B&PDB-ENSP_mappings:4pzz.A&PDB-ENSP_mappings:4q01.A&PDB-ENSP_mappings:4q01.B&PDB-ENSP_mappings:4q02.A&PDB-ENSP_mappings:4q03.A&PDB-ENSP_mappings:4ql3.A&PDB-ENSP_mappings:4tq9.A&PDB-ENSP_mappings:4tq9.B&PDB-ENSP_mappings:4tqa.A&PDB-ENSP_mappings:4tqa.B&PDB-ENSP_mappings:4wa7.A&PDB-ENSP_mappings:5f2e.A&PDB-ENSP_mappings:5kyk.A&PDB-ENSP_mappings:5kyk.B&PDB-ENSP_mappings:5kyk.C&PDB-ENSP_mappings:5mla.A&PDB-ENSP_mappings:5mlb.A&PDB-ENSP_mappings:5mlb.C&PDB-ENSP_mappings:5mlb.E&PDB-ENSP_mappings:5mlb.G&PDB-ENSP_mappings:5o2s.A&PDB-ENSP_mappings:5o2s.C&PDB-ENSP_mappings:5o2s.E&PDB-ENSP_mappings:5o2s.G&PDB-ENSP_mappings:5o2t.A&PDB-ENSP_mappings:5ocg.A&PDB-ENSP_mappings:5oco.A&PDB-ENSP_mappings:5oco.B&PDB-ENSP_mappings:5oco.C&PDB-ENSP_mappings:5oco.D&PDB-ENSP_mappings:5oco.E&PDB-ENSP_mappings:5oco.F&PDB-ENSP_mappings:5oct.A&PDB-ENSP_mappings:5oct.B&PDB-ENSP_mappings:5oct.C&PDB-ENSP_mappings:5oct.D&PDB-ENSP_mappings:5oct.E&PDB-ENSP_mappings:5oct.F&PDB-ENSP_mappings:5tar.A&PDB-ENSP_mappings:5tb5.A&PDB-ENSP_mappings:5tb5.C&PDB-ENSP_mappings:5ufe.A&PDB-ENSP_mappings:5ufq.A&PDB-ENSP_mappings:5ufq.B&PDB-ENSP_mappings:5uk9.A&PDB-ENSP_mappings:5uk9.B&PDB-ENSP_mappings:5uqw.A&PDB-ENSP_mappings:5uqw.B&PDB-ENSP_mappings:5us4.A&PDB-ENSP_mappings:5us4.B&PDB-ENSP_mappings:5usj.A&PDB-ENSP_mappings:5usj.B&PDB-ENSP_mappings:5usj.C&PDB-ENSP_mappings:5usj.D&PDB-ENSP_mappings:5usj.E&PDB-ENSP_mappings:5usj.F&PDB-ENSP_mappings:5v6s.A&PDB-ENSP_mappings:5v6v.A&PDB-ENSP_mappings:5v6v.B&PDB-ENSP_mappings:5v71.A&PDB-ENSP_mappings:5v71.B&PDB-ENSP_mappings:5v71.C&PDB-ENSP_mappings:5v71.D&PDB-ENSP_mappings:5v71.E&PDB-ENSP_mappings:5v71.F&PDB-ENSP_mappings:5v9l.A&PDB-ENSP_mappings:5v9l.B&PDB-ENSP_mappings:5v9l.C&PDB-ENSP_mappings:5v9o.A&PDB-ENSP_mappings:5v9u.A&PDB-ENSP_mappings:5v9u.B&PDB-ENSP_mappings:5vbm.A&PDB-ENSP_mappings:5vp7.A&PDB-ENSP_mappings:5vp7.F&PDB-ENSP_mappings:5vpi.A&PDB-ENSP_mappings:5vpi.B&PDB-ENSP_mappings:5vpy.A&PDB-ENSP_mappings:5vpy.B&PDB-ENSP_mappings:5vpz.A&PDB-ENSP_mappings:5vpz.B&PDB-ENSP_mappings:5vq0.A&PDB-ENSP_mappings:5vq0.B&PDB-ENSP_mappings:5vq1.A&PDB-ENSP_mappings:5vq1.B&PDB-ENSP_mappings:5vq2.A&PDB-ENSP_mappings:5vq2.B&PDB-ENSP_mappings:5vq6.A&PDB-ENSP_mappings:5vq6.B&PDB-ENSP_mappings:5vq8.A&PDB-ENSP_mappings:5vq8.B&PDB-ENSP_mappings:5w22.A&PDB-ENSP_mappings:5w22.B&PDB-ENSP_mappings:5wha.A&PDB-ENSP_mappings:5wha.D&PDB-ENSP_mappings:5wha.G&PDB-ENSP_mappings:5wha.J&PDB-ENSP_mappings:5whb.A&PDB-ENSP_mappings:5whb.D&PDB-ENSP_mappings:5whb.G&PDB-ENSP_mappings:5whb.J&PDB-ENSP_mappings:5whd.A&PDB-ENSP_mappings:5whd.B&PDB-ENSP_mappings:5whd.C&PDB-ENSP_mappings:5whd.D&PDB-ENSP_mappings:5whe.A&PDB-ENSP_mappings:5whe.D&PDB-ENSP_mappings:5whe.G&PDB-ENSP_mappings:5whe.J&PDB-ENSP_mappings:5wlb.A&PDB-ENSP_mappings:5wlb.D&PDB-ENSP_mappings:5wpm.A&PDB-ENSP_mappings:5xco.A&PDB-ENSP_mappings:5yxz.A&PDB-ENSP_mappings:5yy1.A&PDB-ENSP_mappings:6ark.A&PDB-ENSP_mappings:6asa.A&PDB-ENSP_mappings:6ase.A&PDB-ENSP_mappings:6b0v.A&PDB-ENSP_mappings:6b0v.B&PDB-ENSP_mappings:6b0y.A&PDB-ENSP_mappings:6b0y.B&PDB-ENSP_mappings:6bof.A&PDB-ENSP_mappings:6bof.B&PDB-ENSP_mappings:6bp1.A&PDB-ENSP_mappings:6cc9.B&PDB-ENSP_mappings:6cch.B&PDB-ENSP_mappings:6ccx.B&PDB-ENSP_mappings:6cu6.A&PDB-ENSP_mappings:6cu6.B&PDB-ENSP_mappings:6cu6.C&PDB-ENSP_mappings:6e6f.A&PDB-ENSP_mappings:6e6f.B&PDB-ENSP_mappings:6e6g.A&PDB-ENSP_mappings:6epl.R&PDB-ENSP_mappings:6epm.R&PDB-ENSP_mappings:6epn.R&PDB-ENSP_mappings:6epo.R&PDB-ENSP_mappings:6epp.R&PDB-ENSP_mappings:6f76.A&PDB-ENSP_mappings:6f76.B&PDB-ENSP_mappings:6f76.C&PDB-ENSP_mappings:6f76.D&PDB-ENSP_mappings:6f76.E&PDB-ENSP_mappings:6f76.F&PDB-ENSP_mappings:6fa1.A&PDB-ENSP_mappings:6fa1.B&PDB-ENSP_mappings:6fa1.C&PDB-ENSP_mappings:6fa1.D&PDB-ENSP_mappings:6fa1.E&PDB-ENSP_mappings:6fa1.F&PDB-ENSP_mappings:6fa2.A&PDB-ENSP_mappings:6fa2.B&PDB-ENSP_mappings:6fa2.C&PDB-ENSP_mappings:6fa2.D&PDB-ENSP_mappings:6fa2.E&PDB-ENSP_mappings:6fa2.F&PDB-ENSP_mappings:6fa3.A&PDB-ENSP_mappings:6fa3.B&PDB-ENSP_mappings:6fa3.C&PDB-ENSP_mappings:6fa3.D&PDB-ENSP_mappings:6fa3.E&PDB-ENSP_mappings:6fa3.F&PDB-ENSP_mappings:6fa4.A&PDB-ENSP_mappings:6fa4.B&PDB-ENSP_mappings:6fa4.C&PDB-ENSP_mappings:6fa4.D&PDB-ENSP_mappings:6fa4.E&PDB-ENSP_mappings:6fa4.F&PDB-ENSP_mappings:6gj5.A&PDB-ENSP_mappings:6gj5.B&PDB-ENSP_mappings:6gj6.A&PDB-ENSP_mappings:6gj7.A&PDB-ENSP_mappings:6gj8.A&PDB-ENSP_mappings:6god.A&PDB-ENSP_mappings:6goe.A&PDB-ENSP_mappings:6gof.A&PDB-ENSP_mappings:6gog.A&PDB-ENSP_mappings:6gog.B&PDB-ENSP_mappings:6gog.C&PDB-ENSP_mappings:6gog.D&PDB-ENSP_mappings:6gog.E&PDB-ENSP_mappings:6gog.F&PDB-ENSP_mappings:6gom.A&PDB-ENSP_mappings:6gom.B&PDB-ENSP_mappings:6gom.C&PDB-ENSP_mappings:6gom.D&PDB-ENSP_mappings:6gom.E&PDB-ENSP_mappings:6gom.F&PDB-ENSP_mappings:6gqt.A&PDB-ENSP_mappings:6gqt.B&PDB-ENSP_mappings:6gqt.C&PDB-ENSP_mappings:6gqt.D&PDB-ENSP_mappings:6gqt.E&PDB-ENSP_mappings:6gqt.F&PDB-ENSP_mappings:6gqw.A&PDB-ENSP_mappings:6gqw.B&PDB-ENSP_mappings:6gqw.C&PDB-ENSP_mappings:6gqw.D&PDB-ENSP_mappings:6gqw.E&PDB-ENSP_mappings:6gqw.F&PDB-ENSP_mappings:6gqx.A&PDB-ENSP_mappings:6gqx.B&PDB-ENSP_mappings:6gqx.C&PDB-ENSP_mappings:6gqx.D&PDB-ENSP_mappings:6gqx.E&PDB-ENSP_mappings:6gqx.F&PDB-ENSP_mappings:6gqy.A&PDB-ENSP_mappings:6gqy.B&PDB-ENSP_mappings:6gqy.C&PDB-ENSP_mappings:6gqy.D&PDB-ENSP_mappings:6gqy.E&PDB-ENSP_mappings:6gqy.F&PDB-ENSP_mappings:6h46.A&PDB-ENSP_mappings:6h47.A&PDB-ENSP_mappings:6m9w.A&PDB-ENSP_mappings:6mbq.A&PDB-ENSP_mappings:6mbt.A&PDB-ENSP_mappings:6mbt.B&PDB-ENSP_mappings:6mbu.A&PDB-ENSP_mappings:6mbu.B&PDB-ENSP_mappings:6mnx.A&PDB-ENSP_mappings:6mnx.B&PDB-ENSP_mappings:6mnx.C&PDB-ENSP_mappings:6mnx.D&PDB-ENSP_mappings:6mnx.E&PDB-ENSP_mappings:6mnx.F&PDB-ENSP_mappings:6mqg.A&PDB-ENSP_mappings:6mqn.A&PDB-ENSP_mappings:6mqn.B&PDB-ENSP_mappings:6mqn.C&PDB-ENSP_mappings:6ms9.A&PDB-ENSP_mappings:6ms9.B&PDB-ENSP_mappings:6ms9.C&PDB-ENSP_mappings:6mta.A&PDB-ENSP_mappings:6mta.B&PDB-ENSP_mappings:6mta.C&PDB-ENSP_mappings:6n2j.A&PDB-ENSP_mappings:6n2k.A&PDB-ENSP_mappings:6o36.A&PDB-ENSP_mappings:6o36.B&PDB-ENSP_mappings:6o36.C&PDB-ENSP_mappings:6o46.A&PDB-ENSP_mappings:6o46.B&PDB-ENSP_mappings:6o46.C&PDB-ENSP_mappings:6ob2.A&PDB-ENSP_mappings:6ob2.C&PDB-ENSP_mappings:6ob3.A&PDB-ENSP_mappings:6ob3.C&PDB-ENSP_mappings:6oim.A&PDB-ENSP_mappings:6p0z.A&PDB-ENSP_mappings:6p0z.B&PDB-ENSP_mappings:6p8w.A&PDB-ENSP_mappings:6p8w.B&PDB-ENSP_mappings:6p8x.A&PDB-ENSP_mappings:6p8x.B&PDB-ENSP_mappings:6p8x.C&PDB-ENSP_mappings:6p8x.D&PDB-ENSP_mappings:6p8y.A&PDB-ENSP_mappings:6p8y.B&PDB-ENSP_mappings:6p8z.A&PDB-ENSP_mappings:6p8z.B&PDB-ENSP_mappings:6pgo.A&PDB-ENSP_mappings:6pgo.B&PDB-ENSP_mappings:6pgp.A&PDB-ENSP_mappings:6pgp.B&PDB-ENSP_mappings:6pq3.A&PDB-ENSP_mappings:6pts.B&PDB-ENSP_mappings:6ptw.B&PDB-ENSP_mappings:6quu.A&PDB-ENSP_mappings:6quu.B&PDB-ENSP_mappings:6quv.A&PDB-ENSP_mappings:6quv.B&PDB-ENSP_mappings:6quw.A&PDB-ENSP_mappings:6quw.B&PDB-ENSP_mappings:6qux.A&PDB-ENSP_mappings:6qux.B&PDB-ENSP_mappings:6t5b.A&PDB-ENSP_mappings:6t5u.B&PDB-ENSP_mappings:6t5v.A&PDB-ENSP_mappings:6tam.A&PDB-ENSP_mappings:6tan.A&PDB-ENSP_mappings:6usx.A&PDB-ENSP_mappings:6usx.B&PDB-ENSP_mappings:6usz.A&PDB-ENSP_mappings:6ut0.A&PDB-ENSP_mappings:6ut0.B&PDB-ENSP_mappings:6ut0.C&PDB-ENSP_mappings:6ut0.D&PDB-ENSP_mappings:6v5l.A&PDB-ENSP_mappings:6v65.C&PDB-ENSP_mappings:6v6f.C&PDB-ENSP_mappings:6vc8.A&PDB-ENSP_mappings:6vc8.B&PDB-ENSP_mappings:6vc8.C&PDB-ENSP_mappings:6vjj.A&PDB-ENSP_mappings:6w4e.B&PDB-ENSP_mappings:6w4e.C&PDB-ENSP_mappings:6w4f.B&PDB-ENSP_mappings:6w4f.C&PDB-ENSP_mappings:6wgn.A&PDB-ENSP_mappings:6wgn.B&PDB-ENSP_mappings:6wgn.C&PDB-ENSP_mappings:6ws2.A&PDB-ENSP_mappings:6ws2.B&PDB-ENSP_mappings:6ws2.C&PDB-ENSP_mappings:6ws2.D&PDB-ENSP_mappings:6ws4.A&PDB-ENSP_mappings:6ws4.B&PDB-ENSP_mappings:6ws4.C&PDB-ENSP_mappings:6ws4.D&PDB-ENSP_mappings:6xgu.A&PDB-ENSP_mappings:6xgv.A&PDB-ENSP_mappings:6xhb.A&PDB-ENSP_mappings:6yr8.A&PDB-ENSP_mappings:6yxw.A&PDB-ENSP_mappings:6yxw.C&PDB-ENSP_mappings:6zl5.A&PDB-ENSP_mappings:6zli.A&PDB-ENSP_mappings:6zli.B&PDB-ENSP_mappings:7a1w.A&PDB-ENSP_mappings:7a1x.A&PDB-ENSP_mappings:7a1y.A&PDB-ENSP_mappings:7a47.A&PDB-ENSP_mappings:7a47.C&PDB-ENSP_mappings:7a47.E&PDB-ENSP_mappings:7aca.A&PDB-ENSP_mappings:7aca.B&PDB-ENSP_mappings:7aca.C&PDB-ENSP_mappings:7aca.D&PDB-ENSP_mappings:7acf.A&PDB-ENSP_mappings:7acf.B&PDB-ENSP_mappings:7acf.C&PDB-ENSP_mappings:7acf.D&PDB-ENSP_mappings:7ach.A&PDB-ENSP_mappings:7ach.B&PDB-ENSP_mappings:7acq.A&PDB-ENSP_mappings:7acq.B&PDB-ENSP_mappings:7acq.C&PDB-ENSP_mappings:7c40.A&PDB-ENSP_mappings:7c41.A&PDB-ENSP_mappings:7c41.G&PDB-ENSP_mappings:7c41.J&PDB-ENSP_mappings:7c41.M&PDB-ENSP_mappings:7ew9.A&PDB-ENSP_mappings:7ew9.B&PDB-ENSP_mappings:7ew9.C&PDB-ENSP_mappings:7ewa.A&PDB-ENSP_mappings:7ewa.B&PDB-ENSP_mappings:7ewa.C&PDB-ENSP_mappings:7ewb.A&PDB-ENSP_mappings:7ewb.B&PDB-ENSP_mappings:7ewb.C&PDB-ENSP_mappings:7eyx.A&PDB-ENSP_mappings:7f0w.A&PDB-ENSP_mappings:7kfz.A&PDB-ENSP_mappings:7kfz.C&PDB-ENSP_mappings:7kmr.A&PDB-ENSP_mappings:7kyz.A&PDB-ENSP_mappings:7lc1.A&PDB-ENSP_mappings:7lc1.C&PDB-ENSP_mappings:7lc2.A&PDB-ENSP_mappings:7lc2.B&PDB-ENSP_mappings:7lgi.A&PDB-ENSP_mappings:7mqu.A&PDB-ENSP_mappings:7ny8.A&PDB-ENSP_mappings:7ny8.B&PDB-ENSP_mappings:7o70.A&PDB-ENSP_mappings:7o70.D&PDB-ENSP_mappings:7oo7.A&PDB-ENSP_mappings:7oo7.D&PDB-ENSP_mappings:7r0m.A&PDB-ENSP_mappings:7r0m.B&PDB-ENSP_mappings:7r0n.A&PDB-ENSP_mappings:7r0q.A&PDB-ENSP_mappings:7r0q.B&PDB-ENSP_mappings:7rov.A&PDB-ENSP_mappings:7rov.B&PDB-ENSP_mappings:7rp2.A&PDB-ENSP_mappings:7rp4.A&PDB-ENSP_mappings:7rp4.B&PDB-ENSP_mappings:7rpz.A&PDB-ENSP_mappings:7rsc.A&PDB-ENSP_mappings:7rsc.B&PDB-ENSP_mappings:7rse.A&PDB-ENSP_mappings:7rse.B&PDB-ENSP_mappings:7rt1.A&PDB-ENSP_mappings:7rt2.A&PDB-ENSP_mappings:7rt3.A&PDB-ENSP_mappings:7rt4.A&PDB-ENSP_mappings:7rt5.A&PDB-ENSP_mappings:7scw.A&PDB-ENSP_mappings:7scx.A&PDB-ENSP_mappings:7t47.A&PDB-ENSP_mappings:7tle.A&PDB-ENSP_mappings:7tlg.A&PDB-ENSP_mappings:7tlg.B&PDB-ENSP_mappings:7tlk.A&PDB-ENSP_mappings:7tlk.B&PDB-ENSP_mappings:7vvb.A&PDB-ENSP_mappings:8dni.A&PROSITE_profiles:PS51420&PROSITE_profiles:PS51421&PROSITE_profiles:PS51419&CDD:cd04138&PANTHER:PTHR24070&PANTHER:PTHR24070:SF388&Gene3D:3.40.50.300&TIGRFAM:TIGR00231&Pfam:PF00071&SMART:SM00173&SMART:SM00176&SMART:SM00175&SMART:SM00174&Superfamily:SSF52540&Prints:PR00449&AFDB-ENSP_mappings:AF-P01116-F1.A|||||||||||||||||not_provided&pathogenic|0&1|1&1||||||32|4.792440,A|missense_variant|MODERATE|KRAS|ENSG00000133703|Transcript|ENST00000311936|protein_coding|4/5||ENST00000311936.8:c.437C>T|ENSP00000308495.3:p.Ala146Val|627|437|146|A/V|gCa/gTa|rs1057519725&COSV55498939||-1||SNV|HGNC|HGNC:6407|YES|1|P3|CCDS8702.1|ENSP00000308495|P01116.251|A0A024RAV5.54|UPI0000001252|P01116-2|NM_004985.5|deleterious_low_confidence(0)||Gene3D:3.40.50.300&PDB-ENSP_mappings:6xha.A&PDB-ENSP_mappings:6xi7.A&PDB-ENSP_mappings:7lz5.A&PDB-ENSP_mappings:7mdp.A&PDB-ENSP_mappings:7ok3.A&PDB-ENSP_mappings:7ok4.A&PDB-ENSP_mappings:7q9u.AAA&PDB-ENSP_mappings:7q9u.BBB&PDB-ENSP_mappings:7rp3.A&PDB-ENSP_mappings:7ycc.A&PDB-ENSP_mappings:7ycc.B&PDB-ENSP_mappings:7ycc.C&PDB-ENSP_mappings:7yce.A&PDB-ENSP_mappings:8dnj.A&PDB-ENSP_mappings:8dnj.B&PDB-ENSP_mappings:8dnj.C&PDB-ENSP_mappings:8dnk.A&Pfam:PF00071&Prints:PR00449&PROSITE_profiles:PS51419&PROSITE_profiles:PS51420&PROSITE_profiles:PS51421&PANTHER:PTHR24070&PANTHER:PTHR24070:SF388&SMART:SM00173&SMART:SM00174&SMART:SM00175&Superfamily:SSF52540&TIGRFAM:TIGR00231&CDD:cd04138|||||||||||||||||not_provided&pathogenic|0&1|1&1||||||32|4.792440,A|intron_variant|MODIFIER|KRAS|ENSG00000133703|Transcript|ENST00000557334|protein_coding||2/2|ENST00000557334.6:c.112-15716C>T|||||||rs1057519725&COSV55498939||-1||SNV|HGNC|HGNC:6407||5|||ENSP00000452512||G3V5T7.63|UPI00021CF477||||||||||||||||||||||not_provided&pathogenic|0&1|1&1||||||32|4.792440,A|non_coding_transcript_exon_variant|MODIFIER||ENSG00000275197|Transcript|ENST00000620933|lncRNA|1/1||ENST00000620933.1:n.525G>A||525|||||rs1057519725&COSV55498939||1||SNV|||YES|||||||||||||||||||||||||||||not_provided&pathogenic|0&1|1&1||||||32|4.792440,A|missense_variant|MODERATE|KRAS|ENSG00000133703|Transcript|ENST00000685328|protein_coding|4/5||ENST00000685328.1:c.437C>T|ENSP00000508921.1:p.Ala146Val|620|437|146|A/V|gCa/gTa|rs1057519725&COSV55498939||-1||SNV|HGNC|HGNC:6407|||P3|CCDS8702.1|ENSP00000508921|P01116.251|A0A024RAV5.54|UPI0000001252|P01116-2|NM_001369787.1|deleterious_low_confidence(0)||Gene3D:3.40.50.300&PDB-ENSP_mappings:6xha.A&PDB-ENSP_mappings:6xi7.A&PDB-ENSP_mappings:7lz5.A&PDB-ENSP_mappings:7mdp.A&PDB-ENSP_mappings:7ok3.A&PDB-ENSP_mappings:7ok4.A&PDB-ENSP_mappings:7q9u.AAA&PDB-ENSP_mappings:7q9u.BBB&PDB-ENSP_mappings:7rp3.A&PDB-ENSP_mappings:7ycc.A&PDB-ENSP_mappings:7ycc.B&PDB-ENSP_mappings:7ycc.C&PDB-ENSP_mappings:7yce.A&PDB-ENSP_mappings:8dnj.A&PDB-ENSP_mappings:8dnj.B&PDB-ENSP_mappings:8dnj.C&PDB-ENSP_mappings:8dnk.A&Pfam:PF00071&Prints:PR00449&PROSITE_profiles:PS51419&PROSITE_profiles:PS51420&PROSITE_profiles:PS51421&PANTHER:PTHR24070&PANTHER:PTHR24070:SF388&SMART:SM00173&SMART:SM00174&SMART:SM00175&Superfamily:SSF52540&TIGRFAM:TIGR00231&CDD:cd04138|||||||||||||||||not_provided&pathogenic|0&1|1&1||||||32|4.792440,A|3_prime_UTR_variant&NMD_transcript_variant|MODIFIER|KRAS|ENSG00000133703|Transcript|ENST00000686877|nonsense_mediated_decay|5/6||ENST00000686877.1:c.*408C>T||745|||||rs1057519725&COSV55498939||-1||SNV|HGNC|HGNC:6407|||||ENSP00000510431||A0A8I5KR86.2|UPI001E2497D5||||||||||||||||||||||not_provided&pathogenic|0&1|1&1||||||32|4.792440,A|3_prime_UTR_variant&NMD_transcript_variant|MODIFIER|KRAS|ENSG00000133703|Transcript|ENST00000687356|nonsense_mediated_decay|3/4||ENST00000687356.1:c.*135C>T||446|||||rs1057519725&COSV55498939||-1||SNV|HGNC|HGNC:6407|||||ENSP00000510511||A0A8I5KXN3.2|UPI00015AA4A0||||||||||||||||||||||not_provided&pathogenic|0&1|1&1||||||32|4.792440,A|non_coding_transcript_exon_variant|MODIFIER|KRAS|ENSG00000133703|Transcript|ENST00000688228|retained_intron|2/3||ENST00000688228.1:n.911C>T||911|||||rs1057519725&COSV55498939||-1||SNV|HGNC|HGNC:6407||||||||||||||||||||||||||||||not_provided&pathogenic|0&1|1&1||||||32|4.792440,A|missense_variant|MODERATE|KRAS|ENSG00000133703|Transcript|ENST00000688940|protein_coding|4/5||ENST00000688940.1:c.437C>T|ENSP00000509238.1:p.Ala146Val|638|437|146|A/V|gCa/gTa|rs1057519725&COSV55498939||-1||SNV|HGNC|HGNC:6407|||P3|CCDS8702.1|ENSP00000509238|P01116.251|A0A024RAV5.54|UPI0000001252|P01116-2||deleterious_low_confidence(0)||Gene3D:3.40.50.300&PDB-ENSP_mappings:6xha.A&PDB-ENSP_mappings:6xi7.A&PDB-ENSP_mappings:7lz5.A&PDB-ENSP_mappings:7mdp.A&PDB-ENSP_mappings:7ok3.A&PDB-ENSP_mappings:7ok4.A&PDB-ENSP_mappings:7q9u.AAA&PDB-ENSP_mappings:7q9u.BBB&PDB-ENSP_mappings:7rp3.A&PDB-ENSP_mappings:7ycc.A&PDB-ENSP_mappings:7ycc.B&PDB-ENSP_mappings:7ycc.C&PDB-ENSP_mappings:7yce.A&PDB-ENSP_mappings:8dnj.A&PDB-ENSP_mappings:8dnj.B&PDB-ENSP_mappings:8dnj.C&PDB-ENSP_mappings:8dnk.A&Pfam:PF00071&Prints:PR00449&PROSITE_profiles:PS51419&PROSITE_profiles:PS51420&PROSITE_profiles:PS51421&PANTHER:PTHR24070&PANTHER:PTHR24070:SF388&SMART:SM00173&SMART:SM00174&SMART:SM00175&Superfamily:SSF52540&TIGRFAM:TIGR00231&CDD:cd04138|||||||||||||||||not_provided&pathogenic|0&1|1&1||||||32|4.792440,A|missense_variant&NMD_transcript_variant|MODERATE|KRAS|ENSG00000133703|Transcript|ENST00000690406|nonsense_mediated_decay|1/3||ENST00000690406.1:c.149C>T|ENSP00000509798.1:p.Ala50Val|147|149|50|A/V|gCa/gTa|rs1057519725&COSV55498939||-1|cds_start_NF|SNV|HGNC|HGNC:6407|||||ENSP00000509798||A0A8I5KYH6.2&A0A221ZRZ5.11|UPI000B8D9C09|||deleterious_low_confidence(0)|probably_damaging(0.985)||||||||||||||||||not_provided&pathogenic|0&1|1&1||||||32|4.792440,A|3_prime_UTR_variant&NMD_transcript_variant|MODIFIER|KRAS|ENSG00000133703|Transcript|ENST00000690804|nonsense_mediated_decay|5/6||ENST00000690804.1:c.*398C>T||744|||||rs1057519725&COSV55498939||-1||SNV|HGNC|HGNC:6407|||||ENSP00000508568||A0A8I5KQU3.2|UPI001E249B21||||||||||||||||||||||not_provided&pathogenic|0&1|1&1||||||32|4.792440,A|missense_variant|MODERATE|KRAS|ENSG00000133703|Transcript|ENST00000692768|protein_coding|3/4||ENST00000692768.1:c.239C>T|ENSP00000510254.1:p.Ala80Val|493|239|80|A/V|gCa/gTa|rs1057519725&COSV55498939||-1||SNV|HGNC|HGNC:6407|||||ENSP00000510254||A0A8I5KUB5.2|UPI001E24C9F0|||deleterious_low_confidence(0)||Gene3D:3.40.50.300&Pfam:PF00071&Prints:PR00449&PROSITE_profiles:PS51419&PROSITE_profiles:PS51421&PANTHER:PTHR24070&PANTHER:PTHR24070:SF388&SMART:SM00173&SMART:SM00174&SMART:SM00175&Superfamily:SSF52540&TIGRFAM:TIGR00231|||||||||||||||||not_provided&pathogenic|0&1|1&1||||||32|4.792440,A|missense_variant|MODERATE|KRAS|ENSG00000133703|Transcript|ENST00000693229|protein_coding|4/5||ENST00000693229.1:c.362C>T|ENSP00000509223.1:p.Ala121Val|522|362|121|A/V|gCa/gTa|rs1057519725&COSV55498939||-1||SNV|HGNC|HGNC:6407|||||ENSP00000509223||A0A8I5KQ21.2|UPI001E2444E0|||deleterious_low_confidence(0)|probably_damaging(0.982)|Gene3D:3.40.50.300&Pfam:PF00071&PROSITE_profiles:PS51419&PROSITE_profiles:PS51421&PANTHER:PTHR24070&PANTHER:PTHR24070:SF388&SMART:SM00173&SMART:SM00174&SMART:SM00175&Superfamily:SSF52540&TIGRFAM:TIGR00231|||||||||||||||||not_provided&pathogenic|0&1|1&1||||||32|4.792440	GT:AD:DP	0/1:149,9:.	G/A	12:25225627	A	ENSG00000133703	ENST00000693229	Transcript	missense_variant	MODERATE	522	362	121	A/V	gCa/gTa	rs1057519725,COSV55498939			probably_damaging	0.982	deleterious_low_confidence	0	32	4.792440	KRAS	CGC:ONC; OncoKB:ONC; 2020Rule:ONC; CTAT:ONC; Oncogene:ONC		EGFR tyrosine kinase inhibitor resistance|Endocrine resistance|MAPK signaling pathway|ErbB signaling pathway|Ras signaling pathway|Rap1 signaling pathway|Chemokine signaling pathway|FoxO signaling pathway|Sphingolipid signaling pathway|Phospholipase D signaling pathway|Mitophagy - animal|Autophagy - animal|mTOR signaling pathway|PI3K-Akt signaling pathway|Apoptosis|Longevity regulating pathway|Longevity regulating pathway - multiple species|Cellular senescence|Axon guidance|VEGF signaling pathway|Apelin signaling pathway|Gap junction|Signaling pathways regulating pluripotency of stem cells|C-type lectin receptor signaling pathway|Natural killer cell mediated cytotoxicity|T cell receptor signaling pathway|B cell receptor signaling pathway|Fc epsilon RI signaling pathway|Thermogenesis|Long-term potentiation|Neurotrophin signaling pathway|Cholinergic synapse|Serotonergic synapse|Long-term depression|Regulation of actin cytoskeleton|Insulin signaling pathway|GnRH signaling pathway|Progesterone-mediated oocyte maturation|Estrogen signaling pathway|Melanogenesis|Prolactin signaling pathway|Thyroid hormone signaling pathway|Oxytocin signaling pathway|Relaxin signaling pathway|GnRH secretion|AGE-RAGE signaling pathway in diabetic complications|Growth hormone synthesis, secretion and action|Aldosterone-regulated sodium reabsorption|Alzheimer disease|Pathways of neurodegeneration - multiple diseases|Alcoholism|Hepatitis C|Hepatitis B|Human cytomegalovirus infection|Human papillomavirus infection|Human T-cell leukemia virus 1 infection|Kaposi sarcoma-associated herpesvirus infection|Human immunodeficiency virus 1 infection|Pathways in cancer|Viral carcinogenesis|Proteoglycans in cancer|MicroRNAs in cancer|Chemical carcinogenesis - receptor activation|Chemical carcinogenesis - reactive oxygen species|Colorectal cancer|Renal cell carcinoma|Pancreatic cancer|Endometrial cancer|Glioma|Prostate cancer|Thyroid cancer|Melanoma|Bladder cancer|Chronic myeloid leukemia|Acute myeloid leukemia|Non-small cell lung cancer|Breast cancer|Hepatocellular carcinoma|Gastric cancer|Central carbon metabolism in cancer|Choline metabolism in cancer|PD-L1 expression and PD-1 checkpoint pathway in cancer|Lipid and atherosclerosis	hsa01521|hsa01522|hsa04010|hsa04012|hsa04014|hsa04015|hsa04062|hsa04068|hsa04071|hsa04072|hsa04137|hsa04140|hsa04150|hsa04151|hsa04210|hsa04211|hsa04213|hsa04218|hsa04360|hsa04370|hsa04371|hsa04540|hsa04550|hsa04625|hsa04650|hsa04660|hsa04662|hsa04664|hsa04714|hsa04720|hsa04722|hsa04725|hsa04726|hsa04730|hsa04810|hsa04910|hsa04912|hsa04914|hsa04915|hsa04916|hsa04917|hsa04919|hsa04921|hsa04926|hsa04929|hsa04933|hsa04935|hsa04960|hsa05010|hsa05022|hsa05034|hsa05160|hsa05161|hsa05163|hsa05165|hsa05166|hsa05167|hsa05170|hsa05200|hsa05203|hsa05205|hsa05206|hsa05207|hsa05208|hsa05210|hsa05211|hsa05212|hsa05213|hsa05214|hsa05215|hsa05216|hsa05218|hsa05219|hsa05220|hsa05221|hsa05223|hsa05224|hsa05225|hsa05226|hsa05230|hsa05231|hsa05235|hsa05417	RCV000423608; RCV000434735; RCV000441300; RCV000791299	Non-small cell lung carcinoma; Neoplasm of the thyroid gland; Neoplasm of the large intestine; OCULOECTODERMAL SYNDROME, SOMATIC	not provided; Pathogenic; Pathogenic; Pathogenic	SNV	c.362C>T	p.Ala121Val				PF00071.25: Ras family	IPR005225: Small GTP-binding protein domain	47691 / 49097025	0	0.5951	ONC
6	43021676		GCCGGG	-	.	.	CSQ=-|inframe_deletion|MODERATE|RRP36|ENSG00000124541|Transcript|ENST00000244496|protein_coding|1/7||ENST00000244496.6:c.43_48del|ENSP00000244496.5:p.Gly15_Ala16del|54-59|22-27|8-9|AG/-|GCCGGG/-|rs200886831||1||deletion|HGNC|HGNC:21374|YES|1|P1|CCDS34453.1|ENSP00000244496|Q96EU6.152||UPI000006F3AC|Q96EU6-1|NM_033112.4&NM_001329704.2|||AFDB-ENSP_mappings:AF-Q96EU6-F1.A&MobiDB_lite:mobidb-lite&Low_complexity_(Seg):seg|21|||||||0.04192|0.3551|0.04197|0.01287|0.07761|0.03341|0.02649|0.03926|0.04002|||||||||7.379|0.505650,-|downstream_gene_variant|MODIFIER|KLHDC3|ENSG00000124702|Transcript|ENST00000244670|protein_coding||||||||||rs200886831|378|1||deletion|HGNC|HGNC:20704||1|||ENSP00000244670||F8W6A4.63|UPI0000D61457|||||||||||||0.04192|0.3551|0.04197|0.01287|0.07761|0.03341|0.02649|0.03926|0.04002|||||||||7.379|0.505650,-|downstream_gene_variant|MODIFIER|KLHDC3|ENSG00000124702|Transcript|ENST00000326974|protein_coding||||||||||rs200886831|382|1||deletion|HGNC|HGNC:20704|YES|1|P1|CCDS4880.1|ENSP00000313995|Q9BQ90.158||UPI0000036176||NM_057161.4|||||||||||0.04192|0.3551|0.04197|0.01287|0.07761|0.03341|0.02649|0.03926|0.04002|||||||||7.379|0.505650,-|upstream_gene_variant|MODIFIER|RRP36|ENSG00000124541|Transcript|ENST00000607394|nonsense_mediated_decay||||||||||rs200886831|4392|1|cds_start_NF|deletion|HGNC|HGNC:21374||2|||ENSP00000475391||U3KPZ9.41|UPI00038BB052|||||||||||||0.04192|0.3551|0.04197|0.01287|0.07761|0.03341|0.02649|0.03926|0.04002|||||||||7.379|0.505650,-|upstream_gene_variant|MODIFIER|MEA1|ENSG00000124733|Transcript|ENST00000645375|protein_coding||||||||||rs200886831|4810|-1||deletion|HGNC|HGNC:6986|||P1|CCDS87405.1|ENSP00000493661||A0A2R8Y7W8.23|UPI000012EEA0|||||||||||||0.04192|0.3551|0.04197|0.01287|0.07761|0.03341|0.02649|0.03926|0.04002|||||||||7.379|0.505650,-|upstream_gene_variant|MODIFIER|MEA1|ENSG00000124733|Transcript|ENST00000645410|protein_coding||||||||||rs200886831|4808|-1||deletion|HGNC|HGNC:6986|||P1|CCDS87405.1|ENSP00000494198||A0A2R8Y7W8.23|UPI000012EEA0||NM_001318943.1|||||||||||0.04192|0.3551|0.04197|0.01287|0.07761|0.03341|0.02649|0.03926|0.04002|||||||||7.379|0.505650,-|regulatory_region_variant|MODIFIER|||RegulatoryFeature|ENSR00000197077|promoter||||||||||rs200886831||||deletion|||||||||||||||||||||||0.04192|0.3551|0.04197|0.01287|0.07761|0.03341|0.02649|0.03926|0.04002|||||||||7.379|0.505650	GT:AD:DP	0/1:3,5:.	GCCGGG/-	6:43021676	-	ENSG00000124541	ENST00000244496	Transcript	inframe_deletion	MODERATE	54-59	22-27	8-9	AG/-	GCCGGG/-	rs200886831		P1					7.379	0.505650	RRP36		COSV55064757						deletion	c.43_48del	p.Gly15_Ala16del		4.192	2.649			181 / 49097025	8 / 49097025	0.1323	UNCLASSIFIED
6	43021676		GCCGGG	-	.	.	CSQ=-|inframe_deletion|MODERATE|RRP36|ENSG00000124541|Transcript|ENST00000244496|protein_coding|1/7||ENST00000244496.6:c.43_48del|ENSP00000244496.5:p.Gly15_Ala16del|54-59|22-27|8-9|AG/-|GCCGGG/-|rs200886831||1||deletion|HGNC|HGNC:21374|YES|1|P1|CCDS34453.1|ENSP00000244496|Q96EU6.152||UPI000006F3AC|Q96EU6-1|NM_033112.4&NM_001329704.2|||AFDB-ENSP_mappings:AF-Q96EU6-F1.A&MobiDB_lite:mobidb-lite&Low_complexity_(Seg):seg|21|||||||0.04192|0.3551|0.04197|0.01287|0.07761|0.03341|0.02649|0.03926|0.04002|||||||||7.379|0.505650,-|downstream_gene_variant|MODIFIER|KLHDC3|ENSG00000124702|Transcript|ENST00000244670|protein_coding||||||||||rs200886831|378|1||deletion|HGNC|HGNC:20704||1|||ENSP00000244670||F8W6A4.63|UPI0000D61457|||||||||||||0.04192|0.3551|0.04197|0.01287|0.07761|0.03341|0.02649|0.03926|0.04002|||||||||7.379|0.505650,-|downstream_gene_variant|MODIFIER|KLHDC3|ENSG00000124702|Transcript|ENST00000326974|protein_coding||||||||||rs200886831|382|1||deletion|HGNC|HGNC:20704|YES|1|P1|CCDS4880.1|ENSP00000313995|Q9BQ90.158||UPI0000036176||NM_057161.4|||||||||||0.04192|0.3551|0.04197|0.01287|0.07761|0.03341|0.02649|0.03926|0.04002|||||||||7.379|0.505650,-|upstream_gene_variant|MODIFIER|RRP36|ENSG00000124541|Transcript|ENST00000607394|nonsense_mediated_decay||||||||||rs200886831|4392|1|cds_start_NF|deletion|HGNC|HGNC:21374||2|||ENSP00000475391||U3KPZ9.41|UPI00038BB052|||||||||||||0.04192|0.3551|0.04197|0.01287|0.07761|0.03341|0.02649|0.03926|0.04002|||||||||7.379|0.505650,-|upstream_gene_variant|MODIFIER|MEA1|ENSG00000124733|Transcript|ENST00000645375|protein_coding||||||||||rs200886831|4810|-1||deletion|HGNC|HGNC:6986|||P1|CCDS87405.1|ENSP00000493661||A0A2R8Y7W8.23|UPI000012EEA0|||||||||||||0.04192|0.3551|0.04197|0.01287|0.07761|0.03341|0.02649|0.03926|0.04002|||||||||7.379|0.505650,-|upstream_gene_variant|MODIFIER|MEA1|ENSG00000124733|Transcript|ENST00000645410|protein_coding||||||||||rs200886831|4808|-1||deletion|HGNC|HGNC:6986|||P1|CCDS87405.1|ENSP00000494198||A0A2R8Y7W8.23|UPI000012EEA0||NM_001318943.1|||||||||||0.04192|0.3551|0.04197|0.01287|0.07761|0.03341|0.02649|0.03926|0.04002|||||||||7.379|0.505650,-|regulatory_region_variant|MODIFIER|||RegulatoryFeature|ENSR00000197077|promoter||||||||||rs200886831||||deletion|||||||||||||||||||||||0.04192|0.3551|0.04197|0.01287|0.07761|0.03341|0.02649|0.03926|0.04002|||||||||7.379|0.505650	GT:AD:DP	0/1:3,5:.	GCCGGG/-	6:43021676	-	ENSG00000124702	ENST00000244670	Transcript	downstream_gene_variant	MODIFIER						rs200886831							7.379	0.505650	KLHDC3								deletion				4.192	2.649			235 / 49097025	0	0.0625	UNCLASSIFIED
6	43021676		GCCGGG	-	.	.	CSQ=-|inframe_deletion|MODERATE|RRP36|ENSG00000124541|Transcript|ENST00000244496|protein_coding|1/7||ENST00000244496.6:c.43_48del|ENSP00000244496.5:p.Gly15_Ala16del|54-59|22-27|8-9|AG/-|GCCGGG/-|rs200886831||1||deletion|HGNC|HGNC:21374|YES|1|P1|CCDS34453.1|ENSP00000244496|Q96EU6.152||UPI000006F3AC|Q96EU6-1|NM_033112.4&NM_001329704.2|||AFDB-ENSP_mappings:AF-Q96EU6-F1.A&MobiDB_lite:mobidb-lite&Low_complexity_(Seg):seg|21|||||||0.04192|0.3551|0.04197|0.01287|0.07761|0.03341|0.02649|0.03926|0.04002|||||||||7.379|0.505650,-|downstream_gene_variant|MODIFIER|KLHDC3|ENSG00000124702|Transcript|ENST00000244670|protein_coding||||||||||rs200886831|378|1||deletion|HGNC|HGNC:20704||1|||ENSP00000244670||F8W6A4.63|UPI0000D61457|||||||||||||0.04192|0.3551|0.04197|0.01287|0.07761|0.03341|0.02649|0.03926|0.04002|||||||||7.379|0.505650,-|downstream_gene_variant|MODIFIER|KLHDC3|ENSG00000124702|Transcript|ENST00000326974|protein_coding||||||||||rs200886831|382|1||deletion|HGNC|HGNC:20704|YES|1|P1|CCDS4880.1|ENSP00000313995|Q9BQ90.158||UPI0000036176||NM_057161.4|||||||||||0.04192|0.3551|0.04197|0.01287|0.07761|0.03341|0.02649|0.03926|0.04002|||||||||7.379|0.505650,-|upstream_gene_variant|MODIFIER|RRP36|ENSG00000124541|Transcript|ENST00000607394|nonsense_mediated_decay||||||||||rs200886831|4392|1|cds_start_NF|deletion|HGNC|HGNC:21374||2|||ENSP00000475391||U3KPZ9.41|UPI00038BB052|||||||||||||0.04192|0.3551|0.04197|0.01287|0.07761|0.03341|0.02649|0.03926|0.04002|||||||||7.379|0.505650,-|upstream_gene_variant|MODIFIER|MEA1|ENSG00000124733|Transcript|ENST00000645375|protein_coding||||||||||rs200886831|4810|-1||deletion|HGNC|HGNC:6986|||P1|CCDS87405.1|ENSP00000493661||A0A2R8Y7W8.23|UPI000012EEA0|||||||||||||0.04192|0.3551|0.04197|0.01287|0.07761|0.03341|0.02649|0.03926|0.04002|||||||||7.379|0.505650,-|upstream_gene_variant|MODIFIER|MEA1|ENSG00000124733|Transcript|ENST00000645410|protein_coding||||||||||rs200886831|4808|-1||deletion|HGNC|HGNC:6986|||P1|CCDS87405.1|ENSP00000494198||A0A2R8Y7W8.23|UPI000012EEA0||NM_001318943.1|||||||||||0.04192|0.3551|0.04197|0.01287|0.07761|0.03341|0.02649|0.03926|0.04002|||||||||7.379|0.505650,-|regulatory_region_variant|MODIFIER|||RegulatoryFeature|ENSR00000197077|promoter||||||||||rs200886831||||deletion|||||||||||||||||||||||0.04192|0.3551|0.04197|0.01287|0.07761|0.03341|0.02649|0.03926|0.04002|||||||||7.379|0.505650	GT:AD:DP	0/1:3,5:.	GCCGGG/-	6:43021676	-	ENSG00000124702	ENST00000326974	Transcript	downstream_gene_variant	MODIFIER						rs200886831		P1					7.379	0.505650	KLHDC3								deletion				4.192	2.649			235 / 49097025	0	0.0625	UNCLASSIFIED
6	43021676		GCCGGG	-	.	.	CSQ=-|inframe_deletion|MODERATE|RRP36|ENSG00000124541|Transcript|ENST00000244496|protein_coding|1/7||ENST00000244496.6:c.43_48del|ENSP00000244496.5:p.Gly15_Ala16del|54-59|22-27|8-9|AG/-|GCCGGG/-|rs200886831||1||deletion|HGNC|HGNC:21374|YES|1|P1|CCDS34453.1|ENSP00000244496|Q96EU6.152||UPI000006F3AC|Q96EU6-1|NM_033112.4&NM_001329704.2|||AFDB-ENSP_mappings:AF-Q96EU6-F1.A&MobiDB_lite:mobidb-lite&Low_complexity_(Seg):seg|21|||||||0.04192|0.3551|0.04197|0.01287|0.07761|0.03341|0.02649|0.03926|0.04002|||||||||7.379|0.505650,-|downstream_gene_variant|MODIFIER|KLHDC3|ENSG00000124702|Transcript|ENST00000244670|protein_coding||||||||||rs200886831|378|1||deletion|HGNC|HGNC:20704||1|||ENSP00000244670||F8W6A4.63|UPI0000D61457|||||||||||||0.04192|0.3551|0.04197|0.01287|0.07761|0.03341|0.02649|0.03926|0.04002|||||||||7.379|0.505650,-|downstream_gene_variant|MODIFIER|KLHDC3|ENSG00000124702|Transcript|ENST00000326974|protein_coding||||||||||rs200886831|382|1||deletion|HGNC|HGNC:20704|YES|1|P1|CCDS4880.1|ENSP00000313995|Q9BQ90.158||UPI0000036176||NM_057161.4|||||||||||0.04192|0.3551|0.04197|0.01287|0.07761|0.03341|0.02649|0.03926|0.04002|||||||||7.379|0.505650,-|upstream_gene_variant|MODIFIER|RRP36|ENSG00000124541|Transcript|ENST00000607394|nonsense_mediated_decay||||||||||rs200886831|4392|1|cds_start_NF|deletion|HGNC|HGNC:21374||2|||ENSP00000475391||U3KPZ9.41|UPI00038BB052|||||||||||||0.04192|0.3551|0.04197|0.01287|0.07761|0.03341|0.02649|0.03926|0.04002|||||||||7.379|0.505650,-|upstream_gene_variant|MODIFIER|MEA1|ENSG00000124733|Transcript|ENST00000645375|protein_coding||||||||||rs200886831|4810|-1||deletion|HGNC|HGNC:6986|||P1|CCDS87405.1|ENSP00000493661||A0A2R8Y7W8.23|UPI000012EEA0|||||||||||||0.04192|0.3551|0.04197|0.01287|0.07761|0.03341|0.02649|0.03926|0.04002|||||||||7.379|0.505650,-|upstream_gene_variant|MODIFIER|MEA1|ENSG00000124733|Transcript|ENST00000645410|protein_coding||||||||||rs200886831|4808|-1||deletion|HGNC|HGNC:6986|||P1|CCDS87405.1|ENSP00000494198||A0A2R8Y7W8.23|UPI000012EEA0||NM_001318943.1|||||||||||0.04192|0.3551|0.04197|0.01287|0.07761|0.03341|0.02649|0.03926|0.04002|||||||||7.379|0.505650,-|regulatory_region_variant|MODIFIER|||RegulatoryFeature|ENSR00000197077|promoter||||||||||rs200886831||||deletion|||||||||||||||||||||||0.04192|0.3551|0.04197|0.01287|0.07761|0.03341|0.02649|0.03926|0.04002|||||||||7.379|0.505650	GT:AD:DP	0/1:3,5:.	GCCGGG/-	6:43021676	-	ENSG00000124541	ENST00000607394	Transcript	upstream_gene_variant	MODIFIER						rs200886831							7.379	0.505650	RRP36								deletion				4.192	2.649			181 / 49097025	0	0.0625	UNCLASSIFIED
6	43021676		GCCGGG	-	.	.	CSQ=-|inframe_deletion|MODERATE|RRP36|ENSG00000124541|Transcript|ENST00000244496|protein_coding|1/7||ENST00000244496.6:c.43_48del|ENSP00000244496.5:p.Gly15_Ala16del|54-59|22-27|8-9|AG/-|GCCGGG/-|rs200886831||1||deletion|HGNC|HGNC:21374|YES|1|P1|CCDS34453.1|ENSP00000244496|Q96EU6.152||UPI000006F3AC|Q96EU6-1|NM_033112.4&NM_001329704.2|||AFDB-ENSP_mappings:AF-Q96EU6-F1.A&MobiDB_lite:mobidb-lite&Low_complexity_(Seg):seg|21|||||||0.04192|0.3551|0.04197|0.01287|0.07761|0.03341|0.02649|0.03926|0.04002|||||||||7.379|0.505650,-|downstream_gene_variant|MODIFIER|KLHDC3|ENSG00000124702|Transcript|ENST00000244670|protein_coding||||||||||rs200886831|378|1||deletion|HGNC|HGNC:20704||1|||ENSP00000244670||F8W6A4.63|UPI0000D61457|||||||||||||0.04192|0.3551|0.04197|0.01287|0.07761|0.03341|0.02649|0.03926|0.04002|||||||||7.379|0.505650,-|downstream_gene_variant|MODIFIER|KLHDC3|ENSG00000124702|Transcript|ENST00000326974|protein_coding||||||||||rs200886831|382|1||deletion|HGNC|HGNC:20704|YES|1|P1|CCDS4880.1|ENSP00000313995|Q9BQ90.158||UPI0000036176||NM_057161.4|||||||||||0.04192|0.3551|0.04197|0.01287|0.07761|0.03341|0.02649|0.03926|0.04002|||||||||7.379|0.505650,-|upstream_gene_variant|MODIFIER|RRP36|ENSG00000124541|Transcript|ENST00000607394|nonsense_mediated_decay||||||||||rs200886831|4392|1|cds_start_NF|deletion|HGNC|HGNC:21374||2|||ENSP00000475391||U3KPZ9.41|UPI00038BB052|||||||||||||0.04192|0.3551|0.04197|0.01287|0.07761|0.03341|0.02649|0.03926|0.04002|||||||||7.379|0.505650,-|upstream_gene_variant|MODIFIER|MEA1|ENSG00000124733|Transcript|ENST00000645375|protein_coding||||||||||rs200886831|4810|-1||deletion|HGNC|HGNC:6986|||P1|CCDS87405.1|ENSP00000493661||A0A2R8Y7W8.23|UPI000012EEA0|||||||||||||0.04192|0.3551|0.04197|0.01287|0.07761|0.03341|0.02649|0.03926|0.04002|||||||||7.379|0.505650,-|upstream_gene_variant|MODIFIER|MEA1|ENSG00000124733|Transcript|ENST00000645410|protein_coding||||||||||rs200886831|4808|-1||deletion|HGNC|HGNC:6986|||P1|CCDS87405.1|ENSP00000494198||A0A2R8Y7W8.23|UPI000012EEA0||NM_001318943.1|||||||||||0.04192|0.3551|0.04197|0.01287|0.07761|0.03341|0.02649|0.03926|0.04002|||||||||7.379|0.505650,-|regulatory_region_variant|MODIFIER|||RegulatoryFeature|ENSR00000197077|promoter||||||||||rs200886831||||deletion|||||||||||||||||||||||0.04192|0.3551|0.04197|0.01287|0.07761|0.03341|0.02649|0.03926|0.04002|||||||||7.379|0.505650	GT:AD:DP	0/1:3,5:.	GCCGGG/-	6:43021676	-	ENSG00000124733	ENST00000645375	Transcript	upstream_gene_variant	MODIFIER						rs200886831		P1					7.379	0.505650	MEA1								deletion				4.192	2.649			133 / 49097025	0	0.0625	UNCLASSIFIED
6	43021676		GCCGGG	-	.	.	CSQ=-|inframe_deletion|MODERATE|RRP36|ENSG00000124541|Transcript|ENST00000244496|protein_coding|1/7||ENST00000244496.6:c.43_48del|ENSP00000244496.5:p.Gly15_Ala16del|54-59|22-27|8-9|AG/-|GCCGGG/-|rs200886831||1||deletion|HGNC|HGNC:21374|YES|1|P1|CCDS34453.1|ENSP00000244496|Q96EU6.152||UPI000006F3AC|Q96EU6-1|NM_033112.4&NM_001329704.2|||AFDB-ENSP_mappings:AF-Q96EU6-F1.A&MobiDB_lite:mobidb-lite&Low_complexity_(Seg):seg|21|||||||0.04192|0.3551|0.04197|0.01287|0.07761|0.03341|0.02649|0.03926|0.04002|||||||||7.379|0.505650,-|downstream_gene_variant|MODIFIER|KLHDC3|ENSG00000124702|Transcript|ENST00000244670|protein_coding||||||||||rs200886831|378|1||deletion|HGNC|HGNC:20704||1|||ENSP00000244670||F8W6A4.63|UPI0000D61457|||||||||||||0.04192|0.3551|0.04197|0.01287|0.07761|0.03341|0.02649|0.03926|0.04002|||||||||7.379|0.505650,-|downstream_gene_variant|MODIFIER|KLHDC3|ENSG00000124702|Transcript|ENST00000326974|protein_coding||||||||||rs200886831|382|1||deletion|HGNC|HGNC:20704|YES|1|P1|CCDS4880.1|ENSP00000313995|Q9BQ90.158||UPI0000036176||NM_057161.4|||||||||||0.04192|0.3551|0.04197|0.01287|0.07761|0.03341|0.02649|0.03926|0.04002|||||||||7.379|0.505650,-|upstream_gene_variant|MODIFIER|RRP36|ENSG00000124541|Transcript|ENST00000607394|nonsense_mediated_decay||||||||||rs200886831|4392|1|cds_start_NF|deletion|HGNC|HGNC:21374||2|||ENSP00000475391||U3KPZ9.41|UPI00038BB052|||||||||||||0.04192|0.3551|0.04197|0.01287|0.07761|0.03341|0.02649|0.03926|0.04002|||||||||7.379|0.505650,-|upstream_gene_variant|MODIFIER|MEA1|ENSG00000124733|Transcript|ENST00000645375|protein_coding||||||||||rs200886831|4810|-1||deletion|HGNC|HGNC:6986|||P1|CCDS87405.1|ENSP00000493661||A0A2R8Y7W8.23|UPI000012EEA0|||||||||||||0.04192|0.3551|0.04197|0.01287|0.07761|0.03341|0.02649|0.03926|0.04002|||||||||7.379|0.505650,-|upstream_gene_variant|MODIFIER|MEA1|ENSG00000124733|Transcript|ENST00000645410|protein_coding||||||||||rs200886831|4808|-1||deletion|HGNC|HGNC:6986|||P1|CCDS87405.1|ENSP00000494198||A0A2R8Y7W8.23|UPI000012EEA0||NM_001318943.1|||||||||||0.04192|0.3551|0.04197|0.01287|0.07761|0.03341|0.02649|0.03926|0.04002|||||||||7.379|0.505650,-|regulatory_region_variant|MODIFIER|||RegulatoryFeature|ENSR00000197077|promoter||||||||||rs200886831||||deletion|||||||||||||||||||||||0.04192|0.3551|0.04197|0.01287|0.07761|0.03341|0.02649|0.03926|0.04002|||||||||7.379|0.505650	GT:AD:DP	0/1:3,5:.	GCCGGG/-	6:43021676	-	ENSG00000124733	ENST00000645410	Transcript	upstream_gene_variant	MODIFIER						rs200886831		P1					7.379	0.505650	MEA1								deletion				4.192	2.649			133 / 49097025	0	0.0625	UNCLASSIFIED
6	43021676		GCCGGG	-	.	.	CSQ=-|inframe_deletion|MODERATE|RRP36|ENSG00000124541|Transcript|ENST00000244496|protein_coding|1/7||ENST00000244496.6:c.43_48del|ENSP00000244496.5:p.Gly15_Ala16del|54-59|22-27|8-9|AG/-|GCCGGG/-|rs200886831||1||deletion|HGNC|HGNC:21374|YES|1|P1|CCDS34453.1|ENSP00000244496|Q96EU6.152||UPI000006F3AC|Q96EU6-1|NM_033112.4&NM_001329704.2|||AFDB-ENSP_mappings:AF-Q96EU6-F1.A&MobiDB_lite:mobidb-lite&Low_complexity_(Seg):seg|21|||||||0.04192|0.3551|0.04197|0.01287|0.07761|0.03341|0.02649|0.03926|0.04002|||||||||7.379|0.505650,-|downstream_gene_variant|MODIFIER|KLHDC3|ENSG00000124702|Transcript|ENST00000244670|protein_coding||||||||||rs200886831|378|1||deletion|HGNC|HGNC:20704||1|||ENSP00000244670||F8W6A4.63|UPI0000D61457|||||||||||||0.04192|0.3551|0.04197|0.01287|0.07761|0.03341|0.02649|0.03926|0.04002|||||||||7.379|0.505650,-|downstream_gene_variant|MODIFIER|KLHDC3|ENSG00000124702|Transcript|ENST00000326974|protein_coding||||||||||rs200886831|382|1||deletion|HGNC|HGNC:20704|YES|1|P1|CCDS4880.1|ENSP00000313995|Q9BQ90.158||UPI0000036176||NM_057161.4|||||||||||0.04192|0.3551|0.04197|0.01287|0.07761|0.03341|0.02649|0.03926|0.04002|||||||||7.379|0.505650,-|upstream_gene_variant|MODIFIER|RRP36|ENSG00000124541|Transcript|ENST00000607394|nonsense_mediated_decay||||||||||rs200886831|4392|1|cds_start_NF|deletion|HGNC|HGNC:21374||2|||ENSP00000475391||U3KPZ9.41|UPI00038BB052|||||||||||||0.04192|0.3551|0.04197|0.01287|0.07761|0.03341|0.02649|0.03926|0.04002|||||||||7.379|0.505650,-|upstream_gene_variant|MODIFIER|MEA1|ENSG00000124733|Transcript|ENST00000645375|protein_coding||||||||||rs200886831|4810|-1||deletion|HGNC|HGNC:6986|||P1|CCDS87405.1|ENSP00000493661||A0A2R8Y7W8.23|UPI000012EEA0|||||||||||||0.04192|0.3551|0.04197|0.01287|0.07761|0.03341|0.02649|0.03926|0.04002|||||||||7.379|0.505650,-|upstream_gene_variant|MODIFIER|MEA1|ENSG00000124733|Transcript|ENST00000645410|protein_coding||||||||||rs200886831|4808|-1||deletion|HGNC|HGNC:6986|||P1|CCDS87405.1|ENSP00000494198||A0A2R8Y7W8.23|UPI000012EEA0||NM_001318943.1|||||||||||0.04192|0.3551|0.04197|0.01287|0.07761|0.03341|0.02649|0.03926|0.04002|||||||||7.379|0.505650,-|regulatory_region_variant|MODIFIER|||RegulatoryFeature|ENSR00000197077|promoter||||||||||rs200886831||||deletion|||||||||||||||||||||||0.04192|0.3551|0.04197|0.01287|0.07761|0.03341|0.02649|0.03926|0.04002|||||||||7.379|0.505650	GT:AD:DP	0/1:3,5:.	GCCGGG/-	6:43021676	-		ENSR00000197077	RegulatoryFeature	regulatory_region_variant	MODIFIER						rs200886831							7.379	0.505650									deletion				4.192	2.649			0	0	0.0625	UNCLASSIFIED
18	44951896		G	T	.	.	CSQ=T|synonymous_variant|LOW|SETBP1|ENSG00000152217|Transcript|ENST00000649279|protein_coding|4/6||ENST00000649279.2:c.2556G>T|ENSP00000497406.1:p.Thr852%3D|2862|2556|852|T|acG/acT|rs150665941&COSV56334162&COSV99954521||1||SNV|HGNC|HGNC:15573|YES||P2|CCDS11923.2|ENSP00000497406|Q9Y6X0.170||UPI0000201C54|Q9Y6X0-1|NM_015559.3|||AFDB-ENSP_mappings:AF-Q9Y6X0-F1.A&PANTHER:PTHR46147&PANTHER:PTHR46147:SF2||||||||||||||||||0&1&1|0&1&1||||||0.838|-0.130262,T|synonymous_variant|LOW|SETBP1|ENSG00000152217|Transcript|ENST00000677068|protein_coding|4/6||ENST00000677068.1:c.2556G>T|ENSP00000504398.1:p.Thr852%3D|2935|2556|852|T|acG/acT|rs150665941&COSV56334162&COSV99954521||1||SNV|HGNC|HGNC:15573|||P2|CCDS11923.2|ENSP00000504398|Q9Y6X0.170||UPI0000201C54|Q9Y6X0-1|NM_001379141.1|||AFDB-ENSP_mappings:AF-Q9Y6X0-F1.A&PANTHER:PTHR46147&PANTHER:PTHR46147:SF2||||||||||||||||||0&1&1|0&1&1||||||0.838|-0.130262,T|synonymous_variant|LOW|SETBP1|ENSG00000152217|Transcript|ENST00000677077|protein_coding|4/6||ENST00000677077.1:c.2556G>T|ENSP00000503656.1:p.Thr852%3D|2907|2556|852|T|acG/acT|rs150665941&COSV56334162&COSV99954521||1||SNV|HGNC|HGNC:15573|||P2|CCDS11923.2|ENSP00000503656|Q9Y6X0.170||UPI0000201C54|Q9Y6X0-1||||AFDB-ENSP_mappings:AF-Q9Y6X0-F1.A&PANTHER:PTHR46147&PANTHER:PTHR46147:SF2||||||||||||||||||0&1&1|0&1&1||||||0.838|-0.130262,T|synonymous_variant|LOW|SETBP1|ENSG00000152217|Transcript|ENST00000677130|protein_coding|4/6||ENST00000677130.1:c.2556G>T|ENSP00000503094.1:p.Thr852%3D|2974|2556|852|T|acG/acT|rs150665941&COSV56334162&COSV99954521||1||SNV|HGNC|HGNC:15573|||P2|CCDS11923.2|ENSP00000503094|Q9Y6X0.170||UPI0000201C54|Q9Y6X0-1|NM_001379142.1|||AFDB-ENSP_mappings:AF-Q9Y6X0-F1.A&PANTHER:PTHR46147&PANTHER:PTHR46147:SF2||||||||||||||||||0&1&1|0&1&1||||||0.838|-0.130262,T|synonymous_variant|LOW|SETBP1|ENSG00000152217|Transcript|ENST00000677699|protein_coding|4/5||ENST00000677699.1:c.2556G>T|ENSP00000503964.1:p.Thr852%3D|2862|2556|852|T|acG/acT|rs150665941&COSV56334162&COSV99954521||1||SNV|HGNC|HGNC:15573|||A2||ENSP00000503964||A0A7I2V4X1.5|UPI000387B0FC||NM_001410862.1|||PANTHER:PTHR46147&PANTHER:PTHR46147:SF2||||||||||||||||||0&1&1|0&1&1||||||0.838|-0.130262,T|synonymous_variant|LOW|SETBP1|ENSG00000152217|Transcript|ENST00000678152|protein_coding|4/6||ENST00000678152.1:c.2556G>T|ENSP00000502995.1:p.Thr852%3D|2802|2556|852|T|acG/acT|rs150665941&COSV56334162&COSV99954521||1||SNV|HGNC|HGNC:15573|||P2|CCDS11923.2|ENSP00000502995|Q9Y6X0.170||UPI0000201C54|Q9Y6X0-1||||AFDB-ENSP_mappings:AF-Q9Y6X0-F1.A&PANTHER:PTHR46147&PANTHER:PTHR46147:SF2||||||||||||||||||0&1&1|0&1&1||||||0.838|-0.130262	GT:AD:DP	0/1:22,3:.	G/T	18:44951896	T	ENSG00000152217	ENST00000649279	Transcript	synonymous_variant	LOW	2862	2556	852	T	acG/acT	rs150665941,COSV56334162,COSV99954521		P2					0.838	-0.130262	SETBP1	CGC:ONC; OncoKB:ONC; 2020Rule:ONC; CTAT:PSSIBLE_ONCOGENE; Oncogene:ONC							SNV	c.2556G>T	p.Thr852%3D						2711 / 49097025	0	0.1250	ONC
18	44951896		G	T	.	.	CSQ=T|synonymous_variant|LOW|SETBP1|ENSG00000152217|Transcript|ENST00000649279|protein_coding|4/6||ENST00000649279.2:c.2556G>T|ENSP00000497406.1:p.Thr852%3D|2862|2556|852|T|acG/acT|rs150665941&COSV56334162&COSV99954521||1||SNV|HGNC|HGNC:15573|YES||P2|CCDS11923.2|ENSP00000497406|Q9Y6X0.170||UPI0000201C54|Q9Y6X0-1|NM_015559.3|||AFDB-ENSP_mappings:AF-Q9Y6X0-F1.A&PANTHER:PTHR46147&PANTHER:PTHR46147:SF2||||||||||||||||||0&1&1|0&1&1||||||0.838|-0.130262,T|synonymous_variant|LOW|SETBP1|ENSG00000152217|Transcript|ENST00000677068|protein_coding|4/6||ENST00000677068.1:c.2556G>T|ENSP00000504398.1:p.Thr852%3D|2935|2556|852|T|acG/acT|rs150665941&COSV56334162&COSV99954521||1||SNV|HGNC|HGNC:15573|||P2|CCDS11923.2|ENSP00000504398|Q9Y6X0.170||UPI0000201C54|Q9Y6X0-1|NM_001379141.1|||AFDB-ENSP_mappings:AF-Q9Y6X0-F1.A&PANTHER:PTHR46147&PANTHER:PTHR46147:SF2||||||||||||||||||0&1&1|0&1&1||||||0.838|-0.130262,T|synonymous_variant|LOW|SETBP1|ENSG00000152217|Transcript|ENST00000677077|protein_coding|4/6||ENST00000677077.1:c.2556G>T|ENSP00000503656.1:p.Thr852%3D|2907|2556|852|T|acG/acT|rs150665941&COSV56334162&COSV99954521||1||SNV|HGNC|HGNC:15573|||P2|CCDS11923.2|ENSP00000503656|Q9Y6X0.170||UPI0000201C54|Q9Y6X0-1||||AFDB-ENSP_mappings:AF-Q9Y6X0-F1.A&PANTHER:PTHR46147&PANTHER:PTHR46147:SF2||||||||||||||||||0&1&1|0&1&1||||||0.838|-0.130262,T|synonymous_variant|LOW|SETBP1|ENSG00000152217|Transcript|ENST00000677130|protein_coding|4/6||ENST00000677130.1:c.2556G>T|ENSP00000503094.1:p.Thr852%3D|2974|2556|852|T|acG/acT|rs150665941&COSV56334162&COSV99954521||1||SNV|HGNC|HGNC:15573|||P2|CCDS11923.2|ENSP00000503094|Q9Y6X0.170||UPI0000201C54|Q9Y6X0-1|NM_001379142.1|||AFDB-ENSP_mappings:AF-Q9Y6X0-F1.A&PANTHER:PTHR46147&PANTHER:PTHR46147:SF2||||||||||||||||||0&1&1|0&1&1||||||0.838|-0.130262,T|synonymous_variant|LOW|SETBP1|ENSG00000152217|Transcript|ENST00000677699|protein_coding|4/5||ENST00000677699.1:c.2556G>T|ENSP00000503964.1:p.Thr852%3D|2862|2556|852|T|acG/acT|rs150665941&COSV56334162&COSV99954521||1||SNV|HGNC|HGNC:15573|||A2||ENSP00000503964||A0A7I2V4X1.5|UPI000387B0FC||NM_001410862.1|||PANTHER:PTHR46147&PANTHER:PTHR46147:SF2||||||||||||||||||0&1&1|0&1&1||||||0.838|-0.130262,T|synonymous_variant|LOW|SETBP1|ENSG00000152217|Transcript|ENST00000678152|protein_coding|4/6||ENST00000678152.1:c.2556G>T|ENSP00000502995.1:p.Thr852%3D|2802|2556|852|T|acG/acT|rs150665941&COSV56334162&COSV99954521||1||SNV|HGNC|HGNC:15573|||P2|CCDS11923.2|ENSP00000502995|Q9Y6X0.170||UPI0000201C54|Q9Y6X0-1||||AFDB-ENSP_mappings:AF-Q9Y6X0-F1.A&PANTHER:PTHR46147&PANTHER:PTHR46147:SF2||||||||||||||||||0&1&1|0&1&1||||||0.838|-0.130262	GT:AD:DP	0/1:22,3:.	G/T	18:44951896	T	ENSG00000152217	ENST00000677068	Transcript	synonymous_variant	LOW	2935	2556	852	T	acG/acT	rs150665941,COSV56334162,COSV99954521		P2					0.838	-0.130262	SETBP1	CGC:ONC; OncoKB:ONC; 2020Rule:ONC; CTAT:PSSIBLE_ONCOGENE; Oncogene:ONC							SNV	c.2556G>T	p.Thr852%3D						2711 / 49097025	0	0.1250	ONC
18	44951896		G	T	.	.	CSQ=T|synonymous_variant|LOW|SETBP1|ENSG00000152217|Transcript|ENST00000649279|protein_coding|4/6||ENST00000649279.2:c.2556G>T|ENSP00000497406.1:p.Thr852%3D|2862|2556|852|T|acG/acT|rs150665941&COSV56334162&COSV99954521||1||SNV|HGNC|HGNC:15573|YES||P2|CCDS11923.2|ENSP00000497406|Q9Y6X0.170||UPI0000201C54|Q9Y6X0-1|NM_015559.3|||AFDB-ENSP_mappings:AF-Q9Y6X0-F1.A&PANTHER:PTHR46147&PANTHER:PTHR46147:SF2||||||||||||||||||0&1&1|0&1&1||||||0.838|-0.130262,T|synonymous_variant|LOW|SETBP1|ENSG00000152217|Transcript|ENST00000677068|protein_coding|4/6||ENST00000677068.1:c.2556G>T|ENSP00000504398.1:p.Thr852%3D|2935|2556|852|T|acG/acT|rs150665941&COSV56334162&COSV99954521||1||SNV|HGNC|HGNC:15573|||P2|CCDS11923.2|ENSP00000504398|Q9Y6X0.170||UPI0000201C54|Q9Y6X0-1|NM_001379141.1|||AFDB-ENSP_mappings:AF-Q9Y6X0-F1.A&PANTHER:PTHR46147&PANTHER:PTHR46147:SF2||||||||||||||||||0&1&1|0&1&1||||||0.838|-0.130262,T|synonymous_variant|LOW|SETBP1|ENSG00000152217|Transcript|ENST00000677077|protein_coding|4/6||ENST00000677077.1:c.2556G>T|ENSP00000503656.1:p.Thr852%3D|2907|2556|852|T|acG/acT|rs150665941&COSV56334162&COSV99954521||1||SNV|HGNC|HGNC:15573|||P2|CCDS11923.2|ENSP00000503656|Q9Y6X0.170||UPI0000201C54|Q9Y6X0-1||||AFDB-ENSP_mappings:AF-Q9Y6X0-F1.A&PANTHER:PTHR46147&PANTHER:PTHR46147:SF2||||||||||||||||||0&1&1|0&1&1||||||0.838|-0.130262,T|synonymous_variant|LOW|SETBP1|ENSG00000152217|Transcript|ENST00000677130|protein_coding|4/6||ENST00000677130.1:c.2556G>T|ENSP00000503094.1:p.Thr852%3D|2974|2556|852|T|acG/acT|rs150665941&COSV56334162&COSV99954521||1||SNV|HGNC|HGNC:15573|||P2|CCDS11923.2|ENSP00000503094|Q9Y6X0.170||UPI0000201C54|Q9Y6X0-1|NM_001379142.1|||AFDB-ENSP_mappings:AF-Q9Y6X0-F1.A&PANTHER:PTHR46147&PANTHER:PTHR46147:SF2||||||||||||||||||0&1&1|0&1&1||||||0.838|-0.130262,T|synonymous_variant|LOW|SETBP1|ENSG00000152217|Transcript|ENST00000677699|protein_coding|4/5||ENST00000677699.1:c.2556G>T|ENSP00000503964.1:p.Thr852%3D|2862|2556|852|T|acG/acT|rs150665941&COSV56334162&COSV99954521||1||SNV|HGNC|HGNC:15573|||A2||ENSP00000503964||A0A7I2V4X1.5|UPI000387B0FC||NM_001410862.1|||PANTHER:PTHR46147&PANTHER:PTHR46147:SF2||||||||||||||||||0&1&1|0&1&1||||||0.838|-0.130262,T|synonymous_variant|LOW|SETBP1|ENSG00000152217|Transcript|ENST00000678152|protein_coding|4/6||ENST00000678152.1:c.2556G>T|ENSP00000502995.1:p.Thr852%3D|2802|2556|852|T|acG/acT|rs150665941&COSV56334162&COSV99954521||1||SNV|HGNC|HGNC:15573|||P2|CCDS11923.2|ENSP00000502995|Q9Y6X0.170||UPI0000201C54|Q9Y6X0-1||||AFDB-ENSP_mappings:AF-Q9Y6X0-F1.A&PANTHER:PTHR46147&PANTHER:PTHR46147:SF2||||||||||||||||||0&1&1|0&1&1||||||0.838|-0.130262	GT:AD:DP	0/1:22,3:.	G/T	18:44951896	T	ENSG00000152217	ENST00000677077	Transcript	synonymous_variant	LOW	2907	2556	852	T	acG/acT	rs150665941,COSV56334162,COSV99954521		P2					0.838	-0.130262	SETBP1	CGC:ONC; OncoKB:ONC; 2020Rule:ONC; CTAT:PSSIBLE_ONCOGENE; Oncogene:ONC							SNV	c.2556G>T	p.Thr852%3D						2711 / 49097025	0	0.1250	ONC
18	44951896		G	T	.	.	CSQ=T|synonymous_variant|LOW|SETBP1|ENSG00000152217|Transcript|ENST00000649279|protein_coding|4/6||ENST00000649279.2:c.2556G>T|ENSP00000497406.1:p.Thr852%3D|2862|2556|852|T|acG/acT|rs150665941&COSV56334162&COSV99954521||1||SNV|HGNC|HGNC:15573|YES||P2|CCDS11923.2|ENSP00000497406|Q9Y6X0.170||UPI0000201C54|Q9Y6X0-1|NM_015559.3|||AFDB-ENSP_mappings:AF-Q9Y6X0-F1.A&PANTHER:PTHR46147&PANTHER:PTHR46147:SF2||||||||||||||||||0&1&1|0&1&1||||||0.838|-0.130262,T|synonymous_variant|LOW|SETBP1|ENSG00000152217|Transcript|ENST00000677068|protein_coding|4/6||ENST00000677068.1:c.2556G>T|ENSP00000504398.1:p.Thr852%3D|2935|2556|852|T|acG/acT|rs150665941&COSV56334162&COSV99954521||1||SNV|HGNC|HGNC:15573|||P2|CCDS11923.2|ENSP00000504398|Q9Y6X0.170||UPI0000201C54|Q9Y6X0-1|NM_001379141.1|||AFDB-ENSP_mappings:AF-Q9Y6X0-F1.A&PANTHER:PTHR46147&PANTHER:PTHR46147:SF2||||||||||||||||||0&1&1|0&1&1||||||0.838|-0.130262,T|synonymous_variant|LOW|SETBP1|ENSG00000152217|Transcript|ENST00000677077|protein_coding|4/6||ENST00000677077.1:c.2556G>T|ENSP00000503656.1:p.Thr852%3D|2907|2556|852|T|acG/acT|rs150665941&COSV56334162&COSV99954521||1||SNV|HGNC|HGNC:15573|||P2|CCDS11923.2|ENSP00000503656|Q9Y6X0.170||UPI0000201C54|Q9Y6X0-1||||AFDB-ENSP_mappings:AF-Q9Y6X0-F1.A&PANTHER:PTHR46147&PANTHER:PTHR46147:SF2||||||||||||||||||0&1&1|0&1&1||||||0.838|-0.130262,T|synonymous_variant|LOW|SETBP1|ENSG00000152217|Transcript|ENST00000677130|protein_coding|4/6||ENST00000677130.1:c.2556G>T|ENSP00000503094.1:p.Thr852%3D|2974|2556|852|T|acG/acT|rs150665941&COSV56334162&COSV99954521||1||SNV|HGNC|HGNC:15573|||P2|CCDS11923.2|ENSP00000503094|Q9Y6X0.170||UPI0000201C54|Q9Y6X0-1|NM_001379142.1|||AFDB-ENSP_mappings:AF-Q9Y6X0-F1.A&PANTHER:PTHR46147&PANTHER:PTHR46147:SF2||||||||||||||||||0&1&1|0&1&1||||||0.838|-0.130262,T|synonymous_variant|LOW|SETBP1|ENSG00000152217|Transcript|ENST00000677699|protein_coding|4/5||ENST00000677699.1:c.2556G>T|ENSP00000503964.1:p.Thr852%3D|2862|2556|852|T|acG/acT|rs150665941&COSV56334162&COSV99954521||1||SNV|HGNC|HGNC:15573|||A2||ENSP00000503964||A0A7I2V4X1.5|UPI000387B0FC||NM_001410862.1|||PANTHER:PTHR46147&PANTHER:PTHR46147:SF2||||||||||||||||||0&1&1|0&1&1||||||0.838|-0.130262,T|synonymous_variant|LOW|SETBP1|ENSG00000152217|Transcript|ENST00000678152|protein_coding|4/6||ENST00000678152.1:c.2556G>T|ENSP00000502995.1:p.Thr852%3D|2802|2556|852|T|acG/acT|rs150665941&COSV56334162&COSV99954521||1||SNV|HGNC|HGNC:15573|||P2|CCDS11923.2|ENSP00000502995|Q9Y6X0.170||UPI0000201C54|Q9Y6X0-1||||AFDB-ENSP_mappings:AF-Q9Y6X0-F1.A&PANTHER:PTHR46147&PANTHER:PTHR46147:SF2||||||||||||||||||0&1&1|0&1&1||||||0.838|-0.130262	GT:AD:DP	0/1:22,3:.	G/T	18:44951896	T	ENSG00000152217	ENST00000677130	Transcript	synonymous_variant	LOW	2974	2556	852	T	acG/acT	rs150665941,COSV56334162,COSV99954521		P2					0.838	-0.130262	SETBP1	CGC:ONC; OncoKB:ONC; 2020Rule:ONC; CTAT:PSSIBLE_ONCOGENE; Oncogene:ONC							SNV	c.2556G>T	p.Thr852%3D						2711 / 49097025	0	0.1250	ONC
18	44951896		G	T	.	.	CSQ=T|synonymous_variant|LOW|SETBP1|ENSG00000152217|Transcript|ENST00000649279|protein_coding|4/6||ENST00000649279.2:c.2556G>T|ENSP00000497406.1:p.Thr852%3D|2862|2556|852|T|acG/acT|rs150665941&COSV56334162&COSV99954521||1||SNV|HGNC|HGNC:15573|YES||P2|CCDS11923.2|ENSP00000497406|Q9Y6X0.170||UPI0000201C54|Q9Y6X0-1|NM_015559.3|||AFDB-ENSP_mappings:AF-Q9Y6X0-F1.A&PANTHER:PTHR46147&PANTHER:PTHR46147:SF2||||||||||||||||||0&1&1|0&1&1||||||0.838|-0.130262,T|synonymous_variant|LOW|SETBP1|ENSG00000152217|Transcript|ENST00000677068|protein_coding|4/6||ENST00000677068.1:c.2556G>T|ENSP00000504398.1:p.Thr852%3D|2935|2556|852|T|acG/acT|rs150665941&COSV56334162&COSV99954521||1||SNV|HGNC|HGNC:15573|||P2|CCDS11923.2|ENSP00000504398|Q9Y6X0.170||UPI0000201C54|Q9Y6X0-1|NM_001379141.1|||AFDB-ENSP_mappings:AF-Q9Y6X0-F1.A&PANTHER:PTHR46147&PANTHER:PTHR46147:SF2||||||||||||||||||0&1&1|0&1&1||||||0.838|-0.130262,T|synonymous_variant|LOW|SETBP1|ENSG00000152217|Transcript|ENST00000677077|protein_coding|4/6||ENST00000677077.1:c.2556G>T|ENSP00000503656.1:p.Thr852%3D|2907|2556|852|T|acG/acT|rs150665941&COSV56334162&COSV99954521||1||SNV|HGNC|HGNC:15573|||P2|CCDS11923.2|ENSP00000503656|Q9Y6X0.170||UPI0000201C54|Q9Y6X0-1||||AFDB-ENSP_mappings:AF-Q9Y6X0-F1.A&PANTHER:PTHR46147&PANTHER:PTHR46147:SF2||||||||||||||||||0&1&1|0&1&1||||||0.838|-0.130262,T|synonymous_variant|LOW|SETBP1|ENSG00000152217|Transcript|ENST00000677130|protein_coding|4/6||ENST00000677130.1:c.2556G>T|ENSP00000503094.1:p.Thr852%3D|2974|2556|852|T|acG/acT|rs150665941&COSV56334162&COSV99954521||1||SNV|HGNC|HGNC:15573|||P2|CCDS11923.2|ENSP00000503094|Q9Y6X0.170||UPI0000201C54|Q9Y6X0-1|NM_001379142.1|||AFDB-ENSP_mappings:AF-Q9Y6X0-F1.A&PANTHER:PTHR46147&PANTHER:PTHR46147:SF2||||||||||||||||||0&1&1|0&1&1||||||0.838|-0.130262,T|synonymous_variant|LOW|SETBP1|ENSG00000152217|Transcript|ENST00000677699|protein_coding|4/5||ENST00000677699.1:c.2556G>T|ENSP00000503964.1:p.Thr852%3D|2862|2556|852|T|acG/acT|rs150665941&COSV56334162&COSV99954521||1||SNV|HGNC|HGNC:15573|||A2||ENSP00000503964||A0A7I2V4X1.5|UPI000387B0FC||NM_001410862.1|||PANTHER:PTHR46147&PANTHER:PTHR46147:SF2||||||||||||||||||0&1&1|0&1&1||||||0.838|-0.130262,T|synonymous_variant|LOW|SETBP1|ENSG00000152217|Transcript|ENST00000678152|protein_coding|4/6||ENST00000678152.1:c.2556G>T|ENSP00000502995.1:p.Thr852%3D|2802|2556|852|T|acG/acT|rs150665941&COSV56334162&COSV99954521||1||SNV|HGNC|HGNC:15573|||P2|CCDS11923.2|ENSP00000502995|Q9Y6X0.170||UPI0000201C54|Q9Y6X0-1||||AFDB-ENSP_mappings:AF-Q9Y6X0-F1.A&PANTHER:PTHR46147&PANTHER:PTHR46147:SF2||||||||||||||||||0&1&1|0&1&1||||||0.838|-0.130262	GT:AD:DP	0/1:22,3:.	G/T	18:44951896	T	ENSG00000152217	ENST00000677699	Transcript	synonymous_variant	LOW	2862	2556	852	T	acG/acT	rs150665941,COSV56334162,COSV99954521		A2					0.838	-0.130262	SETBP1	CGC:ONC; OncoKB:ONC; 2020Rule:ONC; CTAT:PSSIBLE_ONCOGENE; Oncogene:ONC							SNV	c.2556G>T	p.Thr852%3D						2711 / 49097025	0	0.1250	ONC
18	44951896		G	T	.	.	CSQ=T|synonymous_variant|LOW|SETBP1|ENSG00000152217|Transcript|ENST00000649279|protein_coding|4/6||ENST00000649279.2:c.2556G>T|ENSP00000497406.1:p.Thr852%3D|2862|2556|852|T|acG/acT|rs150665941&COSV56334162&COSV99954521||1||SNV|HGNC|HGNC:15573|YES||P2|CCDS11923.2|ENSP00000497406|Q9Y6X0.170||UPI0000201C54|Q9Y6X0-1|NM_015559.3|||AFDB-ENSP_mappings:AF-Q9Y6X0-F1.A&PANTHER:PTHR46147&PANTHER:PTHR46147:SF2||||||||||||||||||0&1&1|0&1&1||||||0.838|-0.130262,T|synonymous_variant|LOW|SETBP1|ENSG00000152217|Transcript|ENST00000677068|protein_coding|4/6||ENST00000677068.1:c.2556G>T|ENSP00000504398.1:p.Thr852%3D|2935|2556|852|T|acG/acT|rs150665941&COSV56334162&COSV99954521||1||SNV|HGNC|HGNC:15573|||P2|CCDS11923.2|ENSP00000504398|Q9Y6X0.170||UPI0000201C54|Q9Y6X0-1|NM_001379141.1|||AFDB-ENSP_mappings:AF-Q9Y6X0-F1.A&PANTHER:PTHR46147&PANTHER:PTHR46147:SF2||||||||||||||||||0&1&1|0&1&1||||||0.838|-0.130262,T|synonymous_variant|LOW|SETBP1|ENSG00000152217|Transcript|ENST00000677077|protein_coding|4/6||ENST00000677077.1:c.2556G>T|ENSP00000503656.1:p.Thr852%3D|2907|2556|852|T|acG/acT|rs150665941&COSV56334162&COSV99954521||1||SNV|HGNC|HGNC:15573|||P2|CCDS11923.2|ENSP00000503656|Q9Y6X0.170||UPI0000201C54|Q9Y6X0-1||||AFDB-ENSP_mappings:AF-Q9Y6X0-F1.A&PANTHER:PTHR46147&PANTHER:PTHR46147:SF2||||||||||||||||||0&1&1|0&1&1||||||0.838|-0.130262,T|synonymous_variant|LOW|SETBP1|ENSG00000152217|Transcript|ENST00000677130|protein_coding|4/6||ENST00000677130.1:c.2556G>T|ENSP00000503094.1:p.Thr852%3D|2974|2556|852|T|acG/acT|rs150665941&COSV56334162&COSV99954521||1||SNV|HGNC|HGNC:15573|||P2|CCDS11923.2|ENSP00000503094|Q9Y6X0.170||UPI0000201C54|Q9Y6X0-1|NM_001379142.1|||AFDB-ENSP_mappings:AF-Q9Y6X0-F1.A&PANTHER:PTHR46147&PANTHER:PTHR46147:SF2||||||||||||||||||0&1&1|0&1&1||||||0.838|-0.130262,T|synonymous_variant|LOW|SETBP1|ENSG00000152217|Transcript|ENST00000677699|protein_coding|4/5||ENST00000677699.1:c.2556G>T|ENSP00000503964.1:p.Thr852%3D|2862|2556|852|T|acG/acT|rs150665941&COSV56334162&COSV99954521||1||SNV|HGNC|HGNC:15573|||A2||ENSP00000503964||A0A7I2V4X1.5|UPI000387B0FC||NM_001410862.1|||PANTHER:PTHR46147&PANTHER:PTHR46147:SF2||||||||||||||||||0&1&1|0&1&1||||||0.838|-0.130262,T|synonymous_variant|LOW|SETBP1|ENSG00000152217|Transcript|ENST00000678152|protein_coding|4/6||ENST00000678152.1:c.2556G>T|ENSP00000502995.1:p.Thr852%3D|2802|2556|852|T|acG/acT|rs150665941&COSV56334162&COSV99954521||1||SNV|HGNC|HGNC:15573|||P2|CCDS11923.2|ENSP00000502995|Q9Y6X0.170||UPI0000201C54|Q9Y6X0-1||||AFDB-ENSP_mappings:AF-Q9Y6X0-F1.A&PANTHER:PTHR46147&PANTHER:PTHR46147:SF2||||||||||||||||||0&1&1|0&1&1||||||0.838|-0.130262	GT:AD:DP	0/1:22,3:.	G/T	18:44951896	T	ENSG00000152217	ENST00000678152	Transcript	synonymous_variant	LOW	2802	2556	852	T	acG/acT	rs150665941,COSV56334162,COSV99954521		P2					0.838	-0.130262	SETBP1	CGC:ONC; OncoKB:ONC; 2020Rule:ONC; CTAT:PSSIBLE_ONCOGENE; Oncogene:ONC							SNV	c.2556G>T	p.Thr852%3D						2711 / 49097025	0	0.1250	ONC
16	72794271		G	C	.	.	CSQ=C|missense_variant|MODERATE|ZFHX3|ENSG00000140836|Transcript|ENST00000268489|protein_coding|9/10||ENST00000268489.10:c.8411C>G|ENSP00000268489.5:p.Ser2804Cys|8837|8411|2804|S/C|tCc/tGc|COSV99214267||-1||SNV|HGNC|HGNC:777|YES|1|P1|CCDS10908.1|ENSP00000268489|Q15911.206||UPI00001AE937|Q15911-1|NM_006885.4|deleterious_low_confidence(0)|unknown(0)|PANTHER:PTHR45891&PANTHER:PTHR45891:SF4&AFDB-ENSP_mappings:AF-Q15911-F10.A&AFDB-ENSP_mappings:AF-Q15911-F11.A&AFDB-ENSP_mappings:AF-Q15911-F12.A&AFDB-ENSP_mappings:AF-Q15911-F13.A&AFDB-ENSP_mappings:AF-Q15911-F9.A||||||||||||||||||1|1||||||29.0|4.553608,C|missense_variant|MODERATE|ZFHX3|ENSG00000140836|Transcript|ENST00000397992|protein_coding|8/9||ENST00000397992.5:c.5669C>G|ENSP00000438926.3:p.Ser1890Cys|6861|5669|1890|S/C|tCc/tGc|COSV99214267||-1||SNV|HGNC|HGNC:777||1||CCDS54035.1|ENSP00000438926|Q15911.206||UPI000002A313|Q15911-2|NM_001164766.2|deleterious_low_confidence(0)|unknown(0)|PANTHER:PTHR45891:SF4&PANTHER:PTHR45891&AFDB-ENSP_mappings:AF-Q15911-F4.A&AFDB-ENSP_mappings:AF-Q15911-F5.A&AFDB-ENSP_mappings:AF-Q15911-F6.A&AFDB-ENSP_mappings:AF-Q15911-F7.A||||||||||||||||||1|1||||||29.0|4.553608,C|downstream_gene_variant|MODIFIER|ZFHX3-AS1|ENSG00000259768|Transcript|ENST00000563328|lncRNA||||||||||COSV99214267|2647|1||SNV|HGNC|HGNC:56033||3|||||||||||||||||||||||||||||1|1||||||29.0|4.553608,C|missense_variant|MODERATE|ZFHX3|ENSG00000140836|Transcript|ENST00000641206|protein_coding|17/18||ENST00000641206.2:c.8411C>G|ENSP00000493252.1:p.Ser2804Cys|10239|8411|2804|S/C|tCc/tGc|COSV99214267||-1||SNV|HGNC|HGNC:777|||P1|CCDS10908.1|ENSP00000493252|Q15911.206||UPI00001AE937|Q15911-1|NM_001386735.1|deleterious_low_confidence(0)|unknown(0)|PANTHER:PTHR45891&PANTHER:PTHR45891:SF4&AFDB-ENSP_mappings:AF-Q15911-F10.A&AFDB-ENSP_mappings:AF-Q15911-F11.A&AFDB-ENSP_mappings:AF-Q15911-F12.A&AFDB-ENSP_mappings:AF-Q15911-F13.A&AFDB-ENSP_mappings:AF-Q15911-F9.A||||||||||||||||||1|1||||||29.0|4.553608,C|intron_variant&non_coding_transcript_variant|MODIFIER|ZFHX3-AS1|ENSG00000259768|Transcript|ENST00000653037|lncRNA||4/4|ENST00000653037.2:n.444+12452G>C|||||||COSV99214267||1||SNV|HGNC|HGNC:56033|||||||||||||||||||||||||||||||1|1||||||29.0|4.553608,C|intron_variant&non_coding_transcript_variant|MODIFIER|ZFHX3-AS1|ENSG00000259768|Transcript|ENST00000668995|lncRNA||4/4|ENST00000668995.1:n.401-26502G>C|||||||COSV99214267||1||SNV|HGNC|HGNC:56033|||||||||||||||||||||||||||||||1|1||||||29.0|4.553608,C|intron_variant&non_coding_transcript_variant|MODIFIER|ZFHX3-AS1|ENSG00000259768|Transcript|ENST00000686426|lncRNA||3/3|ENST00000686426.1:n.418-26502G>C|||||||COSV99214267||1||SNV|HGNC|HGNC:56033|||||||||||||||||||||||||||||||1|1||||||29.0|4.553608,C|intron_variant&non_coding_transcript_variant|MODIFIER|ZFHX3-AS1|ENSG00000259768|Transcript|ENST00000687589|lncRNA||5/7|ENST00000687589.1:n.482+12452G>C|||||||COSV99214267||1||SNV|HGNC|HGNC:56033|YES||||||||||||||||||||||||||||||1|1||||||29.0|4.553608,C|intron_variant&non_coding_transcript_variant|MODIFIER|ZFHX3-AS1|ENSG00000259768|Transcript|ENST00000701465|lncRNA||4/4|ENST00000701465.1:n.396-6634G>C|||||||COSV99214267||1||SNV|HGNC|HGNC:56033|||||||||||||||||||||||||||||||1|1||||||29.0|4.553608	GT:AD:DP	0/1:42,10:.	G/C	16:72794271	C	ENSG00000140836	ENST00000268489	Transcript	missense_variant	MODERATE	8837	8411	2804	S/C	tCc/tGc	COSV99214267		P1	unknown	0	deleterious_low_confidence	0	29.0	4.553608	ZFHX3	CGC:TSG; OncoKB:TSG; TSgene:TSG	COSV99214267:PATHOGENIC	Signaling pathways regulating pluripotency of stem cells	hsa04550				SNV	c.8411C>G	p.Ser2804Cys						5197 / 49097025	1 / 49097025	0.3125	TSG
16	72794271		G	C	.	.	CSQ=C|missense_variant|MODERATE|ZFHX3|ENSG00000140836|Transcript|ENST00000268489|protein_coding|9/10||ENST00000268489.10:c.8411C>G|ENSP00000268489.5:p.Ser2804Cys|8837|8411|2804|S/C|tCc/tGc|COSV99214267||-1||SNV|HGNC|HGNC:777|YES|1|P1|CCDS10908.1|ENSP00000268489|Q15911.206||UPI00001AE937|Q15911-1|NM_006885.4|deleterious_low_confidence(0)|unknown(0)|PANTHER:PTHR45891&PANTHER:PTHR45891:SF4&AFDB-ENSP_mappings:AF-Q15911-F10.A&AFDB-ENSP_mappings:AF-Q15911-F11.A&AFDB-ENSP_mappings:AF-Q15911-F12.A&AFDB-ENSP_mappings:AF-Q15911-F13.A&AFDB-ENSP_mappings:AF-Q15911-F9.A||||||||||||||||||1|1||||||29.0|4.553608,C|missense_variant|MODERATE|ZFHX3|ENSG00000140836|Transcript|ENST00000397992|protein_coding|8/9||ENST00000397992.5:c.5669C>G|ENSP00000438926.3:p.Ser1890Cys|6861|5669|1890|S/C|tCc/tGc|COSV99214267||-1||SNV|HGNC|HGNC:777||1||CCDS54035.1|ENSP00000438926|Q15911.206||UPI000002A313|Q15911-2|NM_001164766.2|deleterious_low_confidence(0)|unknown(0)|PANTHER:PTHR45891:SF4&PANTHER:PTHR45891&AFDB-ENSP_mappings:AF-Q15911-F4.A&AFDB-ENSP_mappings:AF-Q15911-F5.A&AFDB-ENSP_mappings:AF-Q15911-F6.A&AFDB-ENSP_mappings:AF-Q15911-F7.A||||||||||||||||||1|1||||||29.0|4.553608,C|downstream_gene_variant|MODIFIER|ZFHX3-AS1|ENSG00000259768|Transcript|ENST00000563328|lncRNA||||||||||COSV99214267|2647|1||SNV|HGNC|HGNC:56033||3|||||||||||||||||||||||||||||1|1||||||29.0|4.553608,C|missense_variant|MODERATE|ZFHX3|ENSG00000140836|Transcript|ENST00000641206|protein_coding|17/18||ENST00000641206.2:c.8411C>G|ENSP00000493252.1:p.Ser2804Cys|10239|8411|2804|S/C|tCc/tGc|COSV99214267||-1||SNV|HGNC|HGNC:777|||P1|CCDS10908.1|ENSP00000493252|Q15911.206||UPI00001AE937|Q15911-1|NM_001386735.1|deleterious_low_confidence(0)|unknown(0)|PANTHER:PTHR45891&PANTHER:PTHR45891:SF4&AFDB-ENSP_mappings:AF-Q15911-F10.A&AFDB-ENSP_mappings:AF-Q15911-F11.A&AFDB-ENSP_mappings:AF-Q15911-F12.A&AFDB-ENSP_mappings:AF-Q15911-F13.A&AFDB-ENSP_mappings:AF-Q15911-F9.A||||||||||||||||||1|1||||||29.0|4.553608,C|intron_variant&non_coding_transcript_variant|MODIFIER|ZFHX3-AS1|ENSG00000259768|Transcript|ENST00000653037|lncRNA||4/4|ENST00000653037.2:n.444+12452G>C|||||||COSV99214267||1||SNV|HGNC|HGNC:56033|||||||||||||||||||||||||||||||1|1||||||29.0|4.553608,C|intron_variant&non_coding_transcript_variant|MODIFIER|ZFHX3-AS1|ENSG00000259768|Transcript|ENST00000668995|lncRNA||4/4|ENST00000668995.1:n.401-26502G>C|||||||COSV99214267||1||SNV|HGNC|HGNC:56033|||||||||||||||||||||||||||||||1|1||||||29.0|4.553608,C|intron_variant&non_coding_transcript_variant|MODIFIER|ZFHX3-AS1|ENSG00000259768|Transcript|ENST00000686426|lncRNA||3/3|ENST00000686426.1:n.418-26502G>C|||||||COSV99214267||1||SNV|HGNC|HGNC:56033|||||||||||||||||||||||||||||||1|1||||||29.0|4.553608,C|intron_variant&non_coding_transcript_variant|MODIFIER|ZFHX3-AS1|ENSG00000259768|Transcript|ENST00000687589|lncRNA||5/7|ENST00000687589.1:n.482+12452G>C|||||||COSV99214267||1||SNV|HGNC|HGNC:56033|YES||||||||||||||||||||||||||||||1|1||||||29.0|4.553608,C|intron_variant&non_coding_transcript_variant|MODIFIER|ZFHX3-AS1|ENSG00000259768|Transcript|ENST00000701465|lncRNA||4/4|ENST00000701465.1:n.396-6634G>C|||||||COSV99214267||1||SNV|HGNC|HGNC:56033|||||||||||||||||||||||||||||||1|1||||||29.0|4.553608	GT:AD:DP	0/1:42,10:.	G/C	16:72794271	C	ENSG00000140836	ENST00000397992	Transcript	missense_variant	MODERATE	6861	5669	1890	S/C	tCc/tGc	COSV99214267			unknown	0	deleterious_low_confidence	0	29.0	4.553608	ZFHX3	CGC:TSG; OncoKB:TSG; TSgene:TSG	COSV99214267:PATHOGENIC	Signaling pathways regulating pluripotency of stem cells	hsa04550				SNV	c.5669C>G	p.Ser1890Cys						5197 / 49097025	1 / 49097025	0.3125	TSG
16	72794271		G	C	.	.	CSQ=C|missense_variant|MODERATE|ZFHX3|ENSG00000140836|Transcript|ENST00000268489|protein_coding|9/10||ENST00000268489.10:c.8411C>G|ENSP00000268489.5:p.Ser2804Cys|8837|8411|2804|S/C|tCc/tGc|COSV99214267||-1||SNV|HGNC|HGNC:777|YES|1|P1|CCDS10908.1|ENSP00000268489|Q15911.206||UPI00001AE937|Q15911-1|NM_006885.4|deleterious_low_confidence(0)|unknown(0)|PANTHER:PTHR45891&PANTHER:PTHR45891:SF4&AFDB-ENSP_mappings:AF-Q15911-F10.A&AFDB-ENSP_mappings:AF-Q15911-F11.A&AFDB-ENSP_mappings:AF-Q15911-F12.A&AFDB-ENSP_mappings:AF-Q15911-F13.A&AFDB-ENSP_mappings:AF-Q15911-F9.A||||||||||||||||||1|1||||||29.0|4.553608,C|missense_variant|MODERATE|ZFHX3|ENSG00000140836|Transcript|ENST00000397992|protein_coding|8/9||ENST00000397992.5:c.5669C>G|ENSP00000438926.3:p.Ser1890Cys|6861|5669|1890|S/C|tCc/tGc|COSV99214267||-1||SNV|HGNC|HGNC:777||1||CCDS54035.1|ENSP00000438926|Q15911.206||UPI000002A313|Q15911-2|NM_001164766.2|deleterious_low_confidence(0)|unknown(0)|PANTHER:PTHR45891:SF4&PANTHER:PTHR45891&AFDB-ENSP_mappings:AF-Q15911-F4.A&AFDB-ENSP_mappings:AF-Q15911-F5.A&AFDB-ENSP_mappings:AF-Q15911-F6.A&AFDB-ENSP_mappings:AF-Q15911-F7.A||||||||||||||||||1|1||||||29.0|4.553608,C|downstream_gene_variant|MODIFIER|ZFHX3-AS1|ENSG00000259768|Transcript|ENST00000563328|lncRNA||||||||||COSV99214267|2647|1||SNV|HGNC|HGNC:56033||3|||||||||||||||||||||||||||||1|1||||||29.0|4.553608,C|missense_variant|MODERATE|ZFHX3|ENSG00000140836|Transcript|ENST00000641206|protein_coding|17/18||ENST00000641206.2:c.8411C>G|ENSP00000493252.1:p.Ser2804Cys|10239|8411|2804|S/C|tCc/tGc|COSV99214267||-1||SNV|HGNC|HGNC:777|||P1|CCDS10908.1|ENSP00000493252|Q15911.206||UPI00001AE937|Q15911-1|NM_001386735.1|deleterious_low_confidence(0)|unknown(0)|PANTHER:PTHR45891&PANTHER:PTHR45891:SF4&AFDB-ENSP_mappings:AF-Q15911-F10.A&AFDB-ENSP_mappings:AF-Q15911-F11.A&AFDB-ENSP_mappings:AF-Q15911-F12.A&AFDB-ENSP_mappings:AF-Q15911-F13.A&AFDB-ENSP_mappings:AF-Q15911-F9.A||||||||||||||||||1|1||||||29.0|4.553608,C|intron_variant&non_coding_transcript_variant|MODIFIER|ZFHX3-AS1|ENSG00000259768|Transcript|ENST00000653037|lncRNA||4/4|ENST00000653037.2:n.444+12452G>C|||||||COSV99214267||1||SNV|HGNC|HGNC:56033|||||||||||||||||||||||||||||||1|1||||||29.0|4.553608,C|intron_variant&non_coding_transcript_variant|MODIFIER|ZFHX3-AS1|ENSG00000259768|Transcript|ENST00000668995|lncRNA||4/4|ENST00000668995.1:n.401-26502G>C|||||||COSV99214267||1||SNV|HGNC|HGNC:56033|||||||||||||||||||||||||||||||1|1||||||29.0|4.553608,C|intron_variant&non_coding_transcript_variant|MODIFIER|ZFHX3-AS1|ENSG00000259768|Transcript|ENST00000686426|lncRNA||3/3|ENST00000686426.1:n.418-26502G>C|||||||COSV99214267||1||SNV|HGNC|HGNC:56033|||||||||||||||||||||||||||||||1|1||||||29.0|4.553608,C|intron_variant&non_coding_transcript_variant|MODIFIER|ZFHX3-AS1|ENSG00000259768|Transcript|ENST00000687589|lncRNA||5/7|ENST00000687589.1:n.482+12452G>C|||||||COSV99214267||1||SNV|HGNC|HGNC:56033|YES||||||||||||||||||||||||||||||1|1||||||29.0|4.553608,C|intron_variant&non_coding_transcript_variant|MODIFIER|ZFHX3-AS1|ENSG00000259768|Transcript|ENST00000701465|lncRNA||4/4|ENST00000701465.1:n.396-6634G>C|||||||COSV99214267||1||SNV|HGNC|HGNC:56033|||||||||||||||||||||||||||||||1|1||||||29.0|4.553608	GT:AD:DP	0/1:42,10:.	G/C	16:72794271	C	ENSG00000259768	ENST00000563328	Transcript	downstream_gene_variant	MODIFIER						COSV99214267							29.0	4.553608	ZFHX3-AS1								SNV								0	0	0.1650	UNCLASSIFIED
16	72794271		G	C	.	.	CSQ=C|missense_variant|MODERATE|ZFHX3|ENSG00000140836|Transcript|ENST00000268489|protein_coding|9/10||ENST00000268489.10:c.8411C>G|ENSP00000268489.5:p.Ser2804Cys|8837|8411|2804|S/C|tCc/tGc|COSV99214267||-1||SNV|HGNC|HGNC:777|YES|1|P1|CCDS10908.1|ENSP00000268489|Q15911.206||UPI00001AE937|Q15911-1|NM_006885.4|deleterious_low_confidence(0)|unknown(0)|PANTHER:PTHR45891&PANTHER:PTHR45891:SF4&AFDB-ENSP_mappings:AF-Q15911-F10.A&AFDB-ENSP_mappings:AF-Q15911-F11.A&AFDB-ENSP_mappings:AF-Q15911-F12.A&AFDB-ENSP_mappings:AF-Q15911-F13.A&AFDB-ENSP_mappings:AF-Q15911-F9.A||||||||||||||||||1|1||||||29.0|4.553608,C|missense_variant|MODERATE|ZFHX3|ENSG00000140836|Transcript|ENST00000397992|protein_coding|8/9||ENST00000397992.5:c.5669C>G|ENSP00000438926.3:p.Ser1890Cys|6861|5669|1890|S/C|tCc/tGc|COSV99214267||-1||SNV|HGNC|HGNC:777||1||CCDS54035.1|ENSP00000438926|Q15911.206||UPI000002A313|Q15911-2|NM_001164766.2|deleterious_low_confidence(0)|unknown(0)|PANTHER:PTHR45891:SF4&PANTHER:PTHR45891&AFDB-ENSP_mappings:AF-Q15911-F4.A&AFDB-ENSP_mappings:AF-Q15911-F5.A&AFDB-ENSP_mappings:AF-Q15911-F6.A&AFDB-ENSP_mappings:AF-Q15911-F7.A||||||||||||||||||1|1||||||29.0|4.553608,C|downstream_gene_variant|MODIFIER|ZFHX3-AS1|ENSG00000259768|Transcript|ENST00000563328|lncRNA||||||||||COSV99214267|2647|1||SNV|HGNC|HGNC:56033||3|||||||||||||||||||||||||||||1|1||||||29.0|4.553608,C|missense_variant|MODERATE|ZFHX3|ENSG00000140836|Transcript|ENST00000641206|protein_coding|17/18||ENST00000641206.2:c.8411C>G|ENSP00000493252.1:p.Ser2804Cys|10239|8411|2804|S/C|tCc/tGc|COSV99214267||-1||SNV|HGNC|HGNC:777|||P1|CCDS10908.1|ENSP00000493252|Q15911.206||UPI00001AE937|Q15911-1|NM_001386735.1|deleterious_low_confidence(0)|unknown(0)|PANTHER:PTHR45891&PANTHER:PTHR45891:SF4&AFDB-ENSP_mappings:AF-Q15911-F10.A&AFDB-ENSP_mappings:AF-Q15911-F11.A&AFDB-ENSP_mappings:AF-Q15911-F12.A&AFDB-ENSP_mappings:AF-Q15911-F13.A&AFDB-ENSP_mappings:AF-Q15911-F9.A||||||||||||||||||1|1||||||29.0|4.553608,C|intron_variant&non_coding_transcript_variant|MODIFIER|ZFHX3-AS1|ENSG00000259768|Transcript|ENST00000653037|lncRNA||4/4|ENST00000653037.2:n.444+12452G>C|||||||COSV99214267||1||SNV|HGNC|HGNC:56033|||||||||||||||||||||||||||||||1|1||||||29.0|4.553608,C|intron_variant&non_coding_transcript_variant|MODIFIER|ZFHX3-AS1|ENSG00000259768|Transcript|ENST00000668995|lncRNA||4/4|ENST00000668995.1:n.401-26502G>C|||||||COSV99214267||1||SNV|HGNC|HGNC:56033|||||||||||||||||||||||||||||||1|1||||||29.0|4.553608,C|intron_variant&non_coding_transcript_variant|MODIFIER|ZFHX3-AS1|ENSG00000259768|Transcript|ENST00000686426|lncRNA||3/3|ENST00000686426.1:n.418-26502G>C|||||||COSV99214267||1||SNV|HGNC|HGNC:56033|||||||||||||||||||||||||||||||1|1||||||29.0|4.553608,C|intron_variant&non_coding_transcript_variant|MODIFIER|ZFHX3-AS1|ENSG00000259768|Transcript|ENST00000687589|lncRNA||5/7|ENST00000687589.1:n.482+12452G>C|||||||COSV99214267||1||SNV|HGNC|HGNC:56033|YES||||||||||||||||||||||||||||||1|1||||||29.0|4.553608,C|intron_variant&non_coding_transcript_variant|MODIFIER|ZFHX3-AS1|ENSG00000259768|Transcript|ENST00000701465|lncRNA||4/4|ENST00000701465.1:n.396-6634G>C|||||||COSV99214267||1||SNV|HGNC|HGNC:56033|||||||||||||||||||||||||||||||1|1||||||29.0|4.553608	GT:AD:DP	0/1:42,10:.	G/C	16:72794271	C	ENSG00000140836	ENST00000641206	Transcript	missense_variant	MODERATE	10239	8411	2804	S/C	tCc/tGc	COSV99214267		P1	unknown	0	deleterious_low_confidence	0	29.0	4.553608	ZFHX3	CGC:TSG; OncoKB:TSG; TSgene:TSG	COSV99214267:PATHOGENIC	Signaling pathways regulating pluripotency of stem cells	hsa04550				SNV	c.8411C>G	p.Ser2804Cys						5197 / 49097025	1 / 49097025	0.3125	TSG
16	72794271		G	C	.	.	CSQ=C|missense_variant|MODERATE|ZFHX3|ENSG00000140836|Transcript|ENST00000268489|protein_coding|9/10||ENST00000268489.10:c.8411C>G|ENSP00000268489.5:p.Ser2804Cys|8837|8411|2804|S/C|tCc/tGc|COSV99214267||-1||SNV|HGNC|HGNC:777|YES|1|P1|CCDS10908.1|ENSP00000268489|Q15911.206||UPI00001AE937|Q15911-1|NM_006885.4|deleterious_low_confidence(0)|unknown(0)|PANTHER:PTHR45891&PANTHER:PTHR45891:SF4&AFDB-ENSP_mappings:AF-Q15911-F10.A&AFDB-ENSP_mappings:AF-Q15911-F11.A&AFDB-ENSP_mappings:AF-Q15911-F12.A&AFDB-ENSP_mappings:AF-Q15911-F13.A&AFDB-ENSP_mappings:AF-Q15911-F9.A||||||||||||||||||1|1||||||29.0|4.553608,C|missense_variant|MODERATE|ZFHX3|ENSG00000140836|Transcript|ENST00000397992|protein_coding|8/9||ENST00000397992.5:c.5669C>G|ENSP00000438926.3:p.Ser1890Cys|6861|5669|1890|S/C|tCc/tGc|COSV99214267||-1||SNV|HGNC|HGNC:777||1||CCDS54035.1|ENSP00000438926|Q15911.206||UPI000002A313|Q15911-2|NM_001164766.2|deleterious_low_confidence(0)|unknown(0)|PANTHER:PTHR45891:SF4&PANTHER:PTHR45891&AFDB-ENSP_mappings:AF-Q15911-F4.A&AFDB-ENSP_mappings:AF-Q15911-F5.A&AFDB-ENSP_mappings:AF-Q15911-F6.A&AFDB-ENSP_mappings:AF-Q15911-F7.A||||||||||||||||||1|1||||||29.0|4.553608,C|downstream_gene_variant|MODIFIER|ZFHX3-AS1|ENSG00000259768|Transcript|ENST00000563328|lncRNA||||||||||COSV99214267|2647|1||SNV|HGNC|HGNC:56033||3|||||||||||||||||||||||||||||1|1||||||29.0|4.553608,C|missense_variant|MODERATE|ZFHX3|ENSG00000140836|Transcript|ENST00000641206|protein_coding|17/18||ENST00000641206.2:c.8411C>G|ENSP00000493252.1:p.Ser2804Cys|10239|8411|2804|S/C|tCc/tGc|COSV99214267||-1||SNV|HGNC|HGNC:777|||P1|CCDS10908.1|ENSP00000493252|Q15911.206||UPI00001AE937|Q15911-1|NM_001386735.1|deleterious_low_confidence(0)|unknown(0)|PANTHER:PTHR45891&PANTHER:PTHR45891:SF4&AFDB-ENSP_mappings:AF-Q15911-F10.A&AFDB-ENSP_mappings:AF-Q15911-F11.A&AFDB-ENSP_mappings:AF-Q15911-F12.A&AFDB-ENSP_mappings:AF-Q15911-F13.A&AFDB-ENSP_mappings:AF-Q15911-F9.A||||||||||||||||||1|1||||||29.0|4.553608,C|intron_variant&non_coding_transcript_variant|MODIFIER|ZFHX3-AS1|ENSG00000259768|Transcript|ENST00000653037|lncRNA||4/4|ENST00000653037.2:n.444+12452G>C|||||||COSV99214267||1||SNV|HGNC|HGNC:56033|||||||||||||||||||||||||||||||1|1||||||29.0|4.553608,C|intron_variant&non_coding_transcript_variant|MODIFIER|ZFHX3-AS1|ENSG00000259768|Transcript|ENST00000668995|lncRNA||4/4|ENST00000668995.1:n.401-26502G>C|||||||COSV99214267||1||SNV|HGNC|HGNC:56033|||||||||||||||||||||||||||||||1|1||||||29.0|4.553608,C|intron_variant&non_coding_transcript_variant|MODIFIER|ZFHX3-AS1|ENSG00000259768|Transcript|ENST00000686426|lncRNA||3/3|ENST00000686426.1:n.418-26502G>C|||||||COSV99214267||1||SNV|HGNC|HGNC:56033|||||||||||||||||||||||||||||||1|1||||||29.0|4.553608,C|intron_variant&non_coding_transcript_variant|MODIFIER|ZFHX3-AS1|ENSG00000259768|Transcript|ENST00000687589|lncRNA||5/7|ENST00000687589.1:n.482+12452G>C|||||||COSV99214267||1||SNV|HGNC|HGNC:56033|YES||||||||||||||||||||||||||||||1|1||||||29.0|4.553608,C|intron_variant&non_coding_transcript_variant|MODIFIER|ZFHX3-AS1|ENSG00000259768|Transcript|ENST00000701465|lncRNA||4/4|ENST00000701465.1:n.396-6634G>C|||||||COSV99214267||1||SNV|HGNC|HGNC:56033|||||||||||||||||||||||||||||||1|1||||||29.0|4.553608	GT:AD:DP	0/1:42,10:.	G/C	16:72794271	C	ENSG00000259768	ENST00000653037	Transcript	intron_variant,non_coding_transcript_variant	MODIFIER						COSV99214267							29.0	4.553608	ZFHX3-AS1								SNV	n.444+12452G>C							0	0	0.1650	UNCLASSIFIED
16	72794271		G	C	.	.	CSQ=C|missense_variant|MODERATE|ZFHX3|ENSG00000140836|Transcript|ENST00000268489|protein_coding|9/10||ENST00000268489.10:c.8411C>G|ENSP00000268489.5:p.Ser2804Cys|8837|8411|2804|S/C|tCc/tGc|COSV99214267||-1||SNV|HGNC|HGNC:777|YES|1|P1|CCDS10908.1|ENSP00000268489|Q15911.206||UPI00001AE937|Q15911-1|NM_006885.4|deleterious_low_confidence(0)|unknown(0)|PANTHER:PTHR45891&PANTHER:PTHR45891:SF4&AFDB-ENSP_mappings:AF-Q15911-F10.A&AFDB-ENSP_mappings:AF-Q15911-F11.A&AFDB-ENSP_mappings:AF-Q15911-F12.A&AFDB-ENSP_mappings:AF-Q15911-F13.A&AFDB-ENSP_mappings:AF-Q15911-F9.A||||||||||||||||||1|1||||||29.0|4.553608,C|missense_variant|MODERATE|ZFHX3|ENSG00000140836|Transcript|ENST00000397992|protein_coding|8/9||ENST00000397992.5:c.5669C>G|ENSP00000438926.3:p.Ser1890Cys|6861|5669|1890|S/C|tCc/tGc|COSV99214267||-1||SNV|HGNC|HGNC:777||1||CCDS54035.1|ENSP00000438926|Q15911.206||UPI000002A313|Q15911-2|NM_001164766.2|deleterious_low_confidence(0)|unknown(0)|PANTHER:PTHR45891:SF4&PANTHER:PTHR45891&AFDB-ENSP_mappings:AF-Q15911-F4.A&AFDB-ENSP_mappings:AF-Q15911-F5.A&AFDB-ENSP_mappings:AF-Q15911-F6.A&AFDB-ENSP_mappings:AF-Q15911-F7.A||||||||||||||||||1|1||||||29.0|4.553608,C|downstream_gene_variant|MODIFIER|ZFHX3-AS1|ENSG00000259768|Transcript|ENST00000563328|lncRNA||||||||||COSV99214267|2647|1||SNV|HGNC|HGNC:56033||3|||||||||||||||||||||||||||||1|1||||||29.0|4.553608,C|missense_variant|MODERATE|ZFHX3|ENSG00000140836|Transcript|ENST00000641206|protein_coding|17/18||ENST00000641206.2:c.8411C>G|ENSP00000493252.1:p.Ser2804Cys|10239|8411|2804|S/C|tCc/tGc|COSV99214267||-1||SNV|HGNC|HGNC:777|||P1|CCDS10908.1|ENSP00000493252|Q15911.206||UPI00001AE937|Q15911-1|NM_001386735.1|deleterious_low_confidence(0)|unknown(0)|PANTHER:PTHR45891&PANTHER:PTHR45891:SF4&AFDB-ENSP_mappings:AF-Q15911-F10.A&AFDB-ENSP_mappings:AF-Q15911-F11.A&AFDB-ENSP_mappings:AF-Q15911-F12.A&AFDB-ENSP_mappings:AF-Q15911-F13.A&AFDB-ENSP_mappings:AF-Q15911-F9.A||||||||||||||||||1|1||||||29.0|4.553608,C|intron_variant&non_coding_transcript_variant|MODIFIER|ZFHX3-AS1|ENSG00000259768|Transcript|ENST00000653037|lncRNA||4/4|ENST00000653037.2:n.444+12452G>C|||||||COSV99214267||1||SNV|HGNC|HGNC:56033|||||||||||||||||||||||||||||||1|1||||||29.0|4.553608,C|intron_variant&non_coding_transcript_variant|MODIFIER|ZFHX3-AS1|ENSG00000259768|Transcript|ENST00000668995|lncRNA||4/4|ENST00000668995.1:n.401-26502G>C|||||||COSV99214267||1||SNV|HGNC|HGNC:56033|||||||||||||||||||||||||||||||1|1||||||29.0|4.553608,C|intron_variant&non_coding_transcript_variant|MODIFIER|ZFHX3-AS1|ENSG00000259768|Transcript|ENST00000686426|lncRNA||3/3|ENST00000686426.1:n.418-26502G>C|||||||COSV99214267||1||SNV|HGNC|HGNC:56033|||||||||||||||||||||||||||||||1|1||||||29.0|4.553608,C|intron_variant&non_coding_transcript_variant|MODIFIER|ZFHX3-AS1|ENSG00000259768|Transcript|ENST00000687589|lncRNA||5/7|ENST00000687589.1:n.482+12452G>C|||||||COSV99214267||1||SNV|HGNC|HGNC:56033|YES||||||||||||||||||||||||||||||1|1||||||29.0|4.553608,C|intron_variant&non_coding_transcript_variant|MODIFIER|ZFHX3-AS1|ENSG00000259768|Transcript|ENST00000701465|lncRNA||4/4|ENST00000701465.1:n.396-6634G>C|||||||COSV99214267||1||SNV|HGNC|HGNC:56033|||||||||||||||||||||||||||||||1|1||||||29.0|4.553608	GT:AD:DP	0/1:42,10:.	G/C	16:72794271	C	ENSG00000259768	ENST00000668995	Transcript	intron_variant,non_coding_transcript_variant	MODIFIER						COSV99214267							29.0	4.553608	ZFHX3-AS1								SNV	n.401-26502G>C							0	0	0.1650	UNCLASSIFIED
16	72794271		G	C	.	.	CSQ=C|missense_variant|MODERATE|ZFHX3|ENSG00000140836|Transcript|ENST00000268489|protein_coding|9/10||ENST00000268489.10:c.8411C>G|ENSP00000268489.5:p.Ser2804Cys|8837|8411|2804|S/C|tCc/tGc|COSV99214267||-1||SNV|HGNC|HGNC:777|YES|1|P1|CCDS10908.1|ENSP00000268489|Q15911.206||UPI00001AE937|Q15911-1|NM_006885.4|deleterious_low_confidence(0)|unknown(0)|PANTHER:PTHR45891&PANTHER:PTHR45891:SF4&AFDB-ENSP_mappings:AF-Q15911-F10.A&AFDB-ENSP_mappings:AF-Q15911-F11.A&AFDB-ENSP_mappings:AF-Q15911-F12.A&AFDB-ENSP_mappings:AF-Q15911-F13.A&AFDB-ENSP_mappings:AF-Q15911-F9.A||||||||||||||||||1|1||||||29.0|4.553608,C|missense_variant|MODERATE|ZFHX3|ENSG00000140836|Transcript|ENST00000397992|protein_coding|8/9||ENST00000397992.5:c.5669C>G|ENSP00000438926.3:p.Ser1890Cys|6861|5669|1890|S/C|tCc/tGc|COSV99214267||-1||SNV|HGNC|HGNC:777||1||CCDS54035.1|ENSP00000438926|Q15911.206||UPI000002A313|Q15911-2|NM_001164766.2|deleterious_low_confidence(0)|unknown(0)|PANTHER:PTHR45891:SF4&PANTHER:PTHR45891&AFDB-ENSP_mappings:AF-Q15911-F4.A&AFDB-ENSP_mappings:AF-Q15911-F5.A&AFDB-ENSP_mappings:AF-Q15911-F6.A&AFDB-ENSP_mappings:AF-Q15911-F7.A||||||||||||||||||1|1||||||29.0|4.553608,C|downstream_gene_variant|MODIFIER|ZFHX3-AS1|ENSG00000259768|Transcript|ENST00000563328|lncRNA||||||||||COSV99214267|2647|1||SNV|HGNC|HGNC:56033||3|||||||||||||||||||||||||||||1|1||||||29.0|4.553608,C|missense_variant|MODERATE|ZFHX3|ENSG00000140836|Transcript|ENST00000641206|protein_coding|17/18||ENST00000641206.2:c.8411C>G|ENSP00000493252.1:p.Ser2804Cys|10239|8411|2804|S/C|tCc/tGc|COSV99214267||-1||SNV|HGNC|HGNC:777|||P1|CCDS10908.1|ENSP00000493252|Q15911.206||UPI00001AE937|Q15911-1|NM_001386735.1|deleterious_low_confidence(0)|unknown(0)|PANTHER:PTHR45891&PANTHER:PTHR45891:SF4&AFDB-ENSP_mappings:AF-Q15911-F10.A&AFDB-ENSP_mappings:AF-Q15911-F11.A&AFDB-ENSP_mappings:AF-Q15911-F12.A&AFDB-ENSP_mappings:AF-Q15911-F13.A&AFDB-ENSP_mappings:AF-Q15911-F9.A||||||||||||||||||1|1||||||29.0|4.553608,C|intron_variant&non_coding_transcript_variant|MODIFIER|ZFHX3-AS1|ENSG00000259768|Transcript|ENST00000653037|lncRNA||4/4|ENST00000653037.2:n.444+12452G>C|||||||COSV99214267||1||SNV|HGNC|HGNC:56033|||||||||||||||||||||||||||||||1|1||||||29.0|4.553608,C|intron_variant&non_coding_transcript_variant|MODIFIER|ZFHX3-AS1|ENSG00000259768|Transcript|ENST00000668995|lncRNA||4/4|ENST00000668995.1:n.401-26502G>C|||||||COSV99214267||1||SNV|HGNC|HGNC:56033|||||||||||||||||||||||||||||||1|1||||||29.0|4.553608,C|intron_variant&non_coding_transcript_variant|MODIFIER|ZFHX3-AS1|ENSG00000259768|Transcript|ENST00000686426|lncRNA||3/3|ENST00000686426.1:n.418-26502G>C|||||||COSV99214267||1||SNV|HGNC|HGNC:56033|||||||||||||||||||||||||||||||1|1||||||29.0|4.553608,C|intron_variant&non_coding_transcript_variant|MODIFIER|ZFHX3-AS1|ENSG00000259768|Transcript|ENST00000687589|lncRNA||5/7|ENST00000687589.1:n.482+12452G>C|||||||COSV99214267||1||SNV|HGNC|HGNC:56033|YES||||||||||||||||||||||||||||||1|1||||||29.0|4.553608,C|intron_variant&non_coding_transcript_variant|MODIFIER|ZFHX3-AS1|ENSG00000259768|Transcript|ENST00000701465|lncRNA||4/4|ENST00000701465.1:n.396-6634G>C|||||||COSV99214267||1||SNV|HGNC|HGNC:56033|||||||||||||||||||||||||||||||1|1||||||29.0|4.553608	GT:AD:DP	0/1:42,10:.	G/C	16:72794271	C	ENSG00000259768	ENST00000686426	Transcript	intron_variant,non_coding_transcript_variant	MODIFIER						COSV99214267							29.0	4.553608	ZFHX3-AS1								SNV	n.418-26502G>C							0	0	0.1650	UNCLASSIFIED
16	72794271		G	C	.	.	CSQ=C|missense_variant|MODERATE|ZFHX3|ENSG00000140836|Transcript|ENST00000268489|protein_coding|9/10||ENST00000268489.10:c.8411C>G|ENSP00000268489.5:p.Ser2804Cys|8837|8411|2804|S/C|tCc/tGc|COSV99214267||-1||SNV|HGNC|HGNC:777|YES|1|P1|CCDS10908.1|ENSP00000268489|Q15911.206||UPI00001AE937|Q15911-1|NM_006885.4|deleterious_low_confidence(0)|unknown(0)|PANTHER:PTHR45891&PANTHER:PTHR45891:SF4&AFDB-ENSP_mappings:AF-Q15911-F10.A&AFDB-ENSP_mappings:AF-Q15911-F11.A&AFDB-ENSP_mappings:AF-Q15911-F12.A&AFDB-ENSP_mappings:AF-Q15911-F13.A&AFDB-ENSP_mappings:AF-Q15911-F9.A||||||||||||||||||1|1||||||29.0|4.553608,C|missense_variant|MODERATE|ZFHX3|ENSG00000140836|Transcript|ENST00000397992|protein_coding|8/9||ENST00000397992.5:c.5669C>G|ENSP00000438926.3:p.Ser1890Cys|6861|5669|1890|S/C|tCc/tGc|COSV99214267||-1||SNV|HGNC|HGNC:777||1||CCDS54035.1|ENSP00000438926|Q15911.206||UPI000002A313|Q15911-2|NM_001164766.2|deleterious_low_confidence(0)|unknown(0)|PANTHER:PTHR45891:SF4&PANTHER:PTHR45891&AFDB-ENSP_mappings:AF-Q15911-F4.A&AFDB-ENSP_mappings:AF-Q15911-F5.A&AFDB-ENSP_mappings:AF-Q15911-F6.A&AFDB-ENSP_mappings:AF-Q15911-F7.A||||||||||||||||||1|1||||||29.0|4.553608,C|downstream_gene_variant|MODIFIER|ZFHX3-AS1|ENSG00000259768|Transcript|ENST00000563328|lncRNA||||||||||COSV99214267|2647|1||SNV|HGNC|HGNC:56033||3|||||||||||||||||||||||||||||1|1||||||29.0|4.553608,C|missense_variant|MODERATE|ZFHX3|ENSG00000140836|Transcript|ENST00000641206|protein_coding|17/18||ENST00000641206.2:c.8411C>G|ENSP00000493252.1:p.Ser2804Cys|10239|8411|2804|S/C|tCc/tGc|COSV99214267||-1||SNV|HGNC|HGNC:777|||P1|CCDS10908.1|ENSP00000493252|Q15911.206||UPI00001AE937|Q15911-1|NM_001386735.1|deleterious_low_confidence(0)|unknown(0)|PANTHER:PTHR45891&PANTHER:PTHR45891:SF4&AFDB-ENSP_mappings:AF-Q15911-F10.A&AFDB-ENSP_mappings:AF-Q15911-F11.A&AFDB-ENSP_mappings:AF-Q15911-F12.A&AFDB-ENSP_mappings:AF-Q15911-F13.A&AFDB-ENSP_mappings:AF-Q15911-F9.A||||||||||||||||||1|1||||||29.0|4.553608,C|intron_variant&non_coding_transcript_variant|MODIFIER|ZFHX3-AS1|ENSG00000259768|Transcript|ENST00000653037|lncRNA||4/4|ENST00000653037.2:n.444+12452G>C|||||||COSV99214267||1||SNV|HGNC|HGNC:56033|||||||||||||||||||||||||||||||1|1||||||29.0|4.553608,C|intron_variant&non_coding_transcript_variant|MODIFIER|ZFHX3-AS1|ENSG00000259768|Transcript|ENST00000668995|lncRNA||4/4|ENST00000668995.1:n.401-26502G>C|||||||COSV99214267||1||SNV|HGNC|HGNC:56033|||||||||||||||||||||||||||||||1|1||||||29.0|4.553608,C|intron_variant&non_coding_transcript_variant|MODIFIER|ZFHX3-AS1|ENSG00000259768|Transcript|ENST00000686426|lncRNA||3/3|ENST00000686426.1:n.418-26502G>C|||||||COSV99214267||1||SNV|HGNC|HGNC:56033|||||||||||||||||||||||||||||||1|1||||||29.0|4.553608,C|intron_variant&non_coding_transcript_variant|MODIFIER|ZFHX3-AS1|ENSG00000259768|Transcript|ENST00000687589|lncRNA||5/7|ENST00000687589.1:n.482+12452G>C|||||||COSV99214267||1||SNV|HGNC|HGNC:56033|YES||||||||||||||||||||||||||||||1|1||||||29.0|4.553608,C|intron_variant&non_coding_transcript_variant|MODIFIER|ZFHX3-AS1|ENSG00000259768|Transcript|ENST00000701465|lncRNA||4/4|ENST00000701465.1:n.396-6634G>C|||||||COSV99214267||1||SNV|HGNC|HGNC:56033|||||||||||||||||||||||||||||||1|1||||||29.0|4.553608	GT:AD:DP	0/1:42,10:.	G/C	16:72794271	C	ENSG00000259768	ENST00000687589	Transcript	intron_variant,non_coding_transcript_variant	MODIFIER						COSV99214267							29.0	4.553608	ZFHX3-AS1								SNV	n.482+12452G>C							0	0	0.1650	UNCLASSIFIED
16	72794271		G	C	.	.	CSQ=C|missense_variant|MODERATE|ZFHX3|ENSG00000140836|Transcript|ENST00000268489|protein_coding|9/10||ENST00000268489.10:c.8411C>G|ENSP00000268489.5:p.Ser2804Cys|8837|8411|2804|S/C|tCc/tGc|COSV99214267||-1||SNV|HGNC|HGNC:777|YES|1|P1|CCDS10908.1|ENSP00000268489|Q15911.206||UPI00001AE937|Q15911-1|NM_006885.4|deleterious_low_confidence(0)|unknown(0)|PANTHER:PTHR45891&PANTHER:PTHR45891:SF4&AFDB-ENSP_mappings:AF-Q15911-F10.A&AFDB-ENSP_mappings:AF-Q15911-F11.A&AFDB-ENSP_mappings:AF-Q15911-F12.A&AFDB-ENSP_mappings:AF-Q15911-F13.A&AFDB-ENSP_mappings:AF-Q15911-F9.A||||||||||||||||||1|1||||||29.0|4.553608,C|missense_variant|MODERATE|ZFHX3|ENSG00000140836|Transcript|ENST00000397992|protein_coding|8/9||ENST00000397992.5:c.5669C>G|ENSP00000438926.3:p.Ser1890Cys|6861|5669|1890|S/C|tCc/tGc|COSV99214267||-1||SNV|HGNC|HGNC:777||1||CCDS54035.1|ENSP00000438926|Q15911.206||UPI000002A313|Q15911-2|NM_001164766.2|deleterious_low_confidence(0)|unknown(0)|PANTHER:PTHR45891:SF4&PANTHER:PTHR45891&AFDB-ENSP_mappings:AF-Q15911-F4.A&AFDB-ENSP_mappings:AF-Q15911-F5.A&AFDB-ENSP_mappings:AF-Q15911-F6.A&AFDB-ENSP_mappings:AF-Q15911-F7.A||||||||||||||||||1|1||||||29.0|4.553608,C|downstream_gene_variant|MODIFIER|ZFHX3-AS1|ENSG00000259768|Transcript|ENST00000563328|lncRNA||||||||||COSV99214267|2647|1||SNV|HGNC|HGNC:56033||3|||||||||||||||||||||||||||||1|1||||||29.0|4.553608,C|missense_variant|MODERATE|ZFHX3|ENSG00000140836|Transcript|ENST00000641206|protein_coding|17/18||ENST00000641206.2:c.8411C>G|ENSP00000493252.1:p.Ser2804Cys|10239|8411|2804|S/C|tCc/tGc|COSV99214267||-1||SNV|HGNC|HGNC:777|||P1|CCDS10908.1|ENSP00000493252|Q15911.206||UPI00001AE937|Q15911-1|NM_001386735.1|deleterious_low_confidence(0)|unknown(0)|PANTHER:PTHR45891&PANTHER:PTHR45891:SF4&AFDB-ENSP_mappings:AF-Q15911-F10.A&AFDB-ENSP_mappings:AF-Q15911-F11.A&AFDB-ENSP_mappings:AF-Q15911-F12.A&AFDB-ENSP_mappings:AF-Q15911-F13.A&AFDB-ENSP_mappings:AF-Q15911-F9.A||||||||||||||||||1|1||||||29.0|4.553608,C|intron_variant&non_coding_transcript_variant|MODIFIER|ZFHX3-AS1|ENSG00000259768|Transcript|ENST00000653037|lncRNA||4/4|ENST00000653037.2:n.444+12452G>C|||||||COSV99214267||1||SNV|HGNC|HGNC:56033|||||||||||||||||||||||||||||||1|1||||||29.0|4.553608,C|intron_variant&non_coding_transcript_variant|MODIFIER|ZFHX3-AS1|ENSG00000259768|Transcript|ENST00000668995|lncRNA||4/4|ENST00000668995.1:n.401-26502G>C|||||||COSV99214267||1||SNV|HGNC|HGNC:56033|||||||||||||||||||||||||||||||1|1||||||29.0|4.553608,C|intron_variant&non_coding_transcript_variant|MODIFIER|ZFHX3-AS1|ENSG00000259768|Transcript|ENST00000686426|lncRNA||3/3|ENST00000686426.1:n.418-26502G>C|||||||COSV99214267||1||SNV|HGNC|HGNC:56033|||||||||||||||||||||||||||||||1|1||||||29.0|4.553608,C|intron_variant&non_coding_transcript_variant|MODIFIER|ZFHX3-AS1|ENSG00000259768|Transcript|ENST00000687589|lncRNA||5/7|ENST00000687589.1:n.482+12452G>C|||||||COSV99214267||1||SNV|HGNC|HGNC:56033|YES||||||||||||||||||||||||||||||1|1||||||29.0|4.553608,C|intron_variant&non_coding_transcript_variant|MODIFIER|ZFHX3-AS1|ENSG00000259768|Transcript|ENST00000701465|lncRNA||4/4|ENST00000701465.1:n.396-6634G>C|||||||COSV99214267||1||SNV|HGNC|HGNC:56033|||||||||||||||||||||||||||||||1|1||||||29.0|4.553608	GT:AD:DP	0/1:42,10:.	G/C	16:72794271	C	ENSG00000259768	ENST00000701465	Transcript	intron_variant,non_coding_transcript_variant	MODIFIER						COSV99214267							29.0	4.553608	ZFHX3-AS1								SNV	n.396-6634G>C							0	0	0.1650	UNCLASSIFIED
9	101687075		G	T	.	.	CSQ=T|missense_variant|MODERATE|GRIN3A|ENSG00000198785|Transcript|ENST00000361820|protein_coding|2/9||ENST00000361820.6:c.825C>A|ENSP00000355155.3:p.Asn275Lys|1493|825|275|N/K|aaC/aaA|COSV100701731||-1||SNV|HGNC|HGNC:16767|YES|1|P1|CCDS6758.1|ENSP00000355155|Q8TCU5.169||UPI0000367661||NM_133445.3|deleterious(0.05)|benign(0.12)|Gene3D:3.40.50.2300&Gene3D:3.40.50.2300&AFDB-ENSP_mappings:AF-Q8TCU5-F1.A&PANTHER:PTHR18966&PANTHER:PTHR18966:SF397&Superfamily:SSF53822&CDD:cd06377||||||||||||||||||1|1||||||19.58|2.129146	GT:AD:DP	0/1:58,7:.	G/T	9:101687075	T	ENSG00000198785	ENST00000361820	Transcript	missense_variant	MODERATE	1493	825	275	N/K	aaC/aaA	COSV100701731		P1	benign	0.12	deleterious	0.05	19.58	2.129146	GRIN3A		COSV100701731:PATHOGENIC	cAMP signaling pathway|Neuroactive ligand-receptor interaction|Glutamatergic synapse|Spinocerebellar ataxia|Prion disease|Cocaine addiction|Amphetamine addiction|Nicotine addiction|Alcoholism	hsa04024|hsa04080|hsa04724|hsa05017|hsa05020|hsa05030|hsa05031|hsa05033|hsa05034				SNV	c.825C>A	p.Asn275Lys					IPR028082: Periplasmic binding protein-like I	2006 / 49097025	1 / 49097025	0.3556	UNCLASSIFIED
8	141136706		G	-	.	.	CSQ=-|frameshift_variant|HIGH|DENND3|ENSG00000105339|Transcript|ENST00000262585|protein_coding|2/23||ENST00000262585.6:c.63del|ENSP00000262585.2:p.Arg24GlufsTer44|338|60|20|P/X|ccG/cc|COSV99370425||1||deletion|HGNC|HGNC:29134||5|A2|CCDS34947.1|ENSP00000262585|A2RUS2.128||UPI00003CEFBA|A2RUS2-1|NM_014957.5|||PROSITE_profiles:PS50211&PANTHER:PTHR12296&PANTHER:PTHR12296:SF21&MobiDB_lite:mobidb-lite&AFDB-ENSP_mappings:AF-A2RUS2-F1.A|3|||||||||||||||||1|1|||||||,-|frameshift_variant|HIGH|DENND3|ENSG00000105339|Transcript|ENST00000424248|protein_coding|1/21||ENST00000424248.2:c.63del|ENSP00000410594.1:p.Arg24GlufsTer44|81|60|20|P/X|ccG/cc|COSV99370425||1||deletion|HGNC|HGNC:29134||1|||ENSP00000410594|A2RUS2.128||UPI0000F095D1|A2RUS2-2||||PROSITE_profiles:PS50211&PANTHER:PTHR12296&PANTHER:PTHR12296:SF21&MobiDB_lite:mobidb-lite|3|||||||||||||||||1|1|||||||,-|3_prime_UTR_variant&NMD_transcript_variant|MODIFIER|DENND3|ENSG00000105339|Transcript|ENST00000518198|nonsense_mediated_decay|2/4||ENST00000518198.1:c.*50del||338|||||COSV99370425||1||deletion|HGNC|HGNC:29134||2|||ENSP00000428641||E5RH95.51|UPI0001E8F5CD|||||||||||||||||||||||1|1|||||||,-|upstream_gene_variant|MODIFIER|DENND3|ENSG00000105339|Transcript|ENST00000518249|protein_coding||||||||||COSV99370425|4497|1|cds_start_NF|deletion|HGNC|HGNC:29134||5|||ENSP00000428155||H0YAW2.48|UPI0001E8F5D1|||||||||||||||||||||||1|1|||||||,-|frameshift_variant|HIGH|DENND3|ENSG00000105339|Transcript|ENST00000518347|protein_coding|2/4||ENST00000518347.5:c.303del|ENSP00000430695.1:p.Arg104GlufsTer44|396|300|100|P/X|ccG/cc|COSV99370425||1||deletion|HGNC|HGNC:29134||2|||ENSP00000430695||E5RIR7.62|UPI000022D5A5||NM_001352891.3|||PROSITE_profiles:PS50211&PANTHER:PTHR12296&PANTHER:PTHR12296:SF21&MobiDB_lite:mobidb-lite|3|||||||||||||||||1|1|||||||,-|frameshift_variant|HIGH|DENND3|ENSG00000105339|Transcript|ENST00000518668|protein_coding|2/22||ENST00000518668.5:c.232del|ENSP00000428276.1:p.Arg81GlufsTer44|229|231|77|P/X|ccG/cc|COSV99370425||1|cds_start_NF|deletion|HGNC|HGNC:29134||5|||ENSP00000428276||H0YAY3.70||||||PROSITE_profiles:PS50211&PANTHER:PTHR12296:SF21&PANTHER:PTHR12296&MobiDB_lite:mobidb-lite|3|||||||||||||||||1|1|||||||,-|frameshift_variant|HIGH|DENND3|ENSG00000105339|Transcript|ENST00000519291|protein_coding|2/4||ENST00000519291.5:c.102del|ENSP00000430625.1:p.Arg37GlufsTer44|285|99|33|P/X|ccG/cc|COSV99370425||1|cds_end_NF|deletion|HGNC|HGNC:29134||4|||ENSP00000430625||E5RJ42.66|UPI0003F47C57|||||PROSITE_profiles:PS50211&PANTHER:PTHR12296:SF21&PANTHER:PTHR12296&MobiDB_lite:mobidb-lite|3|||||||||||||||||1|1|||||||,-|frameshift_variant|HIGH|DENND3|ENSG00000105339|Transcript|ENST00000519811|protein_coding|2/23||ENST00000519811.6:c.303del|ENSP00000428714.1:p.Arg104GlufsTer44|419|300|100|P/X|ccG/cc|COSV99370425||1||deletion|HGNC|HGNC:29134|YES|5|P2|CCDS87629.1|ENSP00000428714||E9PF32.86|UPI0000160CFA||NM_001362798.2&NM_001352890.3|||PROSITE_profiles:PS50211&PANTHER:PTHR12296:SF21&PANTHER:PTHR12296&MobiDB_lite:mobidb-lite|3|||||||||||||||||1|1|||||||,-|frameshift_variant|HIGH|DENND3|ENSG00000105339|Transcript|ENST00000520986|protein_coding|2/5||ENST00000520986.5:c.303del|ENSP00000429780.1:p.Arg104GlufsTer44|359|300|100|P/X|ccG/cc|COSV99370425||1|cds_end_NF|deletion|HGNC|HGNC:29134||2|||ENSP00000429780||E5RHH2.62|UPI0001E8F5CE|||||PROSITE_profiles:PS50211&PANTHER:PTHR12296:SF21&PANTHER:PTHR12296&SMART:SM00799&MobiDB_lite:mobidb-lite|3|||||||||||||||||1|1|||||||,-|frameshift_variant|HIGH|DENND3|ENSG00000105339|Transcript|ENST00000523058|protein_coding|2/7||ENST00000523058.5:c.303del|ENSP00000430786.1:p.Arg104GlufsTer44|333|300|100|P/X|ccG/cc|COSV99370425||1|cds_end_NF|deletion|HGNC|HGNC:29134||3|||ENSP00000430786||E5RI43.57|UPI0001E8F5CF|||||PROSITE_profiles:PS50211&PANTHER:PTHR12296:SF21&PANTHER:PTHR12296&MobiDB_lite:mobidb-lite|3|||||||||||||||||1|1|||||||	GT:AD:DP	0/1:4,2:.	G/-	8:141136706	-	ENSG00000105339	ENST00000262585	Transcript	frameshift_variant	HIGH	338	60	20	P/X	ccG/cc	COSV99370425		A2							DENND3		COSV52804828						deletion	c.63del	p.Arg24GlufsTer44					Mutation previous last protein domain	1182 / 49097025	1 / 49097025	0.4375	TSG
8	141136706		G	-	.	.	CSQ=-|frameshift_variant|HIGH|DENND3|ENSG00000105339|Transcript|ENST00000262585|protein_coding|2/23||ENST00000262585.6:c.63del|ENSP00000262585.2:p.Arg24GlufsTer44|338|60|20|P/X|ccG/cc|COSV99370425||1||deletion|HGNC|HGNC:29134||5|A2|CCDS34947.1|ENSP00000262585|A2RUS2.128||UPI00003CEFBA|A2RUS2-1|NM_014957.5|||PROSITE_profiles:PS50211&PANTHER:PTHR12296&PANTHER:PTHR12296:SF21&MobiDB_lite:mobidb-lite&AFDB-ENSP_mappings:AF-A2RUS2-F1.A|3|||||||||||||||||1|1|||||||,-|frameshift_variant|HIGH|DENND3|ENSG00000105339|Transcript|ENST00000424248|protein_coding|1/21||ENST00000424248.2:c.63del|ENSP00000410594.1:p.Arg24GlufsTer44|81|60|20|P/X|ccG/cc|COSV99370425||1||deletion|HGNC|HGNC:29134||1|||ENSP00000410594|A2RUS2.128||UPI0000F095D1|A2RUS2-2||||PROSITE_profiles:PS50211&PANTHER:PTHR12296&PANTHER:PTHR12296:SF21&MobiDB_lite:mobidb-lite|3|||||||||||||||||1|1|||||||,-|3_prime_UTR_variant&NMD_transcript_variant|MODIFIER|DENND3|ENSG00000105339|Transcript|ENST00000518198|nonsense_mediated_decay|2/4||ENST00000518198.1:c.*50del||338|||||COSV99370425||1||deletion|HGNC|HGNC:29134||2|||ENSP00000428641||E5RH95.51|UPI0001E8F5CD|||||||||||||||||||||||1|1|||||||,-|upstream_gene_variant|MODIFIER|DENND3|ENSG00000105339|Transcript|ENST00000518249|protein_coding||||||||||COSV99370425|4497|1|cds_start_NF|deletion|HGNC|HGNC:29134||5|||ENSP00000428155||H0YAW2.48|UPI0001E8F5D1|||||||||||||||||||||||1|1|||||||,-|frameshift_variant|HIGH|DENND3|ENSG00000105339|Transcript|ENST00000518347|protein_coding|2/4||ENST00000518347.5:c.303del|ENSP00000430695.1:p.Arg104GlufsTer44|396|300|100|P/X|ccG/cc|COSV99370425||1||deletion|HGNC|HGNC:29134||2|||ENSP00000430695||E5RIR7.62|UPI000022D5A5||NM_001352891.3|||PROSITE_profiles:PS50211&PANTHER:PTHR12296&PANTHER:PTHR12296:SF21&MobiDB_lite:mobidb-lite|3|||||||||||||||||1|1|||||||,-|frameshift_variant|HIGH|DENND3|ENSG00000105339|Transcript|ENST00000518668|protein_coding|2/22||ENST00000518668.5:c.232del|ENSP00000428276.1:p.Arg81GlufsTer44|229|231|77|P/X|ccG/cc|COSV99370425||1|cds_start_NF|deletion|HGNC|HGNC:29134||5|||ENSP00000428276||H0YAY3.70||||||PROSITE_profiles:PS50211&PANTHER:PTHR12296:SF21&PANTHER:PTHR12296&MobiDB_lite:mobidb-lite|3|||||||||||||||||1|1|||||||,-|frameshift_variant|HIGH|DENND3|ENSG00000105339|Transcript|ENST00000519291|protein_coding|2/4||ENST00000519291.5:c.102del|ENSP00000430625.1:p.Arg37GlufsTer44|285|99|33|P/X|ccG/cc|COSV99370425||1|cds_end_NF|deletion|HGNC|HGNC:29134||4|||ENSP00000430625||E5RJ42.66|UPI0003F47C57|||||PROSITE_profiles:PS50211&PANTHER:PTHR12296:SF21&PANTHER:PTHR12296&MobiDB_lite:mobidb-lite|3|||||||||||||||||1|1|||||||,-|frameshift_variant|HIGH|DENND3|ENSG00000105339|Transcript|ENST00000519811|protein_coding|2/23||ENST00000519811.6:c.303del|ENSP00000428714.1:p.Arg104GlufsTer44|419|300|100|P/X|ccG/cc|COSV99370425||1||deletion|HGNC|HGNC:29134|YES|5|P2|CCDS87629.1|ENSP00000428714||E9PF32.86|UPI0000160CFA||NM_001362798.2&NM_001352890.3|||PROSITE_profiles:PS50211&PANTHER:PTHR12296:SF21&PANTHER:PTHR12296&MobiDB_lite:mobidb-lite|3|||||||||||||||||1|1|||||||,-|frameshift_variant|HIGH|DENND3|ENSG00000105339|Transcript|ENST00000520986|protein_coding|2/5||ENST00000520986.5:c.303del|ENSP00000429780.1:p.Arg104GlufsTer44|359|300|100|P/X|ccG/cc|COSV99370425||1|cds_end_NF|deletion|HGNC|HGNC:29134||2|||ENSP00000429780||E5RHH2.62|UPI0001E8F5CE|||||PROSITE_profiles:PS50211&PANTHER:PTHR12296:SF21&PANTHER:PTHR12296&SMART:SM00799&MobiDB_lite:mobidb-lite|3|||||||||||||||||1|1|||||||,-|frameshift_variant|HIGH|DENND3|ENSG00000105339|Transcript|ENST00000523058|protein_coding|2/7||ENST00000523058.5:c.303del|ENSP00000430786.1:p.Arg104GlufsTer44|333|300|100|P/X|ccG/cc|COSV99370425||1|cds_end_NF|deletion|HGNC|HGNC:29134||3|||ENSP00000430786||E5RI43.57|UPI0001E8F5CF|||||PROSITE_profiles:PS50211&PANTHER:PTHR12296:SF21&PANTHER:PTHR12296&MobiDB_lite:mobidb-lite|3|||||||||||||||||1|1|||||||	GT:AD:DP	0/1:4,2:.	G/-	8:141136706	-	ENSG00000105339	ENST00000424248	Transcript	frameshift_variant	HIGH	81	60	20	P/X	ccG/cc	COSV99370425									DENND3		COSV52804828						deletion	c.63del	p.Arg24GlufsTer44					Mutation previous last protein domain	1182 / 49097025	1 / 49097025	0.4375	TSG
8	141136706		G	-	.	.	CSQ=-|frameshift_variant|HIGH|DENND3|ENSG00000105339|Transcript|ENST00000262585|protein_coding|2/23||ENST00000262585.6:c.63del|ENSP00000262585.2:p.Arg24GlufsTer44|338|60|20|P/X|ccG/cc|COSV99370425||1||deletion|HGNC|HGNC:29134||5|A2|CCDS34947.1|ENSP00000262585|A2RUS2.128||UPI00003CEFBA|A2RUS2-1|NM_014957.5|||PROSITE_profiles:PS50211&PANTHER:PTHR12296&PANTHER:PTHR12296:SF21&MobiDB_lite:mobidb-lite&AFDB-ENSP_mappings:AF-A2RUS2-F1.A|3|||||||||||||||||1|1|||||||,-|frameshift_variant|HIGH|DENND3|ENSG00000105339|Transcript|ENST00000424248|protein_coding|1/21||ENST00000424248.2:c.63del|ENSP00000410594.1:p.Arg24GlufsTer44|81|60|20|P/X|ccG/cc|COSV99370425||1||deletion|HGNC|HGNC:29134||1|||ENSP00000410594|A2RUS2.128||UPI0000F095D1|A2RUS2-2||||PROSITE_profiles:PS50211&PANTHER:PTHR12296&PANTHER:PTHR12296:SF21&MobiDB_lite:mobidb-lite|3|||||||||||||||||1|1|||||||,-|3_prime_UTR_variant&NMD_transcript_variant|MODIFIER|DENND3|ENSG00000105339|Transcript|ENST00000518198|nonsense_mediated_decay|2/4||ENST00000518198.1:c.*50del||338|||||COSV99370425||1||deletion|HGNC|HGNC:29134||2|||ENSP00000428641||E5RH95.51|UPI0001E8F5CD|||||||||||||||||||||||1|1|||||||,-|upstream_gene_variant|MODIFIER|DENND3|ENSG00000105339|Transcript|ENST00000518249|protein_coding||||||||||COSV99370425|4497|1|cds_start_NF|deletion|HGNC|HGNC:29134||5|||ENSP00000428155||H0YAW2.48|UPI0001E8F5D1|||||||||||||||||||||||1|1|||||||,-|frameshift_variant|HIGH|DENND3|ENSG00000105339|Transcript|ENST00000518347|protein_coding|2/4||ENST00000518347.5:c.303del|ENSP00000430695.1:p.Arg104GlufsTer44|396|300|100|P/X|ccG/cc|COSV99370425||1||deletion|HGNC|HGNC:29134||2|||ENSP00000430695||E5RIR7.62|UPI000022D5A5||NM_001352891.3|||PROSITE_profiles:PS50211&PANTHER:PTHR12296&PANTHER:PTHR12296:SF21&MobiDB_lite:mobidb-lite|3|||||||||||||||||1|1|||||||,-|frameshift_variant|HIGH|DENND3|ENSG00000105339|Transcript|ENST00000518668|protein_coding|2/22||ENST00000518668.5:c.232del|ENSP00000428276.1:p.Arg81GlufsTer44|229|231|77|P/X|ccG/cc|COSV99370425||1|cds_start_NF|deletion|HGNC|HGNC:29134||5|||ENSP00000428276||H0YAY3.70||||||PROSITE_profiles:PS50211&PANTHER:PTHR12296:SF21&PANTHER:PTHR12296&MobiDB_lite:mobidb-lite|3|||||||||||||||||1|1|||||||,-|frameshift_variant|HIGH|DENND3|ENSG00000105339|Transcript|ENST00000519291|protein_coding|2/4||ENST00000519291.5:c.102del|ENSP00000430625.1:p.Arg37GlufsTer44|285|99|33|P/X|ccG/cc|COSV99370425||1|cds_end_NF|deletion|HGNC|HGNC:29134||4|||ENSP00000430625||E5RJ42.66|UPI0003F47C57|||||PROSITE_profiles:PS50211&PANTHER:PTHR12296:SF21&PANTHER:PTHR12296&MobiDB_lite:mobidb-lite|3|||||||||||||||||1|1|||||||,-|frameshift_variant|HIGH|DENND3|ENSG00000105339|Transcript|ENST00000519811|protein_coding|2/23||ENST00000519811.6:c.303del|ENSP00000428714.1:p.Arg104GlufsTer44|419|300|100|P/X|ccG/cc|COSV99370425||1||deletion|HGNC|HGNC:29134|YES|5|P2|CCDS87629.1|ENSP00000428714||E9PF32.86|UPI0000160CFA||NM_001362798.2&NM_001352890.3|||PROSITE_profiles:PS50211&PANTHER:PTHR12296:SF21&PANTHER:PTHR12296&MobiDB_lite:mobidb-lite|3|||||||||||||||||1|1|||||||,-|frameshift_variant|HIGH|DENND3|ENSG00000105339|Transcript|ENST00000520986|protein_coding|2/5||ENST00000520986.5:c.303del|ENSP00000429780.1:p.Arg104GlufsTer44|359|300|100|P/X|ccG/cc|COSV99370425||1|cds_end_NF|deletion|HGNC|HGNC:29134||2|||ENSP00000429780||E5RHH2.62|UPI0001E8F5CE|||||PROSITE_profiles:PS50211&PANTHER:PTHR12296:SF21&PANTHER:PTHR12296&SMART:SM00799&MobiDB_lite:mobidb-lite|3|||||||||||||||||1|1|||||||,-|frameshift_variant|HIGH|DENND3|ENSG00000105339|Transcript|ENST00000523058|protein_coding|2/7||ENST00000523058.5:c.303del|ENSP00000430786.1:p.Arg104GlufsTer44|333|300|100|P/X|ccG/cc|COSV99370425||1|cds_end_NF|deletion|HGNC|HGNC:29134||3|||ENSP00000430786||E5RI43.57|UPI0001E8F5CF|||||PROSITE_profiles:PS50211&PANTHER:PTHR12296:SF21&PANTHER:PTHR12296&MobiDB_lite:mobidb-lite|3|||||||||||||||||1|1|||||||	GT:AD:DP	0/1:4,2:.	G/-	8:141136706	-	ENSG00000105339	ENST00000518198	Transcript	3_prime_UTR_variant,NMD_transcript_variant	MODIFIER	338					COSV99370425									DENND3								deletion	c.*50del							1182 / 49097025	0	0.1250	UNCLASSIFIED
8	141136706		G	-	.	.	CSQ=-|frameshift_variant|HIGH|DENND3|ENSG00000105339|Transcript|ENST00000262585|protein_coding|2/23||ENST00000262585.6:c.63del|ENSP00000262585.2:p.Arg24GlufsTer44|338|60|20|P/X|ccG/cc|COSV99370425||1||deletion|HGNC|HGNC:29134||5|A2|CCDS34947.1|ENSP00000262585|A2RUS2.128||UPI00003CEFBA|A2RUS2-1|NM_014957.5|||PROSITE_profiles:PS50211&PANTHER:PTHR12296&PANTHER:PTHR12296:SF21&MobiDB_lite:mobidb-lite&AFDB-ENSP_mappings:AF-A2RUS2-F1.A|3|||||||||||||||||1|1|||||||,-|frameshift_variant|HIGH|DENND3|ENSG00000105339|Transcript|ENST00000424248|protein_coding|1/21||ENST00000424248.2:c.63del|ENSP00000410594.1:p.Arg24GlufsTer44|81|60|20|P/X|ccG/cc|COSV99370425||1||deletion|HGNC|HGNC:29134||1|||ENSP00000410594|A2RUS2.128||UPI0000F095D1|A2RUS2-2||||PROSITE_profiles:PS50211&PANTHER:PTHR12296&PANTHER:PTHR12296:SF21&MobiDB_lite:mobidb-lite|3|||||||||||||||||1|1|||||||,-|3_prime_UTR_variant&NMD_transcript_variant|MODIFIER|DENND3|ENSG00000105339|Transcript|ENST00000518198|nonsense_mediated_decay|2/4||ENST00000518198.1:c.*50del||338|||||COSV99370425||1||deletion|HGNC|HGNC:29134||2|||ENSP00000428641||E5RH95.51|UPI0001E8F5CD|||||||||||||||||||||||1|1|||||||,-|upstream_gene_variant|MODIFIER|DENND3|ENSG00000105339|Transcript|ENST00000518249|protein_coding||||||||||COSV99370425|4497|1|cds_start_NF|deletion|HGNC|HGNC:29134||5|||ENSP00000428155||H0YAW2.48|UPI0001E8F5D1|||||||||||||||||||||||1|1|||||||,-|frameshift_variant|HIGH|DENND3|ENSG00000105339|Transcript|ENST00000518347|protein_coding|2/4||ENST00000518347.5:c.303del|ENSP00000430695.1:p.Arg104GlufsTer44|396|300|100|P/X|ccG/cc|COSV99370425||1||deletion|HGNC|HGNC:29134||2|||ENSP00000430695||E5RIR7.62|UPI000022D5A5||NM_001352891.3|||PROSITE_profiles:PS50211&PANTHER:PTHR12296&PANTHER:PTHR12296:SF21&MobiDB_lite:mobidb-lite|3|||||||||||||||||1|1|||||||,-|frameshift_variant|HIGH|DENND3|ENSG00000105339|Transcript|ENST00000518668|protein_coding|2/22||ENST00000518668.5:c.232del|ENSP00000428276.1:p.Arg81GlufsTer44|229|231|77|P/X|ccG/cc|COSV99370425||1|cds_start_NF|deletion|HGNC|HGNC:29134||5|||ENSP00000428276||H0YAY3.70||||||PROSITE_profiles:PS50211&PANTHER:PTHR12296:SF21&PANTHER:PTHR12296&MobiDB_lite:mobidb-lite|3|||||||||||||||||1|1|||||||,-|frameshift_variant|HIGH|DENND3|ENSG00000105339|Transcript|ENST00000519291|protein_coding|2/4||ENST00000519291.5:c.102del|ENSP00000430625.1:p.Arg37GlufsTer44|285|99|33|P/X|ccG/cc|COSV99370425||1|cds_end_NF|deletion|HGNC|HGNC:29134||4|||ENSP00000430625||E5RJ42.66|UPI0003F47C57|||||PROSITE_profiles:PS50211&PANTHER:PTHR12296:SF21&PANTHER:PTHR12296&MobiDB_lite:mobidb-lite|3|||||||||||||||||1|1|||||||,-|frameshift_variant|HIGH|DENND3|ENSG00000105339|Transcript|ENST00000519811|protein_coding|2/23||ENST00000519811.6:c.303del|ENSP00000428714.1:p.Arg104GlufsTer44|419|300|100|P/X|ccG/cc|COSV99370425||1||deletion|HGNC|HGNC:29134|YES|5|P2|CCDS87629.1|ENSP00000428714||E9PF32.86|UPI0000160CFA||NM_001362798.2&NM_001352890.3|||PROSITE_profiles:PS50211&PANTHER:PTHR12296:SF21&PANTHER:PTHR12296&MobiDB_lite:mobidb-lite|3|||||||||||||||||1|1|||||||,-|frameshift_variant|HIGH|DENND3|ENSG00000105339|Transcript|ENST00000520986|protein_coding|2/5||ENST00000520986.5:c.303del|ENSP00000429780.1:p.Arg104GlufsTer44|359|300|100|P/X|ccG/cc|COSV99370425||1|cds_end_NF|deletion|HGNC|HGNC:29134||2|||ENSP00000429780||E5RHH2.62|UPI0001E8F5CE|||||PROSITE_profiles:PS50211&PANTHER:PTHR12296:SF21&PANTHER:PTHR12296&SMART:SM00799&MobiDB_lite:mobidb-lite|3|||||||||||||||||1|1|||||||,-|frameshift_variant|HIGH|DENND3|ENSG00000105339|Transcript|ENST00000523058|protein_coding|2/7||ENST00000523058.5:c.303del|ENSP00000430786.1:p.Arg104GlufsTer44|333|300|100|P/X|ccG/cc|COSV99370425||1|cds_end_NF|deletion|HGNC|HGNC:29134||3|||ENSP00000430786||E5RI43.57|UPI0001E8F5CF|||||PROSITE_profiles:PS50211&PANTHER:PTHR12296:SF21&PANTHER:PTHR12296&MobiDB_lite:mobidb-lite|3|||||||||||||||||1|1|||||||	GT:AD:DP	0/1:4,2:.	G/-	8:141136706	-	ENSG00000105339	ENST00000518249	Transcript	upstream_gene_variant	MODIFIER						COSV99370425									DENND3								deletion								1182 / 49097025	0	0.1250	UNCLASSIFIED
8	141136706		G	-	.	.	CSQ=-|frameshift_variant|HIGH|DENND3|ENSG00000105339|Transcript|ENST00000262585|protein_coding|2/23||ENST00000262585.6:c.63del|ENSP00000262585.2:p.Arg24GlufsTer44|338|60|20|P/X|ccG/cc|COSV99370425||1||deletion|HGNC|HGNC:29134||5|A2|CCDS34947.1|ENSP00000262585|A2RUS2.128||UPI00003CEFBA|A2RUS2-1|NM_014957.5|||PROSITE_profiles:PS50211&PANTHER:PTHR12296&PANTHER:PTHR12296:SF21&MobiDB_lite:mobidb-lite&AFDB-ENSP_mappings:AF-A2RUS2-F1.A|3|||||||||||||||||1|1|||||||,-|frameshift_variant|HIGH|DENND3|ENSG00000105339|Transcript|ENST00000424248|protein_coding|1/21||ENST00000424248.2:c.63del|ENSP00000410594.1:p.Arg24GlufsTer44|81|60|20|P/X|ccG/cc|COSV99370425||1||deletion|HGNC|HGNC:29134||1|||ENSP00000410594|A2RUS2.128||UPI0000F095D1|A2RUS2-2||||PROSITE_profiles:PS50211&PANTHER:PTHR12296&PANTHER:PTHR12296:SF21&MobiDB_lite:mobidb-lite|3|||||||||||||||||1|1|||||||,-|3_prime_UTR_variant&NMD_transcript_variant|MODIFIER|DENND3|ENSG00000105339|Transcript|ENST00000518198|nonsense_mediated_decay|2/4||ENST00000518198.1:c.*50del||338|||||COSV99370425||1||deletion|HGNC|HGNC:29134||2|||ENSP00000428641||E5RH95.51|UPI0001E8F5CD|||||||||||||||||||||||1|1|||||||,-|upstream_gene_variant|MODIFIER|DENND3|ENSG00000105339|Transcript|ENST00000518249|protein_coding||||||||||COSV99370425|4497|1|cds_start_NF|deletion|HGNC|HGNC:29134||5|||ENSP00000428155||H0YAW2.48|UPI0001E8F5D1|||||||||||||||||||||||1|1|||||||,-|frameshift_variant|HIGH|DENND3|ENSG00000105339|Transcript|ENST00000518347|protein_coding|2/4||ENST00000518347.5:c.303del|ENSP00000430695.1:p.Arg104GlufsTer44|396|300|100|P/X|ccG/cc|COSV99370425||1||deletion|HGNC|HGNC:29134||2|||ENSP00000430695||E5RIR7.62|UPI000022D5A5||NM_001352891.3|||PROSITE_profiles:PS50211&PANTHER:PTHR12296&PANTHER:PTHR12296:SF21&MobiDB_lite:mobidb-lite|3|||||||||||||||||1|1|||||||,-|frameshift_variant|HIGH|DENND3|ENSG00000105339|Transcript|ENST00000518668|protein_coding|2/22||ENST00000518668.5:c.232del|ENSP00000428276.1:p.Arg81GlufsTer44|229|231|77|P/X|ccG/cc|COSV99370425||1|cds_start_NF|deletion|HGNC|HGNC:29134||5|||ENSP00000428276||H0YAY3.70||||||PROSITE_profiles:PS50211&PANTHER:PTHR12296:SF21&PANTHER:PTHR12296&MobiDB_lite:mobidb-lite|3|||||||||||||||||1|1|||||||,-|frameshift_variant|HIGH|DENND3|ENSG00000105339|Transcript|ENST00000519291|protein_coding|2/4||ENST00000519291.5:c.102del|ENSP00000430625.1:p.Arg37GlufsTer44|285|99|33|P/X|ccG/cc|COSV99370425||1|cds_end_NF|deletion|HGNC|HGNC:29134||4|||ENSP00000430625||E5RJ42.66|UPI0003F47C57|||||PROSITE_profiles:PS50211&PANTHER:PTHR12296:SF21&PANTHER:PTHR12296&MobiDB_lite:mobidb-lite|3|||||||||||||||||1|1|||||||,-|frameshift_variant|HIGH|DENND3|ENSG00000105339|Transcript|ENST00000519811|protein_coding|2/23||ENST00000519811.6:c.303del|ENSP00000428714.1:p.Arg104GlufsTer44|419|300|100|P/X|ccG/cc|COSV99370425||1||deletion|HGNC|HGNC:29134|YES|5|P2|CCDS87629.1|ENSP00000428714||E9PF32.86|UPI0000160CFA||NM_001362798.2&NM_001352890.3|||PROSITE_profiles:PS50211&PANTHER:PTHR12296:SF21&PANTHER:PTHR12296&MobiDB_lite:mobidb-lite|3|||||||||||||||||1|1|||||||,-|frameshift_variant|HIGH|DENND3|ENSG00000105339|Transcript|ENST00000520986|protein_coding|2/5||ENST00000520986.5:c.303del|ENSP00000429780.1:p.Arg104GlufsTer44|359|300|100|P/X|ccG/cc|COSV99370425||1|cds_end_NF|deletion|HGNC|HGNC:29134||2|||ENSP00000429780||E5RHH2.62|UPI0001E8F5CE|||||PROSITE_profiles:PS50211&PANTHER:PTHR12296:SF21&PANTHER:PTHR12296&SMART:SM00799&MobiDB_lite:mobidb-lite|3|||||||||||||||||1|1|||||||,-|frameshift_variant|HIGH|DENND3|ENSG00000105339|Transcript|ENST00000523058|protein_coding|2/7||ENST00000523058.5:c.303del|ENSP00000430786.1:p.Arg104GlufsTer44|333|300|100|P/X|ccG/cc|COSV99370425||1|cds_end_NF|deletion|HGNC|HGNC:29134||3|||ENSP00000430786||E5RI43.57|UPI0001E8F5CF|||||PROSITE_profiles:PS50211&PANTHER:PTHR12296:SF21&PANTHER:PTHR12296&MobiDB_lite:mobidb-lite|3|||||||||||||||||1|1|||||||	GT:AD:DP	0/1:4,2:.	G/-	8:141136706	-	ENSG00000105339	ENST00000518347	Transcript	frameshift_variant	HIGH	396	300	100	P/X	ccG/cc	COSV99370425									DENND3		COSV52804828						deletion	c.303del	p.Arg104GlufsTer44					Mutation previous last protein domain	1182 / 49097025	1 / 49097025	0.4375	TSG
8	141136706		G	-	.	.	CSQ=-|frameshift_variant|HIGH|DENND3|ENSG00000105339|Transcript|ENST00000262585|protein_coding|2/23||ENST00000262585.6:c.63del|ENSP00000262585.2:p.Arg24GlufsTer44|338|60|20|P/X|ccG/cc|COSV99370425||1||deletion|HGNC|HGNC:29134||5|A2|CCDS34947.1|ENSP00000262585|A2RUS2.128||UPI00003CEFBA|A2RUS2-1|NM_014957.5|||PROSITE_profiles:PS50211&PANTHER:PTHR12296&PANTHER:PTHR12296:SF21&MobiDB_lite:mobidb-lite&AFDB-ENSP_mappings:AF-A2RUS2-F1.A|3|||||||||||||||||1|1|||||||,-|frameshift_variant|HIGH|DENND3|ENSG00000105339|Transcript|ENST00000424248|protein_coding|1/21||ENST00000424248.2:c.63del|ENSP00000410594.1:p.Arg24GlufsTer44|81|60|20|P/X|ccG/cc|COSV99370425||1||deletion|HGNC|HGNC:29134||1|||ENSP00000410594|A2RUS2.128||UPI0000F095D1|A2RUS2-2||||PROSITE_profiles:PS50211&PANTHER:PTHR12296&PANTHER:PTHR12296:SF21&MobiDB_lite:mobidb-lite|3|||||||||||||||||1|1|||||||,-|3_prime_UTR_variant&NMD_transcript_variant|MODIFIER|DENND3|ENSG00000105339|Transcript|ENST00000518198|nonsense_mediated_decay|2/4||ENST00000518198.1:c.*50del||338|||||COSV99370425||1||deletion|HGNC|HGNC:29134||2|||ENSP00000428641||E5RH95.51|UPI0001E8F5CD|||||||||||||||||||||||1|1|||||||,-|upstream_gene_variant|MODIFIER|DENND3|ENSG00000105339|Transcript|ENST00000518249|protein_coding||||||||||COSV99370425|4497|1|cds_start_NF|deletion|HGNC|HGNC:29134||5|||ENSP00000428155||H0YAW2.48|UPI0001E8F5D1|||||||||||||||||||||||1|1|||||||,-|frameshift_variant|HIGH|DENND3|ENSG00000105339|Transcript|ENST00000518347|protein_coding|2/4||ENST00000518347.5:c.303del|ENSP00000430695.1:p.Arg104GlufsTer44|396|300|100|P/X|ccG/cc|COSV99370425||1||deletion|HGNC|HGNC:29134||2|||ENSP00000430695||E5RIR7.62|UPI000022D5A5||NM_001352891.3|||PROSITE_profiles:PS50211&PANTHER:PTHR12296&PANTHER:PTHR12296:SF21&MobiDB_lite:mobidb-lite|3|||||||||||||||||1|1|||||||,-|frameshift_variant|HIGH|DENND3|ENSG00000105339|Transcript|ENST00000518668|protein_coding|2/22||ENST00000518668.5:c.232del|ENSP00000428276.1:p.Arg81GlufsTer44|229|231|77|P/X|ccG/cc|COSV99370425||1|cds_start_NF|deletion|HGNC|HGNC:29134||5|||ENSP00000428276||H0YAY3.70||||||PROSITE_profiles:PS50211&PANTHER:PTHR12296:SF21&PANTHER:PTHR12296&MobiDB_lite:mobidb-lite|3|||||||||||||||||1|1|||||||,-|frameshift_variant|HIGH|DENND3|ENSG00000105339|Transcript|ENST00000519291|protein_coding|2/4||ENST00000519291.5:c.102del|ENSP00000430625.1:p.Arg37GlufsTer44|285|99|33|P/X|ccG/cc|COSV99370425||1|cds_end_NF|deletion|HGNC|HGNC:29134||4|||ENSP00000430625||E5RJ42.66|UPI0003F47C57|||||PROSITE_profiles:PS50211&PANTHER:PTHR12296:SF21&PANTHER:PTHR12296&MobiDB_lite:mobidb-lite|3|||||||||||||||||1|1|||||||,-|frameshift_variant|HIGH|DENND3|ENSG00000105339|Transcript|ENST00000519811|protein_coding|2/23||ENST00000519811.6:c.303del|ENSP00000428714.1:p.Arg104GlufsTer44|419|300|100|P/X|ccG/cc|COSV99370425||1||deletion|HGNC|HGNC:29134|YES|5|P2|CCDS87629.1|ENSP00000428714||E9PF32.86|UPI0000160CFA||NM_001362798.2&NM_001352890.3|||PROSITE_profiles:PS50211&PANTHER:PTHR12296:SF21&PANTHER:PTHR12296&MobiDB_lite:mobidb-lite|3|||||||||||||||||1|1|||||||,-|frameshift_variant|HIGH|DENND3|ENSG00000105339|Transcript|ENST00000520986|protein_coding|2/5||ENST00000520986.5:c.303del|ENSP00000429780.1:p.Arg104GlufsTer44|359|300|100|P/X|ccG/cc|COSV99370425||1|cds_end_NF|deletion|HGNC|HGNC:29134||2|||ENSP00000429780||E5RHH2.62|UPI0001E8F5CE|||||PROSITE_profiles:PS50211&PANTHER:PTHR12296:SF21&PANTHER:PTHR12296&SMART:SM00799&MobiDB_lite:mobidb-lite|3|||||||||||||||||1|1|||||||,-|frameshift_variant|HIGH|DENND3|ENSG00000105339|Transcript|ENST00000523058|protein_coding|2/7||ENST00000523058.5:c.303del|ENSP00000430786.1:p.Arg104GlufsTer44|333|300|100|P/X|ccG/cc|COSV99370425||1|cds_end_NF|deletion|HGNC|HGNC:29134||3|||ENSP00000430786||E5RI43.57|UPI0001E8F5CF|||||PROSITE_profiles:PS50211&PANTHER:PTHR12296:SF21&PANTHER:PTHR12296&MobiDB_lite:mobidb-lite|3|||||||||||||||||1|1|||||||	GT:AD:DP	0/1:4,2:.	G/-	8:141136706	-	ENSG00000105339	ENST00000518668	Transcript	frameshift_variant	HIGH	229	231	77	P/X	ccG/cc	COSV99370425									DENND3								deletion	c.232del	p.Arg81GlufsTer44					Mutation previous last protein domain	1182 / 49097025	0	0.3750	TSG
8	141136706		G	-	.	.	CSQ=-|frameshift_variant|HIGH|DENND3|ENSG00000105339|Transcript|ENST00000262585|protein_coding|2/23||ENST00000262585.6:c.63del|ENSP00000262585.2:p.Arg24GlufsTer44|338|60|20|P/X|ccG/cc|COSV99370425||1||deletion|HGNC|HGNC:29134||5|A2|CCDS34947.1|ENSP00000262585|A2RUS2.128||UPI00003CEFBA|A2RUS2-1|NM_014957.5|||PROSITE_profiles:PS50211&PANTHER:PTHR12296&PANTHER:PTHR12296:SF21&MobiDB_lite:mobidb-lite&AFDB-ENSP_mappings:AF-A2RUS2-F1.A|3|||||||||||||||||1|1|||||||,-|frameshift_variant|HIGH|DENND3|ENSG00000105339|Transcript|ENST00000424248|protein_coding|1/21||ENST00000424248.2:c.63del|ENSP00000410594.1:p.Arg24GlufsTer44|81|60|20|P/X|ccG/cc|COSV99370425||1||deletion|HGNC|HGNC:29134||1|||ENSP00000410594|A2RUS2.128||UPI0000F095D1|A2RUS2-2||||PROSITE_profiles:PS50211&PANTHER:PTHR12296&PANTHER:PTHR12296:SF21&MobiDB_lite:mobidb-lite|3|||||||||||||||||1|1|||||||,-|3_prime_UTR_variant&NMD_transcript_variant|MODIFIER|DENND3|ENSG00000105339|Transcript|ENST00000518198|nonsense_mediated_decay|2/4||ENST00000518198.1:c.*50del||338|||||COSV99370425||1||deletion|HGNC|HGNC:29134||2|||ENSP00000428641||E5RH95.51|UPI0001E8F5CD|||||||||||||||||||||||1|1|||||||,-|upstream_gene_variant|MODIFIER|DENND3|ENSG00000105339|Transcript|ENST00000518249|protein_coding||||||||||COSV99370425|4497|1|cds_start_NF|deletion|HGNC|HGNC:29134||5|||ENSP00000428155||H0YAW2.48|UPI0001E8F5D1|||||||||||||||||||||||1|1|||||||,-|frameshift_variant|HIGH|DENND3|ENSG00000105339|Transcript|ENST00000518347|protein_coding|2/4||ENST00000518347.5:c.303del|ENSP00000430695.1:p.Arg104GlufsTer44|396|300|100|P/X|ccG/cc|COSV99370425||1||deletion|HGNC|HGNC:29134||2|||ENSP00000430695||E5RIR7.62|UPI000022D5A5||NM_001352891.3|||PROSITE_profiles:PS50211&PANTHER:PTHR12296&PANTHER:PTHR12296:SF21&MobiDB_lite:mobidb-lite|3|||||||||||||||||1|1|||||||,-|frameshift_variant|HIGH|DENND3|ENSG00000105339|Transcript|ENST00000518668|protein_coding|2/22||ENST00000518668.5:c.232del|ENSP00000428276.1:p.Arg81GlufsTer44|229|231|77|P/X|ccG/cc|COSV99370425||1|cds_start_NF|deletion|HGNC|HGNC:29134||5|||ENSP00000428276||H0YAY3.70||||||PROSITE_profiles:PS50211&PANTHER:PTHR12296:SF21&PANTHER:PTHR12296&MobiDB_lite:mobidb-lite|3|||||||||||||||||1|1|||||||,-|frameshift_variant|HIGH|DENND3|ENSG00000105339|Transcript|ENST00000519291|protein_coding|2/4||ENST00000519291.5:c.102del|ENSP00000430625.1:p.Arg37GlufsTer44|285|99|33|P/X|ccG/cc|COSV99370425||1|cds_end_NF|deletion|HGNC|HGNC:29134||4|||ENSP00000430625||E5RJ42.66|UPI0003F47C57|||||PROSITE_profiles:PS50211&PANTHER:PTHR12296:SF21&PANTHER:PTHR12296&MobiDB_lite:mobidb-lite|3|||||||||||||||||1|1|||||||,-|frameshift_variant|HIGH|DENND3|ENSG00000105339|Transcript|ENST00000519811|protein_coding|2/23||ENST00000519811.6:c.303del|ENSP00000428714.1:p.Arg104GlufsTer44|419|300|100|P/X|ccG/cc|COSV99370425||1||deletion|HGNC|HGNC:29134|YES|5|P2|CCDS87629.1|ENSP00000428714||E9PF32.86|UPI0000160CFA||NM_001362798.2&NM_001352890.3|||PROSITE_profiles:PS50211&PANTHER:PTHR12296:SF21&PANTHER:PTHR12296&MobiDB_lite:mobidb-lite|3|||||||||||||||||1|1|||||||,-|frameshift_variant|HIGH|DENND3|ENSG00000105339|Transcript|ENST00000520986|protein_coding|2/5||ENST00000520986.5:c.303del|ENSP00000429780.1:p.Arg104GlufsTer44|359|300|100|P/X|ccG/cc|COSV99370425||1|cds_end_NF|deletion|HGNC|HGNC:29134||2|||ENSP00000429780||E5RHH2.62|UPI0001E8F5CE|||||PROSITE_profiles:PS50211&PANTHER:PTHR12296:SF21&PANTHER:PTHR12296&SMART:SM00799&MobiDB_lite:mobidb-lite|3|||||||||||||||||1|1|||||||,-|frameshift_variant|HIGH|DENND3|ENSG00000105339|Transcript|ENST00000523058|protein_coding|2/7||ENST00000523058.5:c.303del|ENSP00000430786.1:p.Arg104GlufsTer44|333|300|100|P/X|ccG/cc|COSV99370425||1|cds_end_NF|deletion|HGNC|HGNC:29134||3|||ENSP00000430786||E5RI43.57|UPI0001E8F5CF|||||PROSITE_profiles:PS50211&PANTHER:PTHR12296:SF21&PANTHER:PTHR12296&MobiDB_lite:mobidb-lite|3|||||||||||||||||1|1|||||||	GT:AD:DP	0/1:4,2:.	G/-	8:141136706	-	ENSG00000105339	ENST00000519291	Transcript	frameshift_variant	HIGH	285	99	33	P/X	ccG/cc	COSV99370425									DENND3								deletion	c.102del	p.Arg37GlufsTer44					Mutation previous last protein domain	1182 / 49097025	0	0.3750	TSG
8	141136706		G	-	.	.	CSQ=-|frameshift_variant|HIGH|DENND3|ENSG00000105339|Transcript|ENST00000262585|protein_coding|2/23||ENST00000262585.6:c.63del|ENSP00000262585.2:p.Arg24GlufsTer44|338|60|20|P/X|ccG/cc|COSV99370425||1||deletion|HGNC|HGNC:29134||5|A2|CCDS34947.1|ENSP00000262585|A2RUS2.128||UPI00003CEFBA|A2RUS2-1|NM_014957.5|||PROSITE_profiles:PS50211&PANTHER:PTHR12296&PANTHER:PTHR12296:SF21&MobiDB_lite:mobidb-lite&AFDB-ENSP_mappings:AF-A2RUS2-F1.A|3|||||||||||||||||1|1|||||||,-|frameshift_variant|HIGH|DENND3|ENSG00000105339|Transcript|ENST00000424248|protein_coding|1/21||ENST00000424248.2:c.63del|ENSP00000410594.1:p.Arg24GlufsTer44|81|60|20|P/X|ccG/cc|COSV99370425||1||deletion|HGNC|HGNC:29134||1|||ENSP00000410594|A2RUS2.128||UPI0000F095D1|A2RUS2-2||||PROSITE_profiles:PS50211&PANTHER:PTHR12296&PANTHER:PTHR12296:SF21&MobiDB_lite:mobidb-lite|3|||||||||||||||||1|1|||||||,-|3_prime_UTR_variant&NMD_transcript_variant|MODIFIER|DENND3|ENSG00000105339|Transcript|ENST00000518198|nonsense_mediated_decay|2/4||ENST00000518198.1:c.*50del||338|||||COSV99370425||1||deletion|HGNC|HGNC:29134||2|||ENSP00000428641||E5RH95.51|UPI0001E8F5CD|||||||||||||||||||||||1|1|||||||,-|upstream_gene_variant|MODIFIER|DENND3|ENSG00000105339|Transcript|ENST00000518249|protein_coding||||||||||COSV99370425|4497|1|cds_start_NF|deletion|HGNC|HGNC:29134||5|||ENSP00000428155||H0YAW2.48|UPI0001E8F5D1|||||||||||||||||||||||1|1|||||||,-|frameshift_variant|HIGH|DENND3|ENSG00000105339|Transcript|ENST00000518347|protein_coding|2/4||ENST00000518347.5:c.303del|ENSP00000430695.1:p.Arg104GlufsTer44|396|300|100|P/X|ccG/cc|COSV99370425||1||deletion|HGNC|HGNC:29134||2|||ENSP00000430695||E5RIR7.62|UPI000022D5A5||NM_001352891.3|||PROSITE_profiles:PS50211&PANTHER:PTHR12296&PANTHER:PTHR12296:SF21&MobiDB_lite:mobidb-lite|3|||||||||||||||||1|1|||||||,-|frameshift_variant|HIGH|DENND3|ENSG00000105339|Transcript|ENST00000518668|protein_coding|2/22||ENST00000518668.5:c.232del|ENSP00000428276.1:p.Arg81GlufsTer44|229|231|77|P/X|ccG/cc|COSV99370425||1|cds_start_NF|deletion|HGNC|HGNC:29134||5|||ENSP00000428276||H0YAY3.70||||||PROSITE_profiles:PS50211&PANTHER:PTHR12296:SF21&PANTHER:PTHR12296&MobiDB_lite:mobidb-lite|3|||||||||||||||||1|1|||||||,-|frameshift_variant|HIGH|DENND3|ENSG00000105339|Transcript|ENST00000519291|protein_coding|2/4||ENST00000519291.5:c.102del|ENSP00000430625.1:p.Arg37GlufsTer44|285|99|33|P/X|ccG/cc|COSV99370425||1|cds_end_NF|deletion|HGNC|HGNC:29134||4|||ENSP00000430625||E5RJ42.66|UPI0003F47C57|||||PROSITE_profiles:PS50211&PANTHER:PTHR12296:SF21&PANTHER:PTHR12296&MobiDB_lite:mobidb-lite|3|||||||||||||||||1|1|||||||,-|frameshift_variant|HIGH|DENND3|ENSG00000105339|Transcript|ENST00000519811|protein_coding|2/23||ENST00000519811.6:c.303del|ENSP00000428714.1:p.Arg104GlufsTer44|419|300|100|P/X|ccG/cc|COSV99370425||1||deletion|HGNC|HGNC:29134|YES|5|P2|CCDS87629.1|ENSP00000428714||E9PF32.86|UPI0000160CFA||NM_001362798.2&NM_001352890.3|||PROSITE_profiles:PS50211&PANTHER:PTHR12296:SF21&PANTHER:PTHR12296&MobiDB_lite:mobidb-lite|3|||||||||||||||||1|1|||||||,-|frameshift_variant|HIGH|DENND3|ENSG00000105339|Transcript|ENST00000520986|protein_coding|2/5||ENST00000520986.5:c.303del|ENSP00000429780.1:p.Arg104GlufsTer44|359|300|100|P/X|ccG/cc|COSV99370425||1|cds_end_NF|deletion|HGNC|HGNC:29134||2|||ENSP00000429780||E5RHH2.62|UPI0001E8F5CE|||||PROSITE_profiles:PS50211&PANTHER:PTHR12296:SF21&PANTHER:PTHR12296&SMART:SM00799&MobiDB_lite:mobidb-lite|3|||||||||||||||||1|1|||||||,-|frameshift_variant|HIGH|DENND3|ENSG00000105339|Transcript|ENST00000523058|protein_coding|2/7||ENST00000523058.5:c.303del|ENSP00000430786.1:p.Arg104GlufsTer44|333|300|100|P/X|ccG/cc|COSV99370425||1|cds_end_NF|deletion|HGNC|HGNC:29134||3|||ENSP00000430786||E5RI43.57|UPI0001E8F5CF|||||PROSITE_profiles:PS50211&PANTHER:PTHR12296:SF21&PANTHER:PTHR12296&MobiDB_lite:mobidb-lite|3|||||||||||||||||1|1|||||||	GT:AD:DP	0/1:4,2:.	G/-	8:141136706	-	ENSG00000105339	ENST00000519811	Transcript	frameshift_variant	HIGH	419	300	100	P/X	ccG/cc	COSV99370425		P2							DENND3		COSV52804828						deletion	c.303del	p.Arg104GlufsTer44					Mutation previous last protein domain	1182 / 49097025	1 / 49097025	0.4375	TSG
8	141136706		G	-	.	.	CSQ=-|frameshift_variant|HIGH|DENND3|ENSG00000105339|Transcript|ENST00000262585|protein_coding|2/23||ENST00000262585.6:c.63del|ENSP00000262585.2:p.Arg24GlufsTer44|338|60|20|P/X|ccG/cc|COSV99370425||1||deletion|HGNC|HGNC:29134||5|A2|CCDS34947.1|ENSP00000262585|A2RUS2.128||UPI00003CEFBA|A2RUS2-1|NM_014957.5|||PROSITE_profiles:PS50211&PANTHER:PTHR12296&PANTHER:PTHR12296:SF21&MobiDB_lite:mobidb-lite&AFDB-ENSP_mappings:AF-A2RUS2-F1.A|3|||||||||||||||||1|1|||||||,-|frameshift_variant|HIGH|DENND3|ENSG00000105339|Transcript|ENST00000424248|protein_coding|1/21||ENST00000424248.2:c.63del|ENSP00000410594.1:p.Arg24GlufsTer44|81|60|20|P/X|ccG/cc|COSV99370425||1||deletion|HGNC|HGNC:29134||1|||ENSP00000410594|A2RUS2.128||UPI0000F095D1|A2RUS2-2||||PROSITE_profiles:PS50211&PANTHER:PTHR12296&PANTHER:PTHR12296:SF21&MobiDB_lite:mobidb-lite|3|||||||||||||||||1|1|||||||,-|3_prime_UTR_variant&NMD_transcript_variant|MODIFIER|DENND3|ENSG00000105339|Transcript|ENST00000518198|nonsense_mediated_decay|2/4||ENST00000518198.1:c.*50del||338|||||COSV99370425||1||deletion|HGNC|HGNC:29134||2|||ENSP00000428641||E5RH95.51|UPI0001E8F5CD|||||||||||||||||||||||1|1|||||||,-|upstream_gene_variant|MODIFIER|DENND3|ENSG00000105339|Transcript|ENST00000518249|protein_coding||||||||||COSV99370425|4497|1|cds_start_NF|deletion|HGNC|HGNC:29134||5|||ENSP00000428155||H0YAW2.48|UPI0001E8F5D1|||||||||||||||||||||||1|1|||||||,-|frameshift_variant|HIGH|DENND3|ENSG00000105339|Transcript|ENST00000518347|protein_coding|2/4||ENST00000518347.5:c.303del|ENSP00000430695.1:p.Arg104GlufsTer44|396|300|100|P/X|ccG/cc|COSV99370425||1||deletion|HGNC|HGNC:29134||2|||ENSP00000430695||E5RIR7.62|UPI000022D5A5||NM_001352891.3|||PROSITE_profiles:PS50211&PANTHER:PTHR12296&PANTHER:PTHR12296:SF21&MobiDB_lite:mobidb-lite|3|||||||||||||||||1|1|||||||,-|frameshift_variant|HIGH|DENND3|ENSG00000105339|Transcript|ENST00000518668|protein_coding|2/22||ENST00000518668.5:c.232del|ENSP00000428276.1:p.Arg81GlufsTer44|229|231|77|P/X|ccG/cc|COSV99370425||1|cds_start_NF|deletion|HGNC|HGNC:29134||5|||ENSP00000428276||H0YAY3.70||||||PROSITE_profiles:PS50211&PANTHER:PTHR12296:SF21&PANTHER:PTHR12296&MobiDB_lite:mobidb-lite|3|||||||||||||||||1|1|||||||,-|frameshift_variant|HIGH|DENND3|ENSG00000105339|Transcript|ENST00000519291|protein_coding|2/4||ENST00000519291.5:c.102del|ENSP00000430625.1:p.Arg37GlufsTer44|285|99|33|P/X|ccG/cc|COSV99370425||1|cds_end_NF|deletion|HGNC|HGNC:29134||4|||ENSP00000430625||E5RJ42.66|UPI0003F47C57|||||PROSITE_profiles:PS50211&PANTHER:PTHR12296:SF21&PANTHER:PTHR12296&MobiDB_lite:mobidb-lite|3|||||||||||||||||1|1|||||||,-|frameshift_variant|HIGH|DENND3|ENSG00000105339|Transcript|ENST00000519811|protein_coding|2/23||ENST00000519811.6:c.303del|ENSP00000428714.1:p.Arg104GlufsTer44|419|300|100|P/X|ccG/cc|COSV99370425||1||deletion|HGNC|HGNC:29134|YES|5|P2|CCDS87629.1|ENSP00000428714||E9PF32.86|UPI0000160CFA||NM_001362798.2&NM_001352890.3|||PROSITE_profiles:PS50211&PANTHER:PTHR12296:SF21&PANTHER:PTHR12296&MobiDB_lite:mobidb-lite|3|||||||||||||||||1|1|||||||,-|frameshift_variant|HIGH|DENND3|ENSG00000105339|Transcript|ENST00000520986|protein_coding|2/5||ENST00000520986.5:c.303del|ENSP00000429780.1:p.Arg104GlufsTer44|359|300|100|P/X|ccG/cc|COSV99370425||1|cds_end_NF|deletion|HGNC|HGNC:29134||2|||ENSP00000429780||E5RHH2.62|UPI0001E8F5CE|||||PROSITE_profiles:PS50211&PANTHER:PTHR12296:SF21&PANTHER:PTHR12296&SMART:SM00799&MobiDB_lite:mobidb-lite|3|||||||||||||||||1|1|||||||,-|frameshift_variant|HIGH|DENND3|ENSG00000105339|Transcript|ENST00000523058|protein_coding|2/7||ENST00000523058.5:c.303del|ENSP00000430786.1:p.Arg104GlufsTer44|333|300|100|P/X|ccG/cc|COSV99370425||1|cds_end_NF|deletion|HGNC|HGNC:29134||3|||ENSP00000430786||E5RI43.57|UPI0001E8F5CF|||||PROSITE_profiles:PS50211&PANTHER:PTHR12296:SF21&PANTHER:PTHR12296&MobiDB_lite:mobidb-lite|3|||||||||||||||||1|1|||||||	GT:AD:DP	0/1:4,2:.	G/-	8:141136706	-	ENSG00000105339	ENST00000520986	Transcript	frameshift_variant	HIGH	359	300	100	P/X	ccG/cc	COSV99370425									DENND3								deletion	c.303del	p.Arg104GlufsTer44					Mutation previous last protein domain	1182 / 49097025	0	0.3750	TSG
8	141136706		G	-	.	.	CSQ=-|frameshift_variant|HIGH|DENND3|ENSG00000105339|Transcript|ENST00000262585|protein_coding|2/23||ENST00000262585.6:c.63del|ENSP00000262585.2:p.Arg24GlufsTer44|338|60|20|P/X|ccG/cc|COSV99370425||1||deletion|HGNC|HGNC:29134||5|A2|CCDS34947.1|ENSP00000262585|A2RUS2.128||UPI00003CEFBA|A2RUS2-1|NM_014957.5|||PROSITE_profiles:PS50211&PANTHER:PTHR12296&PANTHER:PTHR12296:SF21&MobiDB_lite:mobidb-lite&AFDB-ENSP_mappings:AF-A2RUS2-F1.A|3|||||||||||||||||1|1|||||||,-|frameshift_variant|HIGH|DENND3|ENSG00000105339|Transcript|ENST00000424248|protein_coding|1/21||ENST00000424248.2:c.63del|ENSP00000410594.1:p.Arg24GlufsTer44|81|60|20|P/X|ccG/cc|COSV99370425||1||deletion|HGNC|HGNC:29134||1|||ENSP00000410594|A2RUS2.128||UPI0000F095D1|A2RUS2-2||||PROSITE_profiles:PS50211&PANTHER:PTHR12296&PANTHER:PTHR12296:SF21&MobiDB_lite:mobidb-lite|3|||||||||||||||||1|1|||||||,-|3_prime_UTR_variant&NMD_transcript_variant|MODIFIER|DENND3|ENSG00000105339|Transcript|ENST00000518198|nonsense_mediated_decay|2/4||ENST00000518198.1:c.*50del||338|||||COSV99370425||1||deletion|HGNC|HGNC:29134||2|||ENSP00000428641||E5RH95.51|UPI0001E8F5CD|||||||||||||||||||||||1|1|||||||,-|upstream_gene_variant|MODIFIER|DENND3|ENSG00000105339|Transcript|ENST00000518249|protein_coding||||||||||COSV99370425|4497|1|cds_start_NF|deletion|HGNC|HGNC:29134||5|||ENSP00000428155||H0YAW2.48|UPI0001E8F5D1|||||||||||||||||||||||1|1|||||||,-|frameshift_variant|HIGH|DENND3|ENSG00000105339|Transcript|ENST00000518347|protein_coding|2/4||ENST00000518347.5:c.303del|ENSP00000430695.1:p.Arg104GlufsTer44|396|300|100|P/X|ccG/cc|COSV99370425||1||deletion|HGNC|HGNC:29134||2|||ENSP00000430695||E5RIR7.62|UPI000022D5A5||NM_001352891.3|||PROSITE_profiles:PS50211&PANTHER:PTHR12296&PANTHER:PTHR12296:SF21&MobiDB_lite:mobidb-lite|3|||||||||||||||||1|1|||||||,-|frameshift_variant|HIGH|DENND3|ENSG00000105339|Transcript|ENST00000518668|protein_coding|2/22||ENST00000518668.5:c.232del|ENSP00000428276.1:p.Arg81GlufsTer44|229|231|77|P/X|ccG/cc|COSV99370425||1|cds_start_NF|deletion|HGNC|HGNC:29134||5|||ENSP00000428276||H0YAY3.70||||||PROSITE_profiles:PS50211&PANTHER:PTHR12296:SF21&PANTHER:PTHR12296&MobiDB_lite:mobidb-lite|3|||||||||||||||||1|1|||||||,-|frameshift_variant|HIGH|DENND3|ENSG00000105339|Transcript|ENST00000519291|protein_coding|2/4||ENST00000519291.5:c.102del|ENSP00000430625.1:p.Arg37GlufsTer44|285|99|33|P/X|ccG/cc|COSV99370425||1|cds_end_NF|deletion|HGNC|HGNC:29134||4|||ENSP00000430625||E5RJ42.66|UPI0003F47C57|||||PROSITE_profiles:PS50211&PANTHER:PTHR12296:SF21&PANTHER:PTHR12296&MobiDB_lite:mobidb-lite|3|||||||||||||||||1|1|||||||,-|frameshift_variant|HIGH|DENND3|ENSG00000105339|Transcript|ENST00000519811|protein_coding|2/23||ENST00000519811.6:c.303del|ENSP00000428714.1:p.Arg104GlufsTer44|419|300|100|P/X|ccG/cc|COSV99370425||1||deletion|HGNC|HGNC:29134|YES|5|P2|CCDS87629.1|ENSP00000428714||E9PF32.86|UPI0000160CFA||NM_001362798.2&NM_001352890.3|||PROSITE_profiles:PS50211&PANTHER:PTHR12296:SF21&PANTHER:PTHR12296&MobiDB_lite:mobidb-lite|3|||||||||||||||||1|1|||||||,-|frameshift_variant|HIGH|DENND3|ENSG00000105339|Transcript|ENST00000520986|protein_coding|2/5||ENST00000520986.5:c.303del|ENSP00000429780.1:p.Arg104GlufsTer44|359|300|100|P/X|ccG/cc|COSV99370425||1|cds_end_NF|deletion|HGNC|HGNC:29134||2|||ENSP00000429780||E5RHH2.62|UPI0001E8F5CE|||||PROSITE_profiles:PS50211&PANTHER:PTHR12296:SF21&PANTHER:PTHR12296&SMART:SM00799&MobiDB_lite:mobidb-lite|3|||||||||||||||||1|1|||||||,-|frameshift_variant|HIGH|DENND3|ENSG00000105339|Transcript|ENST00000523058|protein_coding|2/7||ENST00000523058.5:c.303del|ENSP00000430786.1:p.Arg104GlufsTer44|333|300|100|P/X|ccG/cc|COSV99370425||1|cds_end_NF|deletion|HGNC|HGNC:29134||3|||ENSP00000430786||E5RI43.57|UPI0001E8F5CF|||||PROSITE_profiles:PS50211&PANTHER:PTHR12296:SF21&PANTHER:PTHR12296&MobiDB_lite:mobidb-lite|3|||||||||||||||||1|1|||||||	GT:AD:DP	0/1:4,2:.	G/-	8:141136706	-	ENSG00000105339	ENST00000523058	Transcript	frameshift_variant	HIGH	333	300	100	P/X	ccG/cc	COSV99370425									DENND3								deletion	c.303del	p.Arg104GlufsTer44					Mutation previous last protein domain	1182 / 49097025	0	0.3750	TSG
15	99352391		A	G	.	.	CSQ=G|synonymous_variant|LOW|LRRC28|ENSG00000168904|Transcript|ENST00000301981|protein_coding|7/10||ENST00000301981.8:c.615A>G|ENSP00000304923.3:p.Leu205%3D|736|615|205|L|ctA/ctG|rs781137940&COSV100113796||1||SNV|HGNC|HGNC:28355|YES|1|P1|CCDS10380.1|ENSP00000304923|Q86X40.141||UPI000000DBCB|Q86X40-1|NM_001321675.2&NM_001321680.2&NM_001321676.2&NM_144598.5&NM_001321677.2&NM_001321679.2|||PANTHER:PTHR48051:SF12&PANTHER:PTHR48051&Gene3D:3.80.10.10&SMART:SM00364&Superfamily:SSF52058&AFDB-ENSP_mappings:AF-Q86X40-F1.A||||||||1.194e-05|0|0|0|0|4.641e-05|1.759e-05|0|0||0&1|0&1||||||8.584|0.646625,G|intron_variant|MODIFIER|LRRC28|ENSG00000168904|Transcript|ENST00000331450|protein_coding||3/3|ENST00000331450.9:c.210-33639A>G|||||||rs781137940&COSV100113796||1||SNV|HGNC|HGNC:28355||1|||ENSP00000332035||Q8WUS2.119|UPI000006DEC5|||||||||||||1.194e-05|0|0|0|0|4.641e-05|1.759e-05|0|0||0&1|0&1||||||8.584|0.646625,G|synonymous_variant|LOW|LRRC28|ENSG00000168904|Transcript|ENST00000447360|protein_coding|7/9||ENST00000447360.6:c.615A>G|ENSP00000404520.2:p.Leu205%3D|712|615|205|L|ctA/ctG|rs781137940&COSV100113796||1||SNV|HGNC|HGNC:28355||1||CCDS66873.1|ENSP00000404520|Q86X40.141|A0A024RC88.55|UPI00001D68F4|Q86X40-2|NM_001284400.3&NM_001321678.2|||PANTHER:PTHR48051:SF12&PANTHER:PTHR48051&Gene3D:3.80.10.10&SMART:SM00364&Superfamily:SSF52058||||||||1.194e-05|0|0|0|0|4.641e-05|1.759e-05|0|0||0&1|0&1||||||8.584|0.646625,G|synonymous_variant|LOW|LRRC28|ENSG00000168904|Transcript|ENST00000558172|protein_coding|4/5||ENST00000558172.5:c.303A>G|ENSP00000453504.1:p.Leu101%3D|390|303|101|L|ctA/ctG|rs781137940&COSV100113796||1|cds_end_NF|SNV|HGNC|HGNC:28355||5|||ENSP00000453504||H0YM85.57|UPI00022F85D1|||||PANTHER:PTHR45752:SF5&PANTHER:PTHR45752&Gene3D:3.80.10.10&Superfamily:SSF52058||||||||1.194e-05|0|0|0|0|4.641e-05|1.759e-05|0|0||0&1|0&1||||||8.584|0.646625,G|non_coding_transcript_exon_variant|MODIFIER|LRRC28|ENSG00000168904|Transcript|ENST00000558248|retained_intron|3/3||ENST00000558248.5:n.363A>G||363|||||rs781137940&COSV100113796||1||SNV|HGNC|HGNC:28355||3|||||||||||||||||||1.194e-05|0|0|0|0|4.641e-05|1.759e-05|0|0||0&1|0&1||||||8.584|0.646625,G|3_prime_UTR_variant&NMD_transcript_variant|MODIFIER|LRRC28|ENSG00000168904|Transcript|ENST00000558471|nonsense_mediated_decay|4/5||ENST00000558471.5:c.*215A>G||537|||||rs781137940&COSV100113796||1||SNV|HGNC|HGNC:28355||3|||ENSP00000452927||H0YKS9.52|UPI00022F85CF|||||||||||||1.194e-05|0|0|0|0|4.641e-05|1.759e-05|0|0||0&1|0&1||||||8.584|0.646625,G|non_coding_transcript_exon_variant|MODIFIER|LRRC28|ENSG00000168904|Transcript|ENST00000558771|protein_coding_CDS_not_defined|5/5||ENST00000558771.1:n.520A>G||520|||||rs781137940&COSV100113796||1||SNV|HGNC|HGNC:28355||4|||||||||||||||||||1.194e-05|0|0|0|0|4.641e-05|1.759e-05|0|0||0&1|0&1||||||8.584|0.646625,G|intron_variant|MODIFIER|LRRC28|ENSG00000168904|Transcript|ENST00000558879|protein_coding||2/2|ENST00000558879.5:c.169-33639A>G|||||||rs781137940&COSV100113796||1||SNV|HGNC|HGNC:28355||4|||ENSP00000453313||H0YLR7.57|UPI00022F85CE|||||||||||||1.194e-05|0|0|0|0|4.641e-05|1.759e-05|0|0||0&1|0&1||||||8.584|0.646625,G|non_coding_transcript_exon_variant|MODIFIER|LRRC28|ENSG00000168904|Transcript|ENST00000558890|retained_intron|4/6||ENST00000558890.5:n.434A>G||434|||||rs781137940&COSV100113796||1||SNV|HGNC|HGNC:28355||3|||||||||||||||||||1.194e-05|0|0|0|0|4.641e-05|1.759e-05|0|0||0&1|0&1||||||8.584|0.646625,G|non_coding_transcript_exon_variant|MODIFIER|LRRC28|ENSG00000168904|Transcript|ENST00000558911|protein_coding_CDS_not_defined|2/3||ENST00000558911.1:n.70A>G||70|||||rs781137940&COSV100113796||1||SNV|HGNC|HGNC:28355||3|||||||||||||||||||1.194e-05|0|0|0|0|4.641e-05|1.759e-05|0|0||0&1|0&1||||||8.584|0.646625,G|3_prime_UTR_variant&NMD_transcript_variant|MODIFIER|LRRC28|ENSG00000168904|Transcript|ENST00000559433|nonsense_mediated_decay|6/8||ENST00000559433.5:c.*388A>G||716|||||rs781137940&COSV100113796||1||SNV|HGNC|HGNC:28355||5|||ENSP00000453469||H0YM55.54|UPI0000372247|||||||||||||1.194e-05|0|0|0|0|4.641e-05|1.759e-05|0|0||0&1|0&1||||||8.584|0.646625,G|non_coding_transcript_exon_variant|MODIFIER|LRRC28|ENSG00000168904|Transcript|ENST00000559774|protein_coding_CDS_not_defined|2/3||ENST00000559774.6:n.230A>G||230|||||rs781137940&COSV100113796||1||SNV|HGNC|HGNC:28355||2|||||||||||||||||||1.194e-05|0|0|0|0|4.641e-05|1.759e-05|0|0||0&1|0&1||||||8.584|0.646625,G|non_coding_transcript_exon_variant|MODIFIER|LRRC28|ENSG00000168904|Transcript|ENST00000559819|retained_intron|2/6||ENST00000559819.5:n.538A>G||538|||||rs781137940&COSV100113796||1||SNV|HGNC|HGNC:28355||2|||||||||||||||||||1.194e-05|0|0|0|0|4.641e-05|1.759e-05|0|0||0&1|0&1||||||8.584|0.646625,G|synonymous_variant|LOW|LRRC28|ENSG00000168904|Transcript|ENST00000561276|protein_coding|7/10||ENST00000561276.5:c.480A>G|ENSP00000452863.1:p.Leu160%3D|545|480|160|L|ctA/ctG|rs781137940&COSV100113796||1|cds_end_NF|SNV|HGNC|HGNC:28355||5|||ENSP00000452863||H0YKM4.67|UPI0003F47ACB|||||PANTHER:PTHR45752:SF5&PANTHER:PTHR45752&Gene3D:3.80.10.10&Superfamily:SSF52047||||||||1.194e-05|0|0|0|0|4.641e-05|1.759e-05|0|0||0&1|0&1||||||8.584|0.646625	GT:AD:DP	0/1:69,11:.	A/G	15:99352391	G	ENSG00000168904	ENST00000301981	Transcript	synonymous_variant	LOW	736	615	205	L	ctA/ctG	rs781137940,COSV100113796		P1					8.584	0.646625	LRRC28		COSV100113796:NEUTRAL						SNV	c.615A>G	p.Leu205%3D		0.001194	0.001759			802 / 49097025	1 / 49097025	0.1875	UNCLASSIFIED
15	99352391		A	G	.	.	CSQ=G|synonymous_variant|LOW|LRRC28|ENSG00000168904|Transcript|ENST00000301981|protein_coding|7/10||ENST00000301981.8:c.615A>G|ENSP00000304923.3:p.Leu205%3D|736|615|205|L|ctA/ctG|rs781137940&COSV100113796||1||SNV|HGNC|HGNC:28355|YES|1|P1|CCDS10380.1|ENSP00000304923|Q86X40.141||UPI000000DBCB|Q86X40-1|NM_001321675.2&NM_001321680.2&NM_001321676.2&NM_144598.5&NM_001321677.2&NM_001321679.2|||PANTHER:PTHR48051:SF12&PANTHER:PTHR48051&Gene3D:3.80.10.10&SMART:SM00364&Superfamily:SSF52058&AFDB-ENSP_mappings:AF-Q86X40-F1.A||||||||1.194e-05|0|0|0|0|4.641e-05|1.759e-05|0|0||0&1|0&1||||||8.584|0.646625,G|intron_variant|MODIFIER|LRRC28|ENSG00000168904|Transcript|ENST00000331450|protein_coding||3/3|ENST00000331450.9:c.210-33639A>G|||||||rs781137940&COSV100113796||1||SNV|HGNC|HGNC:28355||1|||ENSP00000332035||Q8WUS2.119|UPI000006DEC5|||||||||||||1.194e-05|0|0|0|0|4.641e-05|1.759e-05|0|0||0&1|0&1||||||8.584|0.646625,G|synonymous_variant|LOW|LRRC28|ENSG00000168904|Transcript|ENST00000447360|protein_coding|7/9||ENST00000447360.6:c.615A>G|ENSP00000404520.2:p.Leu205%3D|712|615|205|L|ctA/ctG|rs781137940&COSV100113796||1||SNV|HGNC|HGNC:28355||1||CCDS66873.1|ENSP00000404520|Q86X40.141|A0A024RC88.55|UPI00001D68F4|Q86X40-2|NM_001284400.3&NM_001321678.2|||PANTHER:PTHR48051:SF12&PANTHER:PTHR48051&Gene3D:3.80.10.10&SMART:SM00364&Superfamily:SSF52058||||||||1.194e-05|0|0|0|0|4.641e-05|1.759e-05|0|0||0&1|0&1||||||8.584|0.646625,G|synonymous_variant|LOW|LRRC28|ENSG00000168904|Transcript|ENST00000558172|protein_coding|4/5||ENST00000558172.5:c.303A>G|ENSP00000453504.1:p.Leu101%3D|390|303|101|L|ctA/ctG|rs781137940&COSV100113796||1|cds_end_NF|SNV|HGNC|HGNC:28355||5|||ENSP00000453504||H0YM85.57|UPI00022F85D1|||||PANTHER:PTHR45752:SF5&PANTHER:PTHR45752&Gene3D:3.80.10.10&Superfamily:SSF52058||||||||1.194e-05|0|0|0|0|4.641e-05|1.759e-05|0|0||0&1|0&1||||||8.584|0.646625,G|non_coding_transcript_exon_variant|MODIFIER|LRRC28|ENSG00000168904|Transcript|ENST00000558248|retained_intron|3/3||ENST00000558248.5:n.363A>G||363|||||rs781137940&COSV100113796||1||SNV|HGNC|HGNC:28355||3|||||||||||||||||||1.194e-05|0|0|0|0|4.641e-05|1.759e-05|0|0||0&1|0&1||||||8.584|0.646625,G|3_prime_UTR_variant&NMD_transcript_variant|MODIFIER|LRRC28|ENSG00000168904|Transcript|ENST00000558471|nonsense_mediated_decay|4/5||ENST00000558471.5:c.*215A>G||537|||||rs781137940&COSV100113796||1||SNV|HGNC|HGNC:28355||3|||ENSP00000452927||H0YKS9.52|UPI00022F85CF|||||||||||||1.194e-05|0|0|0|0|4.641e-05|1.759e-05|0|0||0&1|0&1||||||8.584|0.646625,G|non_coding_transcript_exon_variant|MODIFIER|LRRC28|ENSG00000168904|Transcript|ENST00000558771|protein_coding_CDS_not_defined|5/5||ENST00000558771.1:n.520A>G||520|||||rs781137940&COSV100113796||1||SNV|HGNC|HGNC:28355||4|||||||||||||||||||1.194e-05|0|0|0|0|4.641e-05|1.759e-05|0|0||0&1|0&1||||||8.584|0.646625,G|intron_variant|MODIFIER|LRRC28|ENSG00000168904|Transcript|ENST00000558879|protein_coding||2/2|ENST00000558879.5:c.169-33639A>G|||||||rs781137940&COSV100113796||1||SNV|HGNC|HGNC:28355||4|||ENSP00000453313||H0YLR7.57|UPI00022F85CE|||||||||||||1.194e-05|0|0|0|0|4.641e-05|1.759e-05|0|0||0&1|0&1||||||8.584|0.646625,G|non_coding_transcript_exon_variant|MODIFIER|LRRC28|ENSG00000168904|Transcript|ENST00000558890|retained_intron|4/6||ENST00000558890.5:n.434A>G||434|||||rs781137940&COSV100113796||1||SNV|HGNC|HGNC:28355||3|||||||||||||||||||1.194e-05|0|0|0|0|4.641e-05|1.759e-05|0|0||0&1|0&1||||||8.584|0.646625,G|non_coding_transcript_exon_variant|MODIFIER|LRRC28|ENSG00000168904|Transcript|ENST00000558911|protein_coding_CDS_not_defined|2/3||ENST00000558911.1:n.70A>G||70|||||rs781137940&COSV100113796||1||SNV|HGNC|HGNC:28355||3|||||||||||||||||||1.194e-05|0|0|0|0|4.641e-05|1.759e-05|0|0||0&1|0&1||||||8.584|0.646625,G|3_prime_UTR_variant&NMD_transcript_variant|MODIFIER|LRRC28|ENSG00000168904|Transcript|ENST00000559433|nonsense_mediated_decay|6/8||ENST00000559433.5:c.*388A>G||716|||||rs781137940&COSV100113796||1||SNV|HGNC|HGNC:28355||5|||ENSP00000453469||H0YM55.54|UPI0000372247|||||||||||||1.194e-05|0|0|0|0|4.641e-05|1.759e-05|0|0||0&1|0&1||||||8.584|0.646625,G|non_coding_transcript_exon_variant|MODIFIER|LRRC28|ENSG00000168904|Transcript|ENST00000559774|protein_coding_CDS_not_defined|2/3||ENST00000559774.6:n.230A>G||230|||||rs781137940&COSV100113796||1||SNV|HGNC|HGNC:28355||2|||||||||||||||||||1.194e-05|0|0|0|0|4.641e-05|1.759e-05|0|0||0&1|0&1||||||8.584|0.646625,G|non_coding_transcript_exon_variant|MODIFIER|LRRC28|ENSG00000168904|Transcript|ENST00000559819|retained_intron|2/6||ENST00000559819.5:n.538A>G||538|||||rs781137940&COSV100113796||1||SNV|HGNC|HGNC:28355||2|||||||||||||||||||1.194e-05|0|0|0|0|4.641e-05|1.759e-05|0|0||0&1|0&1||||||8.584|0.646625,G|synonymous_variant|LOW|LRRC28|ENSG00000168904|Transcript|ENST00000561276|protein_coding|7/10||ENST00000561276.5:c.480A>G|ENSP00000452863.1:p.Leu160%3D|545|480|160|L|ctA/ctG|rs781137940&COSV100113796||1|cds_end_NF|SNV|HGNC|HGNC:28355||5|||ENSP00000452863||H0YKM4.67|UPI0003F47ACB|||||PANTHER:PTHR45752:SF5&PANTHER:PTHR45752&Gene3D:3.80.10.10&Superfamily:SSF52047||||||||1.194e-05|0|0|0|0|4.641e-05|1.759e-05|0|0||0&1|0&1||||||8.584|0.646625	GT:AD:DP	0/1:69,11:.	A/G	15:99352391	G	ENSG00000168904	ENST00000331450	Transcript	intron_variant	MODIFIER						rs781137940,COSV100113796							8.584	0.646625	LRRC28		COSV100113796:NEUTRAL						SNV	c.210-33639A>G			0.001194	0.001759			802 / 49097025	1 / 49097025	0.1875	UNCLASSIFIED
15	99352391		A	G	.	.	CSQ=G|synonymous_variant|LOW|LRRC28|ENSG00000168904|Transcript|ENST00000301981|protein_coding|7/10||ENST00000301981.8:c.615A>G|ENSP00000304923.3:p.Leu205%3D|736|615|205|L|ctA/ctG|rs781137940&COSV100113796||1||SNV|HGNC|HGNC:28355|YES|1|P1|CCDS10380.1|ENSP00000304923|Q86X40.141||UPI000000DBCB|Q86X40-1|NM_001321675.2&NM_001321680.2&NM_001321676.2&NM_144598.5&NM_001321677.2&NM_001321679.2|||PANTHER:PTHR48051:SF12&PANTHER:PTHR48051&Gene3D:3.80.10.10&SMART:SM00364&Superfamily:SSF52058&AFDB-ENSP_mappings:AF-Q86X40-F1.A||||||||1.194e-05|0|0|0|0|4.641e-05|1.759e-05|0|0||0&1|0&1||||||8.584|0.646625,G|intron_variant|MODIFIER|LRRC28|ENSG00000168904|Transcript|ENST00000331450|protein_coding||3/3|ENST00000331450.9:c.210-33639A>G|||||||rs781137940&COSV100113796||1||SNV|HGNC|HGNC:28355||1|||ENSP00000332035||Q8WUS2.119|UPI000006DEC5|||||||||||||1.194e-05|0|0|0|0|4.641e-05|1.759e-05|0|0||0&1|0&1||||||8.584|0.646625,G|synonymous_variant|LOW|LRRC28|ENSG00000168904|Transcript|ENST00000447360|protein_coding|7/9||ENST00000447360.6:c.615A>G|ENSP00000404520.2:p.Leu205%3D|712|615|205|L|ctA/ctG|rs781137940&COSV100113796||1||SNV|HGNC|HGNC:28355||1||CCDS66873.1|ENSP00000404520|Q86X40.141|A0A024RC88.55|UPI00001D68F4|Q86X40-2|NM_001284400.3&NM_001321678.2|||PANTHER:PTHR48051:SF12&PANTHER:PTHR48051&Gene3D:3.80.10.10&SMART:SM00364&Superfamily:SSF52058||||||||1.194e-05|0|0|0|0|4.641e-05|1.759e-05|0|0||0&1|0&1||||||8.584|0.646625,G|synonymous_variant|LOW|LRRC28|ENSG00000168904|Transcript|ENST00000558172|protein_coding|4/5||ENST00000558172.5:c.303A>G|ENSP00000453504.1:p.Leu101%3D|390|303|101|L|ctA/ctG|rs781137940&COSV100113796||1|cds_end_NF|SNV|HGNC|HGNC:28355||5|||ENSP00000453504||H0YM85.57|UPI00022F85D1|||||PANTHER:PTHR45752:SF5&PANTHER:PTHR45752&Gene3D:3.80.10.10&Superfamily:SSF52058||||||||1.194e-05|0|0|0|0|4.641e-05|1.759e-05|0|0||0&1|0&1||||||8.584|0.646625,G|non_coding_transcript_exon_variant|MODIFIER|LRRC28|ENSG00000168904|Transcript|ENST00000558248|retained_intron|3/3||ENST00000558248.5:n.363A>G||363|||||rs781137940&COSV100113796||1||SNV|HGNC|HGNC:28355||3|||||||||||||||||||1.194e-05|0|0|0|0|4.641e-05|1.759e-05|0|0||0&1|0&1||||||8.584|0.646625,G|3_prime_UTR_variant&NMD_transcript_variant|MODIFIER|LRRC28|ENSG00000168904|Transcript|ENST00000558471|nonsense_mediated_decay|4/5||ENST00000558471.5:c.*215A>G||537|||||rs781137940&COSV100113796||1||SNV|HGNC|HGNC:28355||3|||ENSP00000452927||H0YKS9.52|UPI00022F85CF|||||||||||||1.194e-05|0|0|0|0|4.641e-05|1.759e-05|0|0||0&1|0&1||||||8.584|0.646625,G|non_coding_transcript_exon_variant|MODIFIER|LRRC28|ENSG00000168904|Transcript|ENST00000558771|protein_coding_CDS_not_defined|5/5||ENST00000558771.1:n.520A>G||520|||||rs781137940&COSV100113796||1||SNV|HGNC|HGNC:28355||4|||||||||||||||||||1.194e-05|0|0|0|0|4.641e-05|1.759e-05|0|0||0&1|0&1||||||8.584|0.646625,G|intron_variant|MODIFIER|LRRC28|ENSG00000168904|Transcript|ENST00000558879|protein_coding||2/2|ENST00000558879.5:c.169-33639A>G|||||||rs781137940&COSV100113796||1||SNV|HGNC|HGNC:28355||4|||ENSP00000453313||H0YLR7.57|UPI00022F85CE|||||||||||||1.194e-05|0|0|0|0|4.641e-05|1.759e-05|0|0||0&1|0&1||||||8.584|0.646625,G|non_coding_transcript_exon_variant|MODIFIER|LRRC28|ENSG00000168904|Transcript|ENST00000558890|retained_intron|4/6||ENST00000558890.5:n.434A>G||434|||||rs781137940&COSV100113796||1||SNV|HGNC|HGNC:28355||3|||||||||||||||||||1.194e-05|0|0|0|0|4.641e-05|1.759e-05|0|0||0&1|0&1||||||8.584|0.646625,G|non_coding_transcript_exon_variant|MODIFIER|LRRC28|ENSG00000168904|Transcript|ENST00000558911|protein_coding_CDS_not_defined|2/3||ENST00000558911.1:n.70A>G||70|||||rs781137940&COSV100113796||1||SNV|HGNC|HGNC:28355||3|||||||||||||||||||1.194e-05|0|0|0|0|4.641e-05|1.759e-05|0|0||0&1|0&1||||||8.584|0.646625,G|3_prime_UTR_variant&NMD_transcript_variant|MODIFIER|LRRC28|ENSG00000168904|Transcript|ENST00000559433|nonsense_mediated_decay|6/8||ENST00000559433.5:c.*388A>G||716|||||rs781137940&COSV100113796||1||SNV|HGNC|HGNC:28355||5|||ENSP00000453469||H0YM55.54|UPI0000372247|||||||||||||1.194e-05|0|0|0|0|4.641e-05|1.759e-05|0|0||0&1|0&1||||||8.584|0.646625,G|non_coding_transcript_exon_variant|MODIFIER|LRRC28|ENSG00000168904|Transcript|ENST00000559774|protein_coding_CDS_not_defined|2/3||ENST00000559774.6:n.230A>G||230|||||rs781137940&COSV100113796||1||SNV|HGNC|HGNC:28355||2|||||||||||||||||||1.194e-05|0|0|0|0|4.641e-05|1.759e-05|0|0||0&1|0&1||||||8.584|0.646625,G|non_coding_transcript_exon_variant|MODIFIER|LRRC28|ENSG00000168904|Transcript|ENST00000559819|retained_intron|2/6||ENST00000559819.5:n.538A>G||538|||||rs781137940&COSV100113796||1||SNV|HGNC|HGNC:28355||2|||||||||||||||||||1.194e-05|0|0|0|0|4.641e-05|1.759e-05|0|0||0&1|0&1||||||8.584|0.646625,G|synonymous_variant|LOW|LRRC28|ENSG00000168904|Transcript|ENST00000561276|protein_coding|7/10||ENST00000561276.5:c.480A>G|ENSP00000452863.1:p.Leu160%3D|545|480|160|L|ctA/ctG|rs781137940&COSV100113796||1|cds_end_NF|SNV|HGNC|HGNC:28355||5|||ENSP00000452863||H0YKM4.67|UPI0003F47ACB|||||PANTHER:PTHR45752:SF5&PANTHER:PTHR45752&Gene3D:3.80.10.10&Superfamily:SSF52047||||||||1.194e-05|0|0|0|0|4.641e-05|1.759e-05|0|0||0&1|0&1||||||8.584|0.646625	GT:AD:DP	0/1:69,11:.	A/G	15:99352391	G	ENSG00000168904	ENST00000447360	Transcript	synonymous_variant	LOW	712	615	205	L	ctA/ctG	rs781137940,COSV100113796							8.584	0.646625	LRRC28		COSV100113796:NEUTRAL						SNV	c.615A>G	p.Leu205%3D		0.001194	0.001759			802 / 49097025	1 / 49097025	0.1875	UNCLASSIFIED
15	99352391		A	G	.	.	CSQ=G|synonymous_variant|LOW|LRRC28|ENSG00000168904|Transcript|ENST00000301981|protein_coding|7/10||ENST00000301981.8:c.615A>G|ENSP00000304923.3:p.Leu205%3D|736|615|205|L|ctA/ctG|rs781137940&COSV100113796||1||SNV|HGNC|HGNC:28355|YES|1|P1|CCDS10380.1|ENSP00000304923|Q86X40.141||UPI000000DBCB|Q86X40-1|NM_001321675.2&NM_001321680.2&NM_001321676.2&NM_144598.5&NM_001321677.2&NM_001321679.2|||PANTHER:PTHR48051:SF12&PANTHER:PTHR48051&Gene3D:3.80.10.10&SMART:SM00364&Superfamily:SSF52058&AFDB-ENSP_mappings:AF-Q86X40-F1.A||||||||1.194e-05|0|0|0|0|4.641e-05|1.759e-05|0|0||0&1|0&1||||||8.584|0.646625,G|intron_variant|MODIFIER|LRRC28|ENSG00000168904|Transcript|ENST00000331450|protein_coding||3/3|ENST00000331450.9:c.210-33639A>G|||||||rs781137940&COSV100113796||1||SNV|HGNC|HGNC:28355||1|||ENSP00000332035||Q8WUS2.119|UPI000006DEC5|||||||||||||1.194e-05|0|0|0|0|4.641e-05|1.759e-05|0|0||0&1|0&1||||||8.584|0.646625,G|synonymous_variant|LOW|LRRC28|ENSG00000168904|Transcript|ENST00000447360|protein_coding|7/9||ENST00000447360.6:c.615A>G|ENSP00000404520.2:p.Leu205%3D|712|615|205|L|ctA/ctG|rs781137940&COSV100113796||1||SNV|HGNC|HGNC:28355||1||CCDS66873.1|ENSP00000404520|Q86X40.141|A0A024RC88.55|UPI00001D68F4|Q86X40-2|NM_001284400.3&NM_001321678.2|||PANTHER:PTHR48051:SF12&PANTHER:PTHR48051&Gene3D:3.80.10.10&SMART:SM00364&Superfamily:SSF52058||||||||1.194e-05|0|0|0|0|4.641e-05|1.759e-05|0|0||0&1|0&1||||||8.584|0.646625,G|synonymous_variant|LOW|LRRC28|ENSG00000168904|Transcript|ENST00000558172|protein_coding|4/5||ENST00000558172.5:c.303A>G|ENSP00000453504.1:p.Leu101%3D|390|303|101|L|ctA/ctG|rs781137940&COSV100113796||1|cds_end_NF|SNV|HGNC|HGNC:28355||5|||ENSP00000453504||H0YM85.57|UPI00022F85D1|||||PANTHER:PTHR45752:SF5&PANTHER:PTHR45752&Gene3D:3.80.10.10&Superfamily:SSF52058||||||||1.194e-05|0|0|0|0|4.641e-05|1.759e-05|0|0||0&1|0&1||||||8.584|0.646625,G|non_coding_transcript_exon_variant|MODIFIER|LRRC28|ENSG00000168904|Transcript|ENST00000558248|retained_intron|3/3||ENST00000558248.5:n.363A>G||363|||||rs781137940&COSV100113796||1||SNV|HGNC|HGNC:28355||3|||||||||||||||||||1.194e-05|0|0|0|0|4.641e-05|1.759e-05|0|0||0&1|0&1||||||8.584|0.646625,G|3_prime_UTR_variant&NMD_transcript_variant|MODIFIER|LRRC28|ENSG00000168904|Transcript|ENST00000558471|nonsense_mediated_decay|4/5||ENST00000558471.5:c.*215A>G||537|||||rs781137940&COSV100113796||1||SNV|HGNC|HGNC:28355||3|||ENSP00000452927||H0YKS9.52|UPI00022F85CF|||||||||||||1.194e-05|0|0|0|0|4.641e-05|1.759e-05|0|0||0&1|0&1||||||8.584|0.646625,G|non_coding_transcript_exon_variant|MODIFIER|LRRC28|ENSG00000168904|Transcript|ENST00000558771|protein_coding_CDS_not_defined|5/5||ENST00000558771.1:n.520A>G||520|||||rs781137940&COSV100113796||1||SNV|HGNC|HGNC:28355||4|||||||||||||||||||1.194e-05|0|0|0|0|4.641e-05|1.759e-05|0|0||0&1|0&1||||||8.584|0.646625,G|intron_variant|MODIFIER|LRRC28|ENSG00000168904|Transcript|ENST00000558879|protein_coding||2/2|ENST00000558879.5:c.169-33639A>G|||||||rs781137940&COSV100113796||1||SNV|HGNC|HGNC:28355||4|||ENSP00000453313||H0YLR7.57|UPI00022F85CE|||||||||||||1.194e-05|0|0|0|0|4.641e-05|1.759e-05|0|0||0&1|0&1||||||8.584|0.646625,G|non_coding_transcript_exon_variant|MODIFIER|LRRC28|ENSG00000168904|Transcript|ENST00000558890|retained_intron|4/6||ENST00000558890.5:n.434A>G||434|||||rs781137940&COSV100113796||1||SNV|HGNC|HGNC:28355||3|||||||||||||||||||1.194e-05|0|0|0|0|4.641e-05|1.759e-05|0|0||0&1|0&1||||||8.584|0.646625,G|non_coding_transcript_exon_variant|MODIFIER|LRRC28|ENSG00000168904|Transcript|ENST00000558911|protein_coding_CDS_not_defined|2/3||ENST00000558911.1:n.70A>G||70|||||rs781137940&COSV100113796||1||SNV|HGNC|HGNC:28355||3|||||||||||||||||||1.194e-05|0|0|0|0|4.641e-05|1.759e-05|0|0||0&1|0&1||||||8.584|0.646625,G|3_prime_UTR_variant&NMD_transcript_variant|MODIFIER|LRRC28|ENSG00000168904|Transcript|ENST00000559433|nonsense_mediated_decay|6/8||ENST00000559433.5:c.*388A>G||716|||||rs781137940&COSV100113796||1||SNV|HGNC|HGNC:28355||5|||ENSP00000453469||H0YM55.54|UPI0000372247|||||||||||||1.194e-05|0|0|0|0|4.641e-05|1.759e-05|0|0||0&1|0&1||||||8.584|0.646625,G|non_coding_transcript_exon_variant|MODIFIER|LRRC28|ENSG00000168904|Transcript|ENST00000559774|protein_coding_CDS_not_defined|2/3||ENST00000559774.6:n.230A>G||230|||||rs781137940&COSV100113796||1||SNV|HGNC|HGNC:28355||2|||||||||||||||||||1.194e-05|0|0|0|0|4.641e-05|1.759e-05|0|0||0&1|0&1||||||8.584|0.646625,G|non_coding_transcript_exon_variant|MODIFIER|LRRC28|ENSG00000168904|Transcript|ENST00000559819|retained_intron|2/6||ENST00000559819.5:n.538A>G||538|||||rs781137940&COSV100113796||1||SNV|HGNC|HGNC:28355||2|||||||||||||||||||1.194e-05|0|0|0|0|4.641e-05|1.759e-05|0|0||0&1|0&1||||||8.584|0.646625,G|synonymous_variant|LOW|LRRC28|ENSG00000168904|Transcript|ENST00000561276|protein_coding|7/10||ENST00000561276.5:c.480A>G|ENSP00000452863.1:p.Leu160%3D|545|480|160|L|ctA/ctG|rs781137940&COSV100113796||1|cds_end_NF|SNV|HGNC|HGNC:28355||5|||ENSP00000452863||H0YKM4.67|UPI0003F47ACB|||||PANTHER:PTHR45752:SF5&PANTHER:PTHR45752&Gene3D:3.80.10.10&Superfamily:SSF52047||||||||1.194e-05|0|0|0|0|4.641e-05|1.759e-05|0|0||0&1|0&1||||||8.584|0.646625	GT:AD:DP	0/1:69,11:.	A/G	15:99352391	G	ENSG00000168904	ENST00000558172	Transcript	synonymous_variant	LOW	390	303	101	L	ctA/ctG	rs781137940,COSV100113796							8.584	0.646625	LRRC28								SNV	c.303A>G	p.Leu101%3D		0.001194	0.001759			802 / 49097025	0	0.1250	UNCLASSIFIED
15	99352391		A	G	.	.	CSQ=G|synonymous_variant|LOW|LRRC28|ENSG00000168904|Transcript|ENST00000301981|protein_coding|7/10||ENST00000301981.8:c.615A>G|ENSP00000304923.3:p.Leu205%3D|736|615|205|L|ctA/ctG|rs781137940&COSV100113796||1||SNV|HGNC|HGNC:28355|YES|1|P1|CCDS10380.1|ENSP00000304923|Q86X40.141||UPI000000DBCB|Q86X40-1|NM_001321675.2&NM_001321680.2&NM_001321676.2&NM_144598.5&NM_001321677.2&NM_001321679.2|||PANTHER:PTHR48051:SF12&PANTHER:PTHR48051&Gene3D:3.80.10.10&SMART:SM00364&Superfamily:SSF52058&AFDB-ENSP_mappings:AF-Q86X40-F1.A||||||||1.194e-05|0|0|0|0|4.641e-05|1.759e-05|0|0||0&1|0&1||||||8.584|0.646625,G|intron_variant|MODIFIER|LRRC28|ENSG00000168904|Transcript|ENST00000331450|protein_coding||3/3|ENST00000331450.9:c.210-33639A>G|||||||rs781137940&COSV100113796||1||SNV|HGNC|HGNC:28355||1|||ENSP00000332035||Q8WUS2.119|UPI000006DEC5|||||||||||||1.194e-05|0|0|0|0|4.641e-05|1.759e-05|0|0||0&1|0&1||||||8.584|0.646625,G|synonymous_variant|LOW|LRRC28|ENSG00000168904|Transcript|ENST00000447360|protein_coding|7/9||ENST00000447360.6:c.615A>G|ENSP00000404520.2:p.Leu205%3D|712|615|205|L|ctA/ctG|rs781137940&COSV100113796||1||SNV|HGNC|HGNC:28355||1||CCDS66873.1|ENSP00000404520|Q86X40.141|A0A024RC88.55|UPI00001D68F4|Q86X40-2|NM_001284400.3&NM_001321678.2|||PANTHER:PTHR48051:SF12&PANTHER:PTHR48051&Gene3D:3.80.10.10&SMART:SM00364&Superfamily:SSF52058||||||||1.194e-05|0|0|0|0|4.641e-05|1.759e-05|0|0||0&1|0&1||||||8.584|0.646625,G|synonymous_variant|LOW|LRRC28|ENSG00000168904|Transcript|ENST00000558172|protein_coding|4/5||ENST00000558172.5:c.303A>G|ENSP00000453504.1:p.Leu101%3D|390|303|101|L|ctA/ctG|rs781137940&COSV100113796||1|cds_end_NF|SNV|HGNC|HGNC:28355||5|||ENSP00000453504||H0YM85.57|UPI00022F85D1|||||PANTHER:PTHR45752:SF5&PANTHER:PTHR45752&Gene3D:3.80.10.10&Superfamily:SSF52058||||||||1.194e-05|0|0|0|0|4.641e-05|1.759e-05|0|0||0&1|0&1||||||8.584|0.646625,G|non_coding_transcript_exon_variant|MODIFIER|LRRC28|ENSG00000168904|Transcript|ENST00000558248|retained_intron|3/3||ENST00000558248.5:n.363A>G||363|||||rs781137940&COSV100113796||1||SNV|HGNC|HGNC:28355||3|||||||||||||||||||1.194e-05|0|0|0|0|4.641e-05|1.759e-05|0|0||0&1|0&1||||||8.584|0.646625,G|3_prime_UTR_variant&NMD_transcript_variant|MODIFIER|LRRC28|ENSG00000168904|Transcript|ENST00000558471|nonsense_mediated_decay|4/5||ENST00000558471.5:c.*215A>G||537|||||rs781137940&COSV100113796||1||SNV|HGNC|HGNC:28355||3|||ENSP00000452927||H0YKS9.52|UPI00022F85CF|||||||||||||1.194e-05|0|0|0|0|4.641e-05|1.759e-05|0|0||0&1|0&1||||||8.584|0.646625,G|non_coding_transcript_exon_variant|MODIFIER|LRRC28|ENSG00000168904|Transcript|ENST00000558771|protein_coding_CDS_not_defined|5/5||ENST00000558771.1:n.520A>G||520|||||rs781137940&COSV100113796||1||SNV|HGNC|HGNC:28355||4|||||||||||||||||||1.194e-05|0|0|0|0|4.641e-05|1.759e-05|0|0||0&1|0&1||||||8.584|0.646625,G|intron_variant|MODIFIER|LRRC28|ENSG00000168904|Transcript|ENST00000558879|protein_coding||2/2|ENST00000558879.5:c.169-33639A>G|||||||rs781137940&COSV100113796||1||SNV|HGNC|HGNC:28355||4|||ENSP00000453313||H0YLR7.57|UPI00022F85CE|||||||||||||1.194e-05|0|0|0|0|4.641e-05|1.759e-05|0|0||0&1|0&1||||||8.584|0.646625,G|non_coding_transcript_exon_variant|MODIFIER|LRRC28|ENSG00000168904|Transcript|ENST00000558890|retained_intron|4/6||ENST00000558890.5:n.434A>G||434|||||rs781137940&COSV100113796||1||SNV|HGNC|HGNC:28355||3|||||||||||||||||||1.194e-05|0|0|0|0|4.641e-05|1.759e-05|0|0||0&1|0&1||||||8.584|0.646625,G|non_coding_transcript_exon_variant|MODIFIER|LRRC28|ENSG00000168904|Transcript|ENST00000558911|protein_coding_CDS_not_defined|2/3||ENST00000558911.1:n.70A>G||70|||||rs781137940&COSV100113796||1||SNV|HGNC|HGNC:28355||3|||||||||||||||||||1.194e-05|0|0|0|0|4.641e-05|1.759e-05|0|0||0&1|0&1||||||8.584|0.646625,G|3_prime_UTR_variant&NMD_transcript_variant|MODIFIER|LRRC28|ENSG00000168904|Transcript|ENST00000559433|nonsense_mediated_decay|6/8||ENST00000559433.5:c.*388A>G||716|||||rs781137940&COSV100113796||1||SNV|HGNC|HGNC:28355||5|||ENSP00000453469||H0YM55.54|UPI0000372247|||||||||||||1.194e-05|0|0|0|0|4.641e-05|1.759e-05|0|0||0&1|0&1||||||8.584|0.646625,G|non_coding_transcript_exon_variant|MODIFIER|LRRC28|ENSG00000168904|Transcript|ENST00000559774|protein_coding_CDS_not_defined|2/3||ENST00000559774.6:n.230A>G||230|||||rs781137940&COSV100113796||1||SNV|HGNC|HGNC:28355||2|||||||||||||||||||1.194e-05|0|0|0|0|4.641e-05|1.759e-05|0|0||0&1|0&1||||||8.584|0.646625,G|non_coding_transcript_exon_variant|MODIFIER|LRRC28|ENSG00000168904|Transcript|ENST00000559819|retained_intron|2/6||ENST00000559819.5:n.538A>G||538|||||rs781137940&COSV100113796||1||SNV|HGNC|HGNC:28355||2|||||||||||||||||||1.194e-05|0|0|0|0|4.641e-05|1.759e-05|0|0||0&1|0&1||||||8.584|0.646625,G|synonymous_variant|LOW|LRRC28|ENSG00000168904|Transcript|ENST00000561276|protein_coding|7/10||ENST00000561276.5:c.480A>G|ENSP00000452863.1:p.Leu160%3D|545|480|160|L|ctA/ctG|rs781137940&COSV100113796||1|cds_end_NF|SNV|HGNC|HGNC:28355||5|||ENSP00000452863||H0YKM4.67|UPI0003F47ACB|||||PANTHER:PTHR45752:SF5&PANTHER:PTHR45752&Gene3D:3.80.10.10&Superfamily:SSF52047||||||||1.194e-05|0|0|0|0|4.641e-05|1.759e-05|0|0||0&1|0&1||||||8.584|0.646625	GT:AD:DP	0/1:69,11:.	A/G	15:99352391	G	ENSG00000168904	ENST00000558248	Transcript	non_coding_transcript_exon_variant	MODIFIER	363					rs781137940,COSV100113796							8.584	0.646625	LRRC28								SNV	n.363A>G			0.001194	0.001759			802 / 49097025	0	0.1250	UNCLASSIFIED
15	99352391		A	G	.	.	CSQ=G|synonymous_variant|LOW|LRRC28|ENSG00000168904|Transcript|ENST00000301981|protein_coding|7/10||ENST00000301981.8:c.615A>G|ENSP00000304923.3:p.Leu205%3D|736|615|205|L|ctA/ctG|rs781137940&COSV100113796||1||SNV|HGNC|HGNC:28355|YES|1|P1|CCDS10380.1|ENSP00000304923|Q86X40.141||UPI000000DBCB|Q86X40-1|NM_001321675.2&NM_001321680.2&NM_001321676.2&NM_144598.5&NM_001321677.2&NM_001321679.2|||PANTHER:PTHR48051:SF12&PANTHER:PTHR48051&Gene3D:3.80.10.10&SMART:SM00364&Superfamily:SSF52058&AFDB-ENSP_mappings:AF-Q86X40-F1.A||||||||1.194e-05|0|0|0|0|4.641e-05|1.759e-05|0|0||0&1|0&1||||||8.584|0.646625,G|intron_variant|MODIFIER|LRRC28|ENSG00000168904|Transcript|ENST00000331450|protein_coding||3/3|ENST00000331450.9:c.210-33639A>G|||||||rs781137940&COSV100113796||1||SNV|HGNC|HGNC:28355||1|||ENSP00000332035||Q8WUS2.119|UPI000006DEC5|||||||||||||1.194e-05|0|0|0|0|4.641e-05|1.759e-05|0|0||0&1|0&1||||||8.584|0.646625,G|synonymous_variant|LOW|LRRC28|ENSG00000168904|Transcript|ENST00000447360|protein_coding|7/9||ENST00000447360.6:c.615A>G|ENSP00000404520.2:p.Leu205%3D|712|615|205|L|ctA/ctG|rs781137940&COSV100113796||1||SNV|HGNC|HGNC:28355||1||CCDS66873.1|ENSP00000404520|Q86X40.141|A0A024RC88.55|UPI00001D68F4|Q86X40-2|NM_001284400.3&NM_001321678.2|||PANTHER:PTHR48051:SF12&PANTHER:PTHR48051&Gene3D:3.80.10.10&SMART:SM00364&Superfamily:SSF52058||||||||1.194e-05|0|0|0|0|4.641e-05|1.759e-05|0|0||0&1|0&1||||||8.584|0.646625,G|synonymous_variant|LOW|LRRC28|ENSG00000168904|Transcript|ENST00000558172|protein_coding|4/5||ENST00000558172.5:c.303A>G|ENSP00000453504.1:p.Leu101%3D|390|303|101|L|ctA/ctG|rs781137940&COSV100113796||1|cds_end_NF|SNV|HGNC|HGNC:28355||5|||ENSP00000453504||H0YM85.57|UPI00022F85D1|||||PANTHER:PTHR45752:SF5&PANTHER:PTHR45752&Gene3D:3.80.10.10&Superfamily:SSF52058||||||||1.194e-05|0|0|0|0|4.641e-05|1.759e-05|0|0||0&1|0&1||||||8.584|0.646625,G|non_coding_transcript_exon_variant|MODIFIER|LRRC28|ENSG00000168904|Transcript|ENST00000558248|retained_intron|3/3||ENST00000558248.5:n.363A>G||363|||||rs781137940&COSV100113796||1||SNV|HGNC|HGNC:28355||3|||||||||||||||||||1.194e-05|0|0|0|0|4.641e-05|1.759e-05|0|0||0&1|0&1||||||8.584|0.646625,G|3_prime_UTR_variant&NMD_transcript_variant|MODIFIER|LRRC28|ENSG00000168904|Transcript|ENST00000558471|nonsense_mediated_decay|4/5||ENST00000558471.5:c.*215A>G||537|||||rs781137940&COSV100113796||1||SNV|HGNC|HGNC:28355||3|||ENSP00000452927||H0YKS9.52|UPI00022F85CF|||||||||||||1.194e-05|0|0|0|0|4.641e-05|1.759e-05|0|0||0&1|0&1||||||8.584|0.646625,G|non_coding_transcript_exon_variant|MODIFIER|LRRC28|ENSG00000168904|Transcript|ENST00000558771|protein_coding_CDS_not_defined|5/5||ENST00000558771.1:n.520A>G||520|||||rs781137940&COSV100113796||1||SNV|HGNC|HGNC:28355||4|||||||||||||||||||1.194e-05|0|0|0|0|4.641e-05|1.759e-05|0|0||0&1|0&1||||||8.584|0.646625,G|intron_variant|MODIFIER|LRRC28|ENSG00000168904|Transcript|ENST00000558879|protein_coding||2/2|ENST00000558879.5:c.169-33639A>G|||||||rs781137940&COSV100113796||1||SNV|HGNC|HGNC:28355||4|||ENSP00000453313||H0YLR7.57|UPI00022F85CE|||||||||||||1.194e-05|0|0|0|0|4.641e-05|1.759e-05|0|0||0&1|0&1||||||8.584|0.646625,G|non_coding_transcript_exon_variant|MODIFIER|LRRC28|ENSG00000168904|Transcript|ENST00000558890|retained_intron|4/6||ENST00000558890.5:n.434A>G||434|||||rs781137940&COSV100113796||1||SNV|HGNC|HGNC:28355||3|||||||||||||||||||1.194e-05|0|0|0|0|4.641e-05|1.759e-05|0|0||0&1|0&1||||||8.584|0.646625,G|non_coding_transcript_exon_variant|MODIFIER|LRRC28|ENSG00000168904|Transcript|ENST00000558911|protein_coding_CDS_not_defined|2/3||ENST00000558911.1:n.70A>G||70|||||rs781137940&COSV100113796||1||SNV|HGNC|HGNC:28355||3|||||||||||||||||||1.194e-05|0|0|0|0|4.641e-05|1.759e-05|0|0||0&1|0&1||||||8.584|0.646625,G|3_prime_UTR_variant&NMD_transcript_variant|MODIFIER|LRRC28|ENSG00000168904|Transcript|ENST00000559433|nonsense_mediated_decay|6/8||ENST00000559433.5:c.*388A>G||716|||||rs781137940&COSV100113796||1||SNV|HGNC|HGNC:28355||5|||ENSP00000453469||H0YM55.54|UPI0000372247|||||||||||||1.194e-05|0|0|0|0|4.641e-05|1.759e-05|0|0||0&1|0&1||||||8.584|0.646625,G|non_coding_transcript_exon_variant|MODIFIER|LRRC28|ENSG00000168904|Transcript|ENST00000559774|protein_coding_CDS_not_defined|2/3||ENST00000559774.6:n.230A>G||230|||||rs781137940&COSV100113796||1||SNV|HGNC|HGNC:28355||2|||||||||||||||||||1.194e-05|0|0|0|0|4.641e-05|1.759e-05|0|0||0&1|0&1||||||8.584|0.646625,G|non_coding_transcript_exon_variant|MODIFIER|LRRC28|ENSG00000168904|Transcript|ENST00000559819|retained_intron|2/6||ENST00000559819.5:n.538A>G||538|||||rs781137940&COSV100113796||1||SNV|HGNC|HGNC:28355||2|||||||||||||||||||1.194e-05|0|0|0|0|4.641e-05|1.759e-05|0|0||0&1|0&1||||||8.584|0.646625,G|synonymous_variant|LOW|LRRC28|ENSG00000168904|Transcript|ENST00000561276|protein_coding|7/10||ENST00000561276.5:c.480A>G|ENSP00000452863.1:p.Leu160%3D|545|480|160|L|ctA/ctG|rs781137940&COSV100113796||1|cds_end_NF|SNV|HGNC|HGNC:28355||5|||ENSP00000452863||H0YKM4.67|UPI0003F47ACB|||||PANTHER:PTHR45752:SF5&PANTHER:PTHR45752&Gene3D:3.80.10.10&Superfamily:SSF52047||||||||1.194e-05|0|0|0|0|4.641e-05|1.759e-05|0|0||0&1|0&1||||||8.584|0.646625	GT:AD:DP	0/1:69,11:.	A/G	15:99352391	G	ENSG00000168904	ENST00000558471	Transcript	3_prime_UTR_variant,NMD_transcript_variant	MODIFIER	537					rs781137940,COSV100113796							8.584	0.646625	LRRC28								SNV	c.*215A>G			0.001194	0.001759			802 / 49097025	0	0.1250	UNCLASSIFIED
15	99352391		A	G	.	.	CSQ=G|synonymous_variant|LOW|LRRC28|ENSG00000168904|Transcript|ENST00000301981|protein_coding|7/10||ENST00000301981.8:c.615A>G|ENSP00000304923.3:p.Leu205%3D|736|615|205|L|ctA/ctG|rs781137940&COSV100113796||1||SNV|HGNC|HGNC:28355|YES|1|P1|CCDS10380.1|ENSP00000304923|Q86X40.141||UPI000000DBCB|Q86X40-1|NM_001321675.2&NM_001321680.2&NM_001321676.2&NM_144598.5&NM_001321677.2&NM_001321679.2|||PANTHER:PTHR48051:SF12&PANTHER:PTHR48051&Gene3D:3.80.10.10&SMART:SM00364&Superfamily:SSF52058&AFDB-ENSP_mappings:AF-Q86X40-F1.A||||||||1.194e-05|0|0|0|0|4.641e-05|1.759e-05|0|0||0&1|0&1||||||8.584|0.646625,G|intron_variant|MODIFIER|LRRC28|ENSG00000168904|Transcript|ENST00000331450|protein_coding||3/3|ENST00000331450.9:c.210-33639A>G|||||||rs781137940&COSV100113796||1||SNV|HGNC|HGNC:28355||1|||ENSP00000332035||Q8WUS2.119|UPI000006DEC5|||||||||||||1.194e-05|0|0|0|0|4.641e-05|1.759e-05|0|0||0&1|0&1||||||8.584|0.646625,G|synonymous_variant|LOW|LRRC28|ENSG00000168904|Transcript|ENST00000447360|protein_coding|7/9||ENST00000447360.6:c.615A>G|ENSP00000404520.2:p.Leu205%3D|712|615|205|L|ctA/ctG|rs781137940&COSV100113796||1||SNV|HGNC|HGNC:28355||1||CCDS66873.1|ENSP00000404520|Q86X40.141|A0A024RC88.55|UPI00001D68F4|Q86X40-2|NM_001284400.3&NM_001321678.2|||PANTHER:PTHR48051:SF12&PANTHER:PTHR48051&Gene3D:3.80.10.10&SMART:SM00364&Superfamily:SSF52058||||||||1.194e-05|0|0|0|0|4.641e-05|1.759e-05|0|0||0&1|0&1||||||8.584|0.646625,G|synonymous_variant|LOW|LRRC28|ENSG00000168904|Transcript|ENST00000558172|protein_coding|4/5||ENST00000558172.5:c.303A>G|ENSP00000453504.1:p.Leu101%3D|390|303|101|L|ctA/ctG|rs781137940&COSV100113796||1|cds_end_NF|SNV|HGNC|HGNC:28355||5|||ENSP00000453504||H0YM85.57|UPI00022F85D1|||||PANTHER:PTHR45752:SF5&PANTHER:PTHR45752&Gene3D:3.80.10.10&Superfamily:SSF52058||||||||1.194e-05|0|0|0|0|4.641e-05|1.759e-05|0|0||0&1|0&1||||||8.584|0.646625,G|non_coding_transcript_exon_variant|MODIFIER|LRRC28|ENSG00000168904|Transcript|ENST00000558248|retained_intron|3/3||ENST00000558248.5:n.363A>G||363|||||rs781137940&COSV100113796||1||SNV|HGNC|HGNC:28355||3|||||||||||||||||||1.194e-05|0|0|0|0|4.641e-05|1.759e-05|0|0||0&1|0&1||||||8.584|0.646625,G|3_prime_UTR_variant&NMD_transcript_variant|MODIFIER|LRRC28|ENSG00000168904|Transcript|ENST00000558471|nonsense_mediated_decay|4/5||ENST00000558471.5:c.*215A>G||537|||||rs781137940&COSV100113796||1||SNV|HGNC|HGNC:28355||3|||ENSP00000452927||H0YKS9.52|UPI00022F85CF|||||||||||||1.194e-05|0|0|0|0|4.641e-05|1.759e-05|0|0||0&1|0&1||||||8.584|0.646625,G|non_coding_transcript_exon_variant|MODIFIER|LRRC28|ENSG00000168904|Transcript|ENST00000558771|protein_coding_CDS_not_defined|5/5||ENST00000558771.1:n.520A>G||520|||||rs781137940&COSV100113796||1||SNV|HGNC|HGNC:28355||4|||||||||||||||||||1.194e-05|0|0|0|0|4.641e-05|1.759e-05|0|0||0&1|0&1||||||8.584|0.646625,G|intron_variant|MODIFIER|LRRC28|ENSG00000168904|Transcript|ENST00000558879|protein_coding||2/2|ENST00000558879.5:c.169-33639A>G|||||||rs781137940&COSV100113796||1||SNV|HGNC|HGNC:28355||4|||ENSP00000453313||H0YLR7.57|UPI00022F85CE|||||||||||||1.194e-05|0|0|0|0|4.641e-05|1.759e-05|0|0||0&1|0&1||||||8.584|0.646625,G|non_coding_transcript_exon_variant|MODIFIER|LRRC28|ENSG00000168904|Transcript|ENST00000558890|retained_intron|4/6||ENST00000558890.5:n.434A>G||434|||||rs781137940&COSV100113796||1||SNV|HGNC|HGNC:28355||3|||||||||||||||||||1.194e-05|0|0|0|0|4.641e-05|1.759e-05|0|0||0&1|0&1||||||8.584|0.646625,G|non_coding_transcript_exon_variant|MODIFIER|LRRC28|ENSG00000168904|Transcript|ENST00000558911|protein_coding_CDS_not_defined|2/3||ENST00000558911.1:n.70A>G||70|||||rs781137940&COSV100113796||1||SNV|HGNC|HGNC:28355||3|||||||||||||||||||1.194e-05|0|0|0|0|4.641e-05|1.759e-05|0|0||0&1|0&1||||||8.584|0.646625,G|3_prime_UTR_variant&NMD_transcript_variant|MODIFIER|LRRC28|ENSG00000168904|Transcript|ENST00000559433|nonsense_mediated_decay|6/8||ENST00000559433.5:c.*388A>G||716|||||rs781137940&COSV100113796||1||SNV|HGNC|HGNC:28355||5|||ENSP00000453469||H0YM55.54|UPI0000372247|||||||||||||1.194e-05|0|0|0|0|4.641e-05|1.759e-05|0|0||0&1|0&1||||||8.584|0.646625,G|non_coding_transcript_exon_variant|MODIFIER|LRRC28|ENSG00000168904|Transcript|ENST00000559774|protein_coding_CDS_not_defined|2/3||ENST00000559774.6:n.230A>G||230|||||rs781137940&COSV100113796||1||SNV|HGNC|HGNC:28355||2|||||||||||||||||||1.194e-05|0|0|0|0|4.641e-05|1.759e-05|0|0||0&1|0&1||||||8.584|0.646625,G|non_coding_transcript_exon_variant|MODIFIER|LRRC28|ENSG00000168904|Transcript|ENST00000559819|retained_intron|2/6||ENST00000559819.5:n.538A>G||538|||||rs781137940&COSV100113796||1||SNV|HGNC|HGNC:28355||2|||||||||||||||||||1.194e-05|0|0|0|0|4.641e-05|1.759e-05|0|0||0&1|0&1||||||8.584|0.646625,G|synonymous_variant|LOW|LRRC28|ENSG00000168904|Transcript|ENST00000561276|protein_coding|7/10||ENST00000561276.5:c.480A>G|ENSP00000452863.1:p.Leu160%3D|545|480|160|L|ctA/ctG|rs781137940&COSV100113796||1|cds_end_NF|SNV|HGNC|HGNC:28355||5|||ENSP00000452863||H0YKM4.67|UPI0003F47ACB|||||PANTHER:PTHR45752:SF5&PANTHER:PTHR45752&Gene3D:3.80.10.10&Superfamily:SSF52047||||||||1.194e-05|0|0|0|0|4.641e-05|1.759e-05|0|0||0&1|0&1||||||8.584|0.646625	GT:AD:DP	0/1:69,11:.	A/G	15:99352391	G	ENSG00000168904	ENST00000558771	Transcript	non_coding_transcript_exon_variant	MODIFIER	520					rs781137940,COSV100113796							8.584	0.646625	LRRC28								SNV	n.520A>G			0.001194	0.001759			802 / 49097025	0	0.1250	UNCLASSIFIED
15	99352391		A	G	.	.	CSQ=G|synonymous_variant|LOW|LRRC28|ENSG00000168904|Transcript|ENST00000301981|protein_coding|7/10||ENST00000301981.8:c.615A>G|ENSP00000304923.3:p.Leu205%3D|736|615|205|L|ctA/ctG|rs781137940&COSV100113796||1||SNV|HGNC|HGNC:28355|YES|1|P1|CCDS10380.1|ENSP00000304923|Q86X40.141||UPI000000DBCB|Q86X40-1|NM_001321675.2&NM_001321680.2&NM_001321676.2&NM_144598.5&NM_001321677.2&NM_001321679.2|||PANTHER:PTHR48051:SF12&PANTHER:PTHR48051&Gene3D:3.80.10.10&SMART:SM00364&Superfamily:SSF52058&AFDB-ENSP_mappings:AF-Q86X40-F1.A||||||||1.194e-05|0|0|0|0|4.641e-05|1.759e-05|0|0||0&1|0&1||||||8.584|0.646625,G|intron_variant|MODIFIER|LRRC28|ENSG00000168904|Transcript|ENST00000331450|protein_coding||3/3|ENST00000331450.9:c.210-33639A>G|||||||rs781137940&COSV100113796||1||SNV|HGNC|HGNC:28355||1|||ENSP00000332035||Q8WUS2.119|UPI000006DEC5|||||||||||||1.194e-05|0|0|0|0|4.641e-05|1.759e-05|0|0||0&1|0&1||||||8.584|0.646625,G|synonymous_variant|LOW|LRRC28|ENSG00000168904|Transcript|ENST00000447360|protein_coding|7/9||ENST00000447360.6:c.615A>G|ENSP00000404520.2:p.Leu205%3D|712|615|205|L|ctA/ctG|rs781137940&COSV100113796||1||SNV|HGNC|HGNC:28355||1||CCDS66873.1|ENSP00000404520|Q86X40.141|A0A024RC88.55|UPI00001D68F4|Q86X40-2|NM_001284400.3&NM_001321678.2|||PANTHER:PTHR48051:SF12&PANTHER:PTHR48051&Gene3D:3.80.10.10&SMART:SM00364&Superfamily:SSF52058||||||||1.194e-05|0|0|0|0|4.641e-05|1.759e-05|0|0||0&1|0&1||||||8.584|0.646625,G|synonymous_variant|LOW|LRRC28|ENSG00000168904|Transcript|ENST00000558172|protein_coding|4/5||ENST00000558172.5:c.303A>G|ENSP00000453504.1:p.Leu101%3D|390|303|101|L|ctA/ctG|rs781137940&COSV100113796||1|cds_end_NF|SNV|HGNC|HGNC:28355||5|||ENSP00000453504||H0YM85.57|UPI00022F85D1|||||PANTHER:PTHR45752:SF5&PANTHER:PTHR45752&Gene3D:3.80.10.10&Superfamily:SSF52058||||||||1.194e-05|0|0|0|0|4.641e-05|1.759e-05|0|0||0&1|0&1||||||8.584|0.646625,G|non_coding_transcript_exon_variant|MODIFIER|LRRC28|ENSG00000168904|Transcript|ENST00000558248|retained_intron|3/3||ENST00000558248.5:n.363A>G||363|||||rs781137940&COSV100113796||1||SNV|HGNC|HGNC:28355||3|||||||||||||||||||1.194e-05|0|0|0|0|4.641e-05|1.759e-05|0|0||0&1|0&1||||||8.584|0.646625,G|3_prime_UTR_variant&NMD_transcript_variant|MODIFIER|LRRC28|ENSG00000168904|Transcript|ENST00000558471|nonsense_mediated_decay|4/5||ENST00000558471.5:c.*215A>G||537|||||rs781137940&COSV100113796||1||SNV|HGNC|HGNC:28355||3|||ENSP00000452927||H0YKS9.52|UPI00022F85CF|||||||||||||1.194e-05|0|0|0|0|4.641e-05|1.759e-05|0|0||0&1|0&1||||||8.584|0.646625,G|non_coding_transcript_exon_variant|MODIFIER|LRRC28|ENSG00000168904|Transcript|ENST00000558771|protein_coding_CDS_not_defined|5/5||ENST00000558771.1:n.520A>G||520|||||rs781137940&COSV100113796||1||SNV|HGNC|HGNC:28355||4|||||||||||||||||||1.194e-05|0|0|0|0|4.641e-05|1.759e-05|0|0||0&1|0&1||||||8.584|0.646625,G|intron_variant|MODIFIER|LRRC28|ENSG00000168904|Transcript|ENST00000558879|protein_coding||2/2|ENST00000558879.5:c.169-33639A>G|||||||rs781137940&COSV100113796||1||SNV|HGNC|HGNC:28355||4|||ENSP00000453313||H0YLR7.57|UPI00022F85CE|||||||||||||1.194e-05|0|0|0|0|4.641e-05|1.759e-05|0|0||0&1|0&1||||||8.584|0.646625,G|non_coding_transcript_exon_variant|MODIFIER|LRRC28|ENSG00000168904|Transcript|ENST00000558890|retained_intron|4/6||ENST00000558890.5:n.434A>G||434|||||rs781137940&COSV100113796||1||SNV|HGNC|HGNC:28355||3|||||||||||||||||||1.194e-05|0|0|0|0|4.641e-05|1.759e-05|0|0||0&1|0&1||||||8.584|0.646625,G|non_coding_transcript_exon_variant|MODIFIER|LRRC28|ENSG00000168904|Transcript|ENST00000558911|protein_coding_CDS_not_defined|2/3||ENST00000558911.1:n.70A>G||70|||||rs781137940&COSV100113796||1||SNV|HGNC|HGNC:28355||3|||||||||||||||||||1.194e-05|0|0|0|0|4.641e-05|1.759e-05|0|0||0&1|0&1||||||8.584|0.646625,G|3_prime_UTR_variant&NMD_transcript_variant|MODIFIER|LRRC28|ENSG00000168904|Transcript|ENST00000559433|nonsense_mediated_decay|6/8||ENST00000559433.5:c.*388A>G||716|||||rs781137940&COSV100113796||1||SNV|HGNC|HGNC:28355||5|||ENSP00000453469||H0YM55.54|UPI0000372247|||||||||||||1.194e-05|0|0|0|0|4.641e-05|1.759e-05|0|0||0&1|0&1||||||8.584|0.646625,G|non_coding_transcript_exon_variant|MODIFIER|LRRC28|ENSG00000168904|Transcript|ENST00000559774|protein_coding_CDS_not_defined|2/3||ENST00000559774.6:n.230A>G||230|||||rs781137940&COSV100113796||1||SNV|HGNC|HGNC:28355||2|||||||||||||||||||1.194e-05|0|0|0|0|4.641e-05|1.759e-05|0|0||0&1|0&1||||||8.584|0.646625,G|non_coding_transcript_exon_variant|MODIFIER|LRRC28|ENSG00000168904|Transcript|ENST00000559819|retained_intron|2/6||ENST00000559819.5:n.538A>G||538|||||rs781137940&COSV100113796||1||SNV|HGNC|HGNC:28355||2|||||||||||||||||||1.194e-05|0|0|0|0|4.641e-05|1.759e-05|0|0||0&1|0&1||||||8.584|0.646625,G|synonymous_variant|LOW|LRRC28|ENSG00000168904|Transcript|ENST00000561276|protein_coding|7/10||ENST00000561276.5:c.480A>G|ENSP00000452863.1:p.Leu160%3D|545|480|160|L|ctA/ctG|rs781137940&COSV100113796||1|cds_end_NF|SNV|HGNC|HGNC:28355||5|||ENSP00000452863||H0YKM4.67|UPI0003F47ACB|||||PANTHER:PTHR45752:SF5&PANTHER:PTHR45752&Gene3D:3.80.10.10&Superfamily:SSF52047||||||||1.194e-05|0|0|0|0|4.641e-05|1.759e-05|0|0||0&1|0&1||||||8.584|0.646625	GT:AD:DP	0/1:69,11:.	A/G	15:99352391	G	ENSG00000168904	ENST00000558879	Transcript	intron_variant	MODIFIER						rs781137940,COSV100113796							8.584	0.646625	LRRC28		COSV100113796:NEUTRAL						SNV	c.169-33639A>G			0.001194	0.001759			802 / 49097025	1 / 49097025	0.1875	UNCLASSIFIED
15	99352391		A	G	.	.	CSQ=G|synonymous_variant|LOW|LRRC28|ENSG00000168904|Transcript|ENST00000301981|protein_coding|7/10||ENST00000301981.8:c.615A>G|ENSP00000304923.3:p.Leu205%3D|736|615|205|L|ctA/ctG|rs781137940&COSV100113796||1||SNV|HGNC|HGNC:28355|YES|1|P1|CCDS10380.1|ENSP00000304923|Q86X40.141||UPI000000DBCB|Q86X40-1|NM_001321675.2&NM_001321680.2&NM_001321676.2&NM_144598.5&NM_001321677.2&NM_001321679.2|||PANTHER:PTHR48051:SF12&PANTHER:PTHR48051&Gene3D:3.80.10.10&SMART:SM00364&Superfamily:SSF52058&AFDB-ENSP_mappings:AF-Q86X40-F1.A||||||||1.194e-05|0|0|0|0|4.641e-05|1.759e-05|0|0||0&1|0&1||||||8.584|0.646625,G|intron_variant|MODIFIER|LRRC28|ENSG00000168904|Transcript|ENST00000331450|protein_coding||3/3|ENST00000331450.9:c.210-33639A>G|||||||rs781137940&COSV100113796||1||SNV|HGNC|HGNC:28355||1|||ENSP00000332035||Q8WUS2.119|UPI000006DEC5|||||||||||||1.194e-05|0|0|0|0|4.641e-05|1.759e-05|0|0||0&1|0&1||||||8.584|0.646625,G|synonymous_variant|LOW|LRRC28|ENSG00000168904|Transcript|ENST00000447360|protein_coding|7/9||ENST00000447360.6:c.615A>G|ENSP00000404520.2:p.Leu205%3D|712|615|205|L|ctA/ctG|rs781137940&COSV100113796||1||SNV|HGNC|HGNC:28355||1||CCDS66873.1|ENSP00000404520|Q86X40.141|A0A024RC88.55|UPI00001D68F4|Q86X40-2|NM_001284400.3&NM_001321678.2|||PANTHER:PTHR48051:SF12&PANTHER:PTHR48051&Gene3D:3.80.10.10&SMART:SM00364&Superfamily:SSF52058||||||||1.194e-05|0|0|0|0|4.641e-05|1.759e-05|0|0||0&1|0&1||||||8.584|0.646625,G|synonymous_variant|LOW|LRRC28|ENSG00000168904|Transcript|ENST00000558172|protein_coding|4/5||ENST00000558172.5:c.303A>G|ENSP00000453504.1:p.Leu101%3D|390|303|101|L|ctA/ctG|rs781137940&COSV100113796||1|cds_end_NF|SNV|HGNC|HGNC:28355||5|||ENSP00000453504||H0YM85.57|UPI00022F85D1|||||PANTHER:PTHR45752:SF5&PANTHER:PTHR45752&Gene3D:3.80.10.10&Superfamily:SSF52058||||||||1.194e-05|0|0|0|0|4.641e-05|1.759e-05|0|0||0&1|0&1||||||8.584|0.646625,G|non_coding_transcript_exon_variant|MODIFIER|LRRC28|ENSG00000168904|Transcript|ENST00000558248|retained_intron|3/3||ENST00000558248.5:n.363A>G||363|||||rs781137940&COSV100113796||1||SNV|HGNC|HGNC:28355||3|||||||||||||||||||1.194e-05|0|0|0|0|4.641e-05|1.759e-05|0|0||0&1|0&1||||||8.584|0.646625,G|3_prime_UTR_variant&NMD_transcript_variant|MODIFIER|LRRC28|ENSG00000168904|Transcript|ENST00000558471|nonsense_mediated_decay|4/5||ENST00000558471.5:c.*215A>G||537|||||rs781137940&COSV100113796||1||SNV|HGNC|HGNC:28355||3|||ENSP00000452927||H0YKS9.52|UPI00022F85CF|||||||||||||1.194e-05|0|0|0|0|4.641e-05|1.759e-05|0|0||0&1|0&1||||||8.584|0.646625,G|non_coding_transcript_exon_variant|MODIFIER|LRRC28|ENSG00000168904|Transcript|ENST00000558771|protein_coding_CDS_not_defined|5/5||ENST00000558771.1:n.520A>G||520|||||rs781137940&COSV100113796||1||SNV|HGNC|HGNC:28355||4|||||||||||||||||||1.194e-05|0|0|0|0|4.641e-05|1.759e-05|0|0||0&1|0&1||||||8.584|0.646625,G|intron_variant|MODIFIER|LRRC28|ENSG00000168904|Transcript|ENST00000558879|protein_coding||2/2|ENST00000558879.5:c.169-33639A>G|||||||rs781137940&COSV100113796||1||SNV|HGNC|HGNC:28355||4|||ENSP00000453313||H0YLR7.57|UPI00022F85CE|||||||||||||1.194e-05|0|0|0|0|4.641e-05|1.759e-05|0|0||0&1|0&1||||||8.584|0.646625,G|non_coding_transcript_exon_variant|MODIFIER|LRRC28|ENSG00000168904|Transcript|ENST00000558890|retained_intron|4/6||ENST00000558890.5:n.434A>G||434|||||rs781137940&COSV100113796||1||SNV|HGNC|HGNC:28355||3|||||||||||||||||||1.194e-05|0|0|0|0|4.641e-05|1.759e-05|0|0||0&1|0&1||||||8.584|0.646625,G|non_coding_transcript_exon_variant|MODIFIER|LRRC28|ENSG00000168904|Transcript|ENST00000558911|protein_coding_CDS_not_defined|2/3||ENST00000558911.1:n.70A>G||70|||||rs781137940&COSV100113796||1||SNV|HGNC|HGNC:28355||3|||||||||||||||||||1.194e-05|0|0|0|0|4.641e-05|1.759e-05|0|0||0&1|0&1||||||8.584|0.646625,G|3_prime_UTR_variant&NMD_transcript_variant|MODIFIER|LRRC28|ENSG00000168904|Transcript|ENST00000559433|nonsense_mediated_decay|6/8||ENST00000559433.5:c.*388A>G||716|||||rs781137940&COSV100113796||1||SNV|HGNC|HGNC:28355||5|||ENSP00000453469||H0YM55.54|UPI0000372247|||||||||||||1.194e-05|0|0|0|0|4.641e-05|1.759e-05|0|0||0&1|0&1||||||8.584|0.646625,G|non_coding_transcript_exon_variant|MODIFIER|LRRC28|ENSG00000168904|Transcript|ENST00000559774|protein_coding_CDS_not_defined|2/3||ENST00000559774.6:n.230A>G||230|||||rs781137940&COSV100113796||1||SNV|HGNC|HGNC:28355||2|||||||||||||||||||1.194e-05|0|0|0|0|4.641e-05|1.759e-05|0|0||0&1|0&1||||||8.584|0.646625,G|non_coding_transcript_exon_variant|MODIFIER|LRRC28|ENSG00000168904|Transcript|ENST00000559819|retained_intron|2/6||ENST00000559819.5:n.538A>G||538|||||rs781137940&COSV100113796||1||SNV|HGNC|HGNC:28355||2|||||||||||||||||||1.194e-05|0|0|0|0|4.641e-05|1.759e-05|0|0||0&1|0&1||||||8.584|0.646625,G|synonymous_variant|LOW|LRRC28|ENSG00000168904|Transcript|ENST00000561276|protein_coding|7/10||ENST00000561276.5:c.480A>G|ENSP00000452863.1:p.Leu160%3D|545|480|160|L|ctA/ctG|rs781137940&COSV100113796||1|cds_end_NF|SNV|HGNC|HGNC:28355||5|||ENSP00000452863||H0YKM4.67|UPI0003F47ACB|||||PANTHER:PTHR45752:SF5&PANTHER:PTHR45752&Gene3D:3.80.10.10&Superfamily:SSF52047||||||||1.194e-05|0|0|0|0|4.641e-05|1.759e-05|0|0||0&1|0&1||||||8.584|0.646625	GT:AD:DP	0/1:69,11:.	A/G	15:99352391	G	ENSG00000168904	ENST00000558890	Transcript	non_coding_transcript_exon_variant	MODIFIER	434					rs781137940,COSV100113796							8.584	0.646625	LRRC28								SNV	n.434A>G			0.001194	0.001759			802 / 49097025	0	0.1250	UNCLASSIFIED
15	99352391		A	G	.	.	CSQ=G|synonymous_variant|LOW|LRRC28|ENSG00000168904|Transcript|ENST00000301981|protein_coding|7/10||ENST00000301981.8:c.615A>G|ENSP00000304923.3:p.Leu205%3D|736|615|205|L|ctA/ctG|rs781137940&COSV100113796||1||SNV|HGNC|HGNC:28355|YES|1|P1|CCDS10380.1|ENSP00000304923|Q86X40.141||UPI000000DBCB|Q86X40-1|NM_001321675.2&NM_001321680.2&NM_001321676.2&NM_144598.5&NM_001321677.2&NM_001321679.2|||PANTHER:PTHR48051:SF12&PANTHER:PTHR48051&Gene3D:3.80.10.10&SMART:SM00364&Superfamily:SSF52058&AFDB-ENSP_mappings:AF-Q86X40-F1.A||||||||1.194e-05|0|0|0|0|4.641e-05|1.759e-05|0|0||0&1|0&1||||||8.584|0.646625,G|intron_variant|MODIFIER|LRRC28|ENSG00000168904|Transcript|ENST00000331450|protein_coding||3/3|ENST00000331450.9:c.210-33639A>G|||||||rs781137940&COSV100113796||1||SNV|HGNC|HGNC:28355||1|||ENSP00000332035||Q8WUS2.119|UPI000006DEC5|||||||||||||1.194e-05|0|0|0|0|4.641e-05|1.759e-05|0|0||0&1|0&1||||||8.584|0.646625,G|synonymous_variant|LOW|LRRC28|ENSG00000168904|Transcript|ENST00000447360|protein_coding|7/9||ENST00000447360.6:c.615A>G|ENSP00000404520.2:p.Leu205%3D|712|615|205|L|ctA/ctG|rs781137940&COSV100113796||1||SNV|HGNC|HGNC:28355||1||CCDS66873.1|ENSP00000404520|Q86X40.141|A0A024RC88.55|UPI00001D68F4|Q86X40-2|NM_001284400.3&NM_001321678.2|||PANTHER:PTHR48051:SF12&PANTHER:PTHR48051&Gene3D:3.80.10.10&SMART:SM00364&Superfamily:SSF52058||||||||1.194e-05|0|0|0|0|4.641e-05|1.759e-05|0|0||0&1|0&1||||||8.584|0.646625,G|synonymous_variant|LOW|LRRC28|ENSG00000168904|Transcript|ENST00000558172|protein_coding|4/5||ENST00000558172.5:c.303A>G|ENSP00000453504.1:p.Leu101%3D|390|303|101|L|ctA/ctG|rs781137940&COSV100113796||1|cds_end_NF|SNV|HGNC|HGNC:28355||5|||ENSP00000453504||H0YM85.57|UPI00022F85D1|||||PANTHER:PTHR45752:SF5&PANTHER:PTHR45752&Gene3D:3.80.10.10&Superfamily:SSF52058||||||||1.194e-05|0|0|0|0|4.641e-05|1.759e-05|0|0||0&1|0&1||||||8.584|0.646625,G|non_coding_transcript_exon_variant|MODIFIER|LRRC28|ENSG00000168904|Transcript|ENST00000558248|retained_intron|3/3||ENST00000558248.5:n.363A>G||363|||||rs781137940&COSV100113796||1||SNV|HGNC|HGNC:28355||3|||||||||||||||||||1.194e-05|0|0|0|0|4.641e-05|1.759e-05|0|0||0&1|0&1||||||8.584|0.646625,G|3_prime_UTR_variant&NMD_transcript_variant|MODIFIER|LRRC28|ENSG00000168904|Transcript|ENST00000558471|nonsense_mediated_decay|4/5||ENST00000558471.5:c.*215A>G||537|||||rs781137940&COSV100113796||1||SNV|HGNC|HGNC:28355||3|||ENSP00000452927||H0YKS9.52|UPI00022F85CF|||||||||||||1.194e-05|0|0|0|0|4.641e-05|1.759e-05|0|0||0&1|0&1||||||8.584|0.646625,G|non_coding_transcript_exon_variant|MODIFIER|LRRC28|ENSG00000168904|Transcript|ENST00000558771|protein_coding_CDS_not_defined|5/5||ENST00000558771.1:n.520A>G||520|||||rs781137940&COSV100113796||1||SNV|HGNC|HGNC:28355||4|||||||||||||||||||1.194e-05|0|0|0|0|4.641e-05|1.759e-05|0|0||0&1|0&1||||||8.584|0.646625,G|intron_variant|MODIFIER|LRRC28|ENSG00000168904|Transcript|ENST00000558879|protein_coding||2/2|ENST00000558879.5:c.169-33639A>G|||||||rs781137940&COSV100113796||1||SNV|HGNC|HGNC:28355||4|||ENSP00000453313||H0YLR7.57|UPI00022F85CE|||||||||||||1.194e-05|0|0|0|0|4.641e-05|1.759e-05|0|0||0&1|0&1||||||8.584|0.646625,G|non_coding_transcript_exon_variant|MODIFIER|LRRC28|ENSG00000168904|Transcript|ENST00000558890|retained_intron|4/6||ENST00000558890.5:n.434A>G||434|||||rs781137940&COSV100113796||1||SNV|HGNC|HGNC:28355||3|||||||||||||||||||1.194e-05|0|0|0|0|4.641e-05|1.759e-05|0|0||0&1|0&1||||||8.584|0.646625,G|non_coding_transcript_exon_variant|MODIFIER|LRRC28|ENSG00000168904|Transcript|ENST00000558911|protein_coding_CDS_not_defined|2/3||ENST00000558911.1:n.70A>G||70|||||rs781137940&COSV100113796||1||SNV|HGNC|HGNC:28355||3|||||||||||||||||||1.194e-05|0|0|0|0|4.641e-05|1.759e-05|0|0||0&1|0&1||||||8.584|0.646625,G|3_prime_UTR_variant&NMD_transcript_variant|MODIFIER|LRRC28|ENSG00000168904|Transcript|ENST00000559433|nonsense_mediated_decay|6/8||ENST00000559433.5:c.*388A>G||716|||||rs781137940&COSV100113796||1||SNV|HGNC|HGNC:28355||5|||ENSP00000453469||H0YM55.54|UPI0000372247|||||||||||||1.194e-05|0|0|0|0|4.641e-05|1.759e-05|0|0||0&1|0&1||||||8.584|0.646625,G|non_coding_transcript_exon_variant|MODIFIER|LRRC28|ENSG00000168904|Transcript|ENST00000559774|protein_coding_CDS_not_defined|2/3||ENST00000559774.6:n.230A>G||230|||||rs781137940&COSV100113796||1||SNV|HGNC|HGNC:28355||2|||||||||||||||||||1.194e-05|0|0|0|0|4.641e-05|1.759e-05|0|0||0&1|0&1||||||8.584|0.646625,G|non_coding_transcript_exon_variant|MODIFIER|LRRC28|ENSG00000168904|Transcript|ENST00000559819|retained_intron|2/6||ENST00000559819.5:n.538A>G||538|||||rs781137940&COSV100113796||1||SNV|HGNC|HGNC:28355||2|||||||||||||||||||1.194e-05|0|0|0|0|4.641e-05|1.759e-05|0|0||0&1|0&1||||||8.584|0.646625,G|synonymous_variant|LOW|LRRC28|ENSG00000168904|Transcript|ENST00000561276|protein_coding|7/10||ENST00000561276.5:c.480A>G|ENSP00000452863.1:p.Leu160%3D|545|480|160|L|ctA/ctG|rs781137940&COSV100113796||1|cds_end_NF|SNV|HGNC|HGNC:28355||5|||ENSP00000452863||H0YKM4.67|UPI0003F47ACB|||||PANTHER:PTHR45752:SF5&PANTHER:PTHR45752&Gene3D:3.80.10.10&Superfamily:SSF52047||||||||1.194e-05|0|0|0|0|4.641e-05|1.759e-05|0|0||0&1|0&1||||||8.584|0.646625	GT:AD:DP	0/1:69,11:.	A/G	15:99352391	G	ENSG00000168904	ENST00000558911	Transcript	non_coding_transcript_exon_variant	MODIFIER	70					rs781137940,COSV100113796							8.584	0.646625	LRRC28								SNV	n.70A>G			0.001194	0.001759			802 / 49097025	0	0.1250	UNCLASSIFIED
15	99352391		A	G	.	.	CSQ=G|synonymous_variant|LOW|LRRC28|ENSG00000168904|Transcript|ENST00000301981|protein_coding|7/10||ENST00000301981.8:c.615A>G|ENSP00000304923.3:p.Leu205%3D|736|615|205|L|ctA/ctG|rs781137940&COSV100113796||1||SNV|HGNC|HGNC:28355|YES|1|P1|CCDS10380.1|ENSP00000304923|Q86X40.141||UPI000000DBCB|Q86X40-1|NM_001321675.2&NM_001321680.2&NM_001321676.2&NM_144598.5&NM_001321677.2&NM_001321679.2|||PANTHER:PTHR48051:SF12&PANTHER:PTHR48051&Gene3D:3.80.10.10&SMART:SM00364&Superfamily:SSF52058&AFDB-ENSP_mappings:AF-Q86X40-F1.A||||||||1.194e-05|0|0|0|0|4.641e-05|1.759e-05|0|0||0&1|0&1||||||8.584|0.646625,G|intron_variant|MODIFIER|LRRC28|ENSG00000168904|Transcript|ENST00000331450|protein_coding||3/3|ENST00000331450.9:c.210-33639A>G|||||||rs781137940&COSV100113796||1||SNV|HGNC|HGNC:28355||1|||ENSP00000332035||Q8WUS2.119|UPI000006DEC5|||||||||||||1.194e-05|0|0|0|0|4.641e-05|1.759e-05|0|0||0&1|0&1||||||8.584|0.646625,G|synonymous_variant|LOW|LRRC28|ENSG00000168904|Transcript|ENST00000447360|protein_coding|7/9||ENST00000447360.6:c.615A>G|ENSP00000404520.2:p.Leu205%3D|712|615|205|L|ctA/ctG|rs781137940&COSV100113796||1||SNV|HGNC|HGNC:28355||1||CCDS66873.1|ENSP00000404520|Q86X40.141|A0A024RC88.55|UPI00001D68F4|Q86X40-2|NM_001284400.3&NM_001321678.2|||PANTHER:PTHR48051:SF12&PANTHER:PTHR48051&Gene3D:3.80.10.10&SMART:SM00364&Superfamily:SSF52058||||||||1.194e-05|0|0|0|0|4.641e-05|1.759e-05|0|0||0&1|0&1||||||8.584|0.646625,G|synonymous_variant|LOW|LRRC28|ENSG00000168904|Transcript|ENST00000558172|protein_coding|4/5||ENST00000558172.5:c.303A>G|ENSP00000453504.1:p.Leu101%3D|390|303|101|L|ctA/ctG|rs781137940&COSV100113796||1|cds_end_NF|SNV|HGNC|HGNC:28355||5|||ENSP00000453504||H0YM85.57|UPI00022F85D1|||||PANTHER:PTHR45752:SF5&PANTHER:PTHR45752&Gene3D:3.80.10.10&Superfamily:SSF52058||||||||1.194e-05|0|0|0|0|4.641e-05|1.759e-05|0|0||0&1|0&1||||||8.584|0.646625,G|non_coding_transcript_exon_variant|MODIFIER|LRRC28|ENSG00000168904|Transcript|ENST00000558248|retained_intron|3/3||ENST00000558248.5:n.363A>G||363|||||rs781137940&COSV100113796||1||SNV|HGNC|HGNC:28355||3|||||||||||||||||||1.194e-05|0|0|0|0|4.641e-05|1.759e-05|0|0||0&1|0&1||||||8.584|0.646625,G|3_prime_UTR_variant&NMD_transcript_variant|MODIFIER|LRRC28|ENSG00000168904|Transcript|ENST00000558471|nonsense_mediated_decay|4/5||ENST00000558471.5:c.*215A>G||537|||||rs781137940&COSV100113796||1||SNV|HGNC|HGNC:28355||3|||ENSP00000452927||H0YKS9.52|UPI00022F85CF|||||||||||||1.194e-05|0|0|0|0|4.641e-05|1.759e-05|0|0||0&1|0&1||||||8.584|0.646625,G|non_coding_transcript_exon_variant|MODIFIER|LRRC28|ENSG00000168904|Transcript|ENST00000558771|protein_coding_CDS_not_defined|5/5||ENST00000558771.1:n.520A>G||520|||||rs781137940&COSV100113796||1||SNV|HGNC|HGNC:28355||4|||||||||||||||||||1.194e-05|0|0|0|0|4.641e-05|1.759e-05|0|0||0&1|0&1||||||8.584|0.646625,G|intron_variant|MODIFIER|LRRC28|ENSG00000168904|Transcript|ENST00000558879|protein_coding||2/2|ENST00000558879.5:c.169-33639A>G|||||||rs781137940&COSV100113796||1||SNV|HGNC|HGNC:28355||4|||ENSP00000453313||H0YLR7.57|UPI00022F85CE|||||||||||||1.194e-05|0|0|0|0|4.641e-05|1.759e-05|0|0||0&1|0&1||||||8.584|0.646625,G|non_coding_transcript_exon_variant|MODIFIER|LRRC28|ENSG00000168904|Transcript|ENST00000558890|retained_intron|4/6||ENST00000558890.5:n.434A>G||434|||||rs781137940&COSV100113796||1||SNV|HGNC|HGNC:28355||3|||||||||||||||||||1.194e-05|0|0|0|0|4.641e-05|1.759e-05|0|0||0&1|0&1||||||8.584|0.646625,G|non_coding_transcript_exon_variant|MODIFIER|LRRC28|ENSG00000168904|Transcript|ENST00000558911|protein_coding_CDS_not_defined|2/3||ENST00000558911.1:n.70A>G||70|||||rs781137940&COSV100113796||1||SNV|HGNC|HGNC:28355||3|||||||||||||||||||1.194e-05|0|0|0|0|4.641e-05|1.759e-05|0|0||0&1|0&1||||||8.584|0.646625,G|3_prime_UTR_variant&NMD_transcript_variant|MODIFIER|LRRC28|ENSG00000168904|Transcript|ENST00000559433|nonsense_mediated_decay|6/8||ENST00000559433.5:c.*388A>G||716|||||rs781137940&COSV100113796||1||SNV|HGNC|HGNC:28355||5|||ENSP00000453469||H0YM55.54|UPI0000372247|||||||||||||1.194e-05|0|0|0|0|4.641e-05|1.759e-05|0|0||0&1|0&1||||||8.584|0.646625,G|non_coding_transcript_exon_variant|MODIFIER|LRRC28|ENSG00000168904|Transcript|ENST00000559774|protein_coding_CDS_not_defined|2/3||ENST00000559774.6:n.230A>G||230|||||rs781137940&COSV100113796||1||SNV|HGNC|HGNC:28355||2|||||||||||||||||||1.194e-05|0|0|0|0|4.641e-05|1.759e-05|0|0||0&1|0&1||||||8.584|0.646625,G|non_coding_transcript_exon_variant|MODIFIER|LRRC28|ENSG00000168904|Transcript|ENST00000559819|retained_intron|2/6||ENST00000559819.5:n.538A>G||538|||||rs781137940&COSV100113796||1||SNV|HGNC|HGNC:28355||2|||||||||||||||||||1.194e-05|0|0|0|0|4.641e-05|1.759e-05|0|0||0&1|0&1||||||8.584|0.646625,G|synonymous_variant|LOW|LRRC28|ENSG00000168904|Transcript|ENST00000561276|protein_coding|7/10||ENST00000561276.5:c.480A>G|ENSP00000452863.1:p.Leu160%3D|545|480|160|L|ctA/ctG|rs781137940&COSV100113796||1|cds_end_NF|SNV|HGNC|HGNC:28355||5|||ENSP00000452863||H0YKM4.67|UPI0003F47ACB|||||PANTHER:PTHR45752:SF5&PANTHER:PTHR45752&Gene3D:3.80.10.10&Superfamily:SSF52047||||||||1.194e-05|0|0|0|0|4.641e-05|1.759e-05|0|0||0&1|0&1||||||8.584|0.646625	GT:AD:DP	0/1:69,11:.	A/G	15:99352391	G	ENSG00000168904	ENST00000559433	Transcript	3_prime_UTR_variant,NMD_transcript_variant	MODIFIER	716					rs781137940,COSV100113796							8.584	0.646625	LRRC28								SNV	c.*388A>G			0.001194	0.001759			802 / 49097025	0	0.1250	UNCLASSIFIED
15	99352391		A	G	.	.	CSQ=G|synonymous_variant|LOW|LRRC28|ENSG00000168904|Transcript|ENST00000301981|protein_coding|7/10||ENST00000301981.8:c.615A>G|ENSP00000304923.3:p.Leu205%3D|736|615|205|L|ctA/ctG|rs781137940&COSV100113796||1||SNV|HGNC|HGNC:28355|YES|1|P1|CCDS10380.1|ENSP00000304923|Q86X40.141||UPI000000DBCB|Q86X40-1|NM_001321675.2&NM_001321680.2&NM_001321676.2&NM_144598.5&NM_001321677.2&NM_001321679.2|||PANTHER:PTHR48051:SF12&PANTHER:PTHR48051&Gene3D:3.80.10.10&SMART:SM00364&Superfamily:SSF52058&AFDB-ENSP_mappings:AF-Q86X40-F1.A||||||||1.194e-05|0|0|0|0|4.641e-05|1.759e-05|0|0||0&1|0&1||||||8.584|0.646625,G|intron_variant|MODIFIER|LRRC28|ENSG00000168904|Transcript|ENST00000331450|protein_coding||3/3|ENST00000331450.9:c.210-33639A>G|||||||rs781137940&COSV100113796||1||SNV|HGNC|HGNC:28355||1|||ENSP00000332035||Q8WUS2.119|UPI000006DEC5|||||||||||||1.194e-05|0|0|0|0|4.641e-05|1.759e-05|0|0||0&1|0&1||||||8.584|0.646625,G|synonymous_variant|LOW|LRRC28|ENSG00000168904|Transcript|ENST00000447360|protein_coding|7/9||ENST00000447360.6:c.615A>G|ENSP00000404520.2:p.Leu205%3D|712|615|205|L|ctA/ctG|rs781137940&COSV100113796||1||SNV|HGNC|HGNC:28355||1||CCDS66873.1|ENSP00000404520|Q86X40.141|A0A024RC88.55|UPI00001D68F4|Q86X40-2|NM_001284400.3&NM_001321678.2|||PANTHER:PTHR48051:SF12&PANTHER:PTHR48051&Gene3D:3.80.10.10&SMART:SM00364&Superfamily:SSF52058||||||||1.194e-05|0|0|0|0|4.641e-05|1.759e-05|0|0||0&1|0&1||||||8.584|0.646625,G|synonymous_variant|LOW|LRRC28|ENSG00000168904|Transcript|ENST00000558172|protein_coding|4/5||ENST00000558172.5:c.303A>G|ENSP00000453504.1:p.Leu101%3D|390|303|101|L|ctA/ctG|rs781137940&COSV100113796||1|cds_end_NF|SNV|HGNC|HGNC:28355||5|||ENSP00000453504||H0YM85.57|UPI00022F85D1|||||PANTHER:PTHR45752:SF5&PANTHER:PTHR45752&Gene3D:3.80.10.10&Superfamily:SSF52058||||||||1.194e-05|0|0|0|0|4.641e-05|1.759e-05|0|0||0&1|0&1||||||8.584|0.646625,G|non_coding_transcript_exon_variant|MODIFIER|LRRC28|ENSG00000168904|Transcript|ENST00000558248|retained_intron|3/3||ENST00000558248.5:n.363A>G||363|||||rs781137940&COSV100113796||1||SNV|HGNC|HGNC:28355||3|||||||||||||||||||1.194e-05|0|0|0|0|4.641e-05|1.759e-05|0|0||0&1|0&1||||||8.584|0.646625,G|3_prime_UTR_variant&NMD_transcript_variant|MODIFIER|LRRC28|ENSG00000168904|Transcript|ENST00000558471|nonsense_mediated_decay|4/5||ENST00000558471.5:c.*215A>G||537|||||rs781137940&COSV100113796||1||SNV|HGNC|HGNC:28355||3|||ENSP00000452927||H0YKS9.52|UPI00022F85CF|||||||||||||1.194e-05|0|0|0|0|4.641e-05|1.759e-05|0|0||0&1|0&1||||||8.584|0.646625,G|non_coding_transcript_exon_variant|MODIFIER|LRRC28|ENSG00000168904|Transcript|ENST00000558771|protein_coding_CDS_not_defined|5/5||ENST00000558771.1:n.520A>G||520|||||rs781137940&COSV100113796||1||SNV|HGNC|HGNC:28355||4|||||||||||||||||||1.194e-05|0|0|0|0|4.641e-05|1.759e-05|0|0||0&1|0&1||||||8.584|0.646625,G|intron_variant|MODIFIER|LRRC28|ENSG00000168904|Transcript|ENST00000558879|protein_coding||2/2|ENST00000558879.5:c.169-33639A>G|||||||rs781137940&COSV100113796||1||SNV|HGNC|HGNC:28355||4|||ENSP00000453313||H0YLR7.57|UPI00022F85CE|||||||||||||1.194e-05|0|0|0|0|4.641e-05|1.759e-05|0|0||0&1|0&1||||||8.584|0.646625,G|non_coding_transcript_exon_variant|MODIFIER|LRRC28|ENSG00000168904|Transcript|ENST00000558890|retained_intron|4/6||ENST00000558890.5:n.434A>G||434|||||rs781137940&COSV100113796||1||SNV|HGNC|HGNC:28355||3|||||||||||||||||||1.194e-05|0|0|0|0|4.641e-05|1.759e-05|0|0||0&1|0&1||||||8.584|0.646625,G|non_coding_transcript_exon_variant|MODIFIER|LRRC28|ENSG00000168904|Transcript|ENST00000558911|protein_coding_CDS_not_defined|2/3||ENST00000558911.1:n.70A>G||70|||||rs781137940&COSV100113796||1||SNV|HGNC|HGNC:28355||3|||||||||||||||||||1.194e-05|0|0|0|0|4.641e-05|1.759e-05|0|0||0&1|0&1||||||8.584|0.646625,G|3_prime_UTR_variant&NMD_transcript_variant|MODIFIER|LRRC28|ENSG00000168904|Transcript|ENST00000559433|nonsense_mediated_decay|6/8||ENST00000559433.5:c.*388A>G||716|||||rs781137940&COSV100113796||1||SNV|HGNC|HGNC:28355||5|||ENSP00000453469||H0YM55.54|UPI0000372247|||||||||||||1.194e-05|0|0|0|0|4.641e-05|1.759e-05|0|0||0&1|0&1||||||8.584|0.646625,G|non_coding_transcript_exon_variant|MODIFIER|LRRC28|ENSG00000168904|Transcript|ENST00000559774|protein_coding_CDS_not_defined|2/3||ENST00000559774.6:n.230A>G||230|||||rs781137940&COSV100113796||1||SNV|HGNC|HGNC:28355||2|||||||||||||||||||1.194e-05|0|0|0|0|4.641e-05|1.759e-05|0|0||0&1|0&1||||||8.584|0.646625,G|non_coding_transcript_exon_variant|MODIFIER|LRRC28|ENSG00000168904|Transcript|ENST00000559819|retained_intron|2/6||ENST00000559819.5:n.538A>G||538|||||rs781137940&COSV100113796||1||SNV|HGNC|HGNC:28355||2|||||||||||||||||||1.194e-05|0|0|0|0|4.641e-05|1.759e-05|0|0||0&1|0&1||||||8.584|0.646625,G|synonymous_variant|LOW|LRRC28|ENSG00000168904|Transcript|ENST00000561276|protein_coding|7/10||ENST00000561276.5:c.480A>G|ENSP00000452863.1:p.Leu160%3D|545|480|160|L|ctA/ctG|rs781137940&COSV100113796||1|cds_end_NF|SNV|HGNC|HGNC:28355||5|||ENSP00000452863||H0YKM4.67|UPI0003F47ACB|||||PANTHER:PTHR45752:SF5&PANTHER:PTHR45752&Gene3D:3.80.10.10&Superfamily:SSF52047||||||||1.194e-05|0|0|0|0|4.641e-05|1.759e-05|0|0||0&1|0&1||||||8.584|0.646625	GT:AD:DP	0/1:69,11:.	A/G	15:99352391	G	ENSG00000168904	ENST00000559774	Transcript	non_coding_transcript_exon_variant	MODIFIER	230					rs781137940,COSV100113796							8.584	0.646625	LRRC28								SNV	n.230A>G			0.001194	0.001759			802 / 49097025	0	0.1250	UNCLASSIFIED
15	99352391		A	G	.	.	CSQ=G|synonymous_variant|LOW|LRRC28|ENSG00000168904|Transcript|ENST00000301981|protein_coding|7/10||ENST00000301981.8:c.615A>G|ENSP00000304923.3:p.Leu205%3D|736|615|205|L|ctA/ctG|rs781137940&COSV100113796||1||SNV|HGNC|HGNC:28355|YES|1|P1|CCDS10380.1|ENSP00000304923|Q86X40.141||UPI000000DBCB|Q86X40-1|NM_001321675.2&NM_001321680.2&NM_001321676.2&NM_144598.5&NM_001321677.2&NM_001321679.2|||PANTHER:PTHR48051:SF12&PANTHER:PTHR48051&Gene3D:3.80.10.10&SMART:SM00364&Superfamily:SSF52058&AFDB-ENSP_mappings:AF-Q86X40-F1.A||||||||1.194e-05|0|0|0|0|4.641e-05|1.759e-05|0|0||0&1|0&1||||||8.584|0.646625,G|intron_variant|MODIFIER|LRRC28|ENSG00000168904|Transcript|ENST00000331450|protein_coding||3/3|ENST00000331450.9:c.210-33639A>G|||||||rs781137940&COSV100113796||1||SNV|HGNC|HGNC:28355||1|||ENSP00000332035||Q8WUS2.119|UPI000006DEC5|||||||||||||1.194e-05|0|0|0|0|4.641e-05|1.759e-05|0|0||0&1|0&1||||||8.584|0.646625,G|synonymous_variant|LOW|LRRC28|ENSG00000168904|Transcript|ENST00000447360|protein_coding|7/9||ENST00000447360.6:c.615A>G|ENSP00000404520.2:p.Leu205%3D|712|615|205|L|ctA/ctG|rs781137940&COSV100113796||1||SNV|HGNC|HGNC:28355||1||CCDS66873.1|ENSP00000404520|Q86X40.141|A0A024RC88.55|UPI00001D68F4|Q86X40-2|NM_001284400.3&NM_001321678.2|||PANTHER:PTHR48051:SF12&PANTHER:PTHR48051&Gene3D:3.80.10.10&SMART:SM00364&Superfamily:SSF52058||||||||1.194e-05|0|0|0|0|4.641e-05|1.759e-05|0|0||0&1|0&1||||||8.584|0.646625,G|synonymous_variant|LOW|LRRC28|ENSG00000168904|Transcript|ENST00000558172|protein_coding|4/5||ENST00000558172.5:c.303A>G|ENSP00000453504.1:p.Leu101%3D|390|303|101|L|ctA/ctG|rs781137940&COSV100113796||1|cds_end_NF|SNV|HGNC|HGNC:28355||5|||ENSP00000453504||H0YM85.57|UPI00022F85D1|||||PANTHER:PTHR45752:SF5&PANTHER:PTHR45752&Gene3D:3.80.10.10&Superfamily:SSF52058||||||||1.194e-05|0|0|0|0|4.641e-05|1.759e-05|0|0||0&1|0&1||||||8.584|0.646625,G|non_coding_transcript_exon_variant|MODIFIER|LRRC28|ENSG00000168904|Transcript|ENST00000558248|retained_intron|3/3||ENST00000558248.5:n.363A>G||363|||||rs781137940&COSV100113796||1||SNV|HGNC|HGNC:28355||3|||||||||||||||||||1.194e-05|0|0|0|0|4.641e-05|1.759e-05|0|0||0&1|0&1||||||8.584|0.646625,G|3_prime_UTR_variant&NMD_transcript_variant|MODIFIER|LRRC28|ENSG00000168904|Transcript|ENST00000558471|nonsense_mediated_decay|4/5||ENST00000558471.5:c.*215A>G||537|||||rs781137940&COSV100113796||1||SNV|HGNC|HGNC:28355||3|||ENSP00000452927||H0YKS9.52|UPI00022F85CF|||||||||||||1.194e-05|0|0|0|0|4.641e-05|1.759e-05|0|0||0&1|0&1||||||8.584|0.646625,G|non_coding_transcript_exon_variant|MODIFIER|LRRC28|ENSG00000168904|Transcript|ENST00000558771|protein_coding_CDS_not_defined|5/5||ENST00000558771.1:n.520A>G||520|||||rs781137940&COSV100113796||1||SNV|HGNC|HGNC:28355||4|||||||||||||||||||1.194e-05|0|0|0|0|4.641e-05|1.759e-05|0|0||0&1|0&1||||||8.584|0.646625,G|intron_variant|MODIFIER|LRRC28|ENSG00000168904|Transcript|ENST00000558879|protein_coding||2/2|ENST00000558879.5:c.169-33639A>G|||||||rs781137940&COSV100113796||1||SNV|HGNC|HGNC:28355||4|||ENSP00000453313||H0YLR7.57|UPI00022F85CE|||||||||||||1.194e-05|0|0|0|0|4.641e-05|1.759e-05|0|0||0&1|0&1||||||8.584|0.646625,G|non_coding_transcript_exon_variant|MODIFIER|LRRC28|ENSG00000168904|Transcript|ENST00000558890|retained_intron|4/6||ENST00000558890.5:n.434A>G||434|||||rs781137940&COSV100113796||1||SNV|HGNC|HGNC:28355||3|||||||||||||||||||1.194e-05|0|0|0|0|4.641e-05|1.759e-05|0|0||0&1|0&1||||||8.584|0.646625,G|non_coding_transcript_exon_variant|MODIFIER|LRRC28|ENSG00000168904|Transcript|ENST00000558911|protein_coding_CDS_not_defined|2/3||ENST00000558911.1:n.70A>G||70|||||rs781137940&COSV100113796||1||SNV|HGNC|HGNC:28355||3|||||||||||||||||||1.194e-05|0|0|0|0|4.641e-05|1.759e-05|0|0||0&1|0&1||||||8.584|0.646625,G|3_prime_UTR_variant&NMD_transcript_variant|MODIFIER|LRRC28|ENSG00000168904|Transcript|ENST00000559433|nonsense_mediated_decay|6/8||ENST00000559433.5:c.*388A>G||716|||||rs781137940&COSV100113796||1||SNV|HGNC|HGNC:28355||5|||ENSP00000453469||H0YM55.54|UPI0000372247|||||||||||||1.194e-05|0|0|0|0|4.641e-05|1.759e-05|0|0||0&1|0&1||||||8.584|0.646625,G|non_coding_transcript_exon_variant|MODIFIER|LRRC28|ENSG00000168904|Transcript|ENST00000559774|protein_coding_CDS_not_defined|2/3||ENST00000559774.6:n.230A>G||230|||||rs781137940&COSV100113796||1||SNV|HGNC|HGNC:28355||2|||||||||||||||||||1.194e-05|0|0|0|0|4.641e-05|1.759e-05|0|0||0&1|0&1||||||8.584|0.646625,G|non_coding_transcript_exon_variant|MODIFIER|LRRC28|ENSG00000168904|Transcript|ENST00000559819|retained_intron|2/6||ENST00000559819.5:n.538A>G||538|||||rs781137940&COSV100113796||1||SNV|HGNC|HGNC:28355||2|||||||||||||||||||1.194e-05|0|0|0|0|4.641e-05|1.759e-05|0|0||0&1|0&1||||||8.584|0.646625,G|synonymous_variant|LOW|LRRC28|ENSG00000168904|Transcript|ENST00000561276|protein_coding|7/10||ENST00000561276.5:c.480A>G|ENSP00000452863.1:p.Leu160%3D|545|480|160|L|ctA/ctG|rs781137940&COSV100113796||1|cds_end_NF|SNV|HGNC|HGNC:28355||5|||ENSP00000452863||H0YKM4.67|UPI0003F47ACB|||||PANTHER:PTHR45752:SF5&PANTHER:PTHR45752&Gene3D:3.80.10.10&Superfamily:SSF52047||||||||1.194e-05|0|0|0|0|4.641e-05|1.759e-05|0|0||0&1|0&1||||||8.584|0.646625	GT:AD:DP	0/1:69,11:.	A/G	15:99352391	G	ENSG00000168904	ENST00000559819	Transcript	non_coding_transcript_exon_variant	MODIFIER	538					rs781137940,COSV100113796							8.584	0.646625	LRRC28								SNV	n.538A>G			0.001194	0.001759			802 / 49097025	0	0.1250	UNCLASSIFIED
15	99352391		A	G	.	.	CSQ=G|synonymous_variant|LOW|LRRC28|ENSG00000168904|Transcript|ENST00000301981|protein_coding|7/10||ENST00000301981.8:c.615A>G|ENSP00000304923.3:p.Leu205%3D|736|615|205|L|ctA/ctG|rs781137940&COSV100113796||1||SNV|HGNC|HGNC:28355|YES|1|P1|CCDS10380.1|ENSP00000304923|Q86X40.141||UPI000000DBCB|Q86X40-1|NM_001321675.2&NM_001321680.2&NM_001321676.2&NM_144598.5&NM_001321677.2&NM_001321679.2|||PANTHER:PTHR48051:SF12&PANTHER:PTHR48051&Gene3D:3.80.10.10&SMART:SM00364&Superfamily:SSF52058&AFDB-ENSP_mappings:AF-Q86X40-F1.A||||||||1.194e-05|0|0|0|0|4.641e-05|1.759e-05|0|0||0&1|0&1||||||8.584|0.646625,G|intron_variant|MODIFIER|LRRC28|ENSG00000168904|Transcript|ENST00000331450|protein_coding||3/3|ENST00000331450.9:c.210-33639A>G|||||||rs781137940&COSV100113796||1||SNV|HGNC|HGNC:28355||1|||ENSP00000332035||Q8WUS2.119|UPI000006DEC5|||||||||||||1.194e-05|0|0|0|0|4.641e-05|1.759e-05|0|0||0&1|0&1||||||8.584|0.646625,G|synonymous_variant|LOW|LRRC28|ENSG00000168904|Transcript|ENST00000447360|protein_coding|7/9||ENST00000447360.6:c.615A>G|ENSP00000404520.2:p.Leu205%3D|712|615|205|L|ctA/ctG|rs781137940&COSV100113796||1||SNV|HGNC|HGNC:28355||1||CCDS66873.1|ENSP00000404520|Q86X40.141|A0A024RC88.55|UPI00001D68F4|Q86X40-2|NM_001284400.3&NM_001321678.2|||PANTHER:PTHR48051:SF12&PANTHER:PTHR48051&Gene3D:3.80.10.10&SMART:SM00364&Superfamily:SSF52058||||||||1.194e-05|0|0|0|0|4.641e-05|1.759e-05|0|0||0&1|0&1||||||8.584|0.646625,G|synonymous_variant|LOW|LRRC28|ENSG00000168904|Transcript|ENST00000558172|protein_coding|4/5||ENST00000558172.5:c.303A>G|ENSP00000453504.1:p.Leu101%3D|390|303|101|L|ctA/ctG|rs781137940&COSV100113796||1|cds_end_NF|SNV|HGNC|HGNC:28355||5|||ENSP00000453504||H0YM85.57|UPI00022F85D1|||||PANTHER:PTHR45752:SF5&PANTHER:PTHR45752&Gene3D:3.80.10.10&Superfamily:SSF52058||||||||1.194e-05|0|0|0|0|4.641e-05|1.759e-05|0|0||0&1|0&1||||||8.584|0.646625,G|non_coding_transcript_exon_variant|MODIFIER|LRRC28|ENSG00000168904|Transcript|ENST00000558248|retained_intron|3/3||ENST00000558248.5:n.363A>G||363|||||rs781137940&COSV100113796||1||SNV|HGNC|HGNC:28355||3|||||||||||||||||||1.194e-05|0|0|0|0|4.641e-05|1.759e-05|0|0||0&1|0&1||||||8.584|0.646625,G|3_prime_UTR_variant&NMD_transcript_variant|MODIFIER|LRRC28|ENSG00000168904|Transcript|ENST00000558471|nonsense_mediated_decay|4/5||ENST00000558471.5:c.*215A>G||537|||||rs781137940&COSV100113796||1||SNV|HGNC|HGNC:28355||3|||ENSP00000452927||H0YKS9.52|UPI00022F85CF|||||||||||||1.194e-05|0|0|0|0|4.641e-05|1.759e-05|0|0||0&1|0&1||||||8.584|0.646625,G|non_coding_transcript_exon_variant|MODIFIER|LRRC28|ENSG00000168904|Transcript|ENST00000558771|protein_coding_CDS_not_defined|5/5||ENST00000558771.1:n.520A>G||520|||||rs781137940&COSV100113796||1||SNV|HGNC|HGNC:28355||4|||||||||||||||||||1.194e-05|0|0|0|0|4.641e-05|1.759e-05|0|0||0&1|0&1||||||8.584|0.646625,G|intron_variant|MODIFIER|LRRC28|ENSG00000168904|Transcript|ENST00000558879|protein_coding||2/2|ENST00000558879.5:c.169-33639A>G|||||||rs781137940&COSV100113796||1||SNV|HGNC|HGNC:28355||4|||ENSP00000453313||H0YLR7.57|UPI00022F85CE|||||||||||||1.194e-05|0|0|0|0|4.641e-05|1.759e-05|0|0||0&1|0&1||||||8.584|0.646625,G|non_coding_transcript_exon_variant|MODIFIER|LRRC28|ENSG00000168904|Transcript|ENST00000558890|retained_intron|4/6||ENST00000558890.5:n.434A>G||434|||||rs781137940&COSV100113796||1||SNV|HGNC|HGNC:28355||3|||||||||||||||||||1.194e-05|0|0|0|0|4.641e-05|1.759e-05|0|0||0&1|0&1||||||8.584|0.646625,G|non_coding_transcript_exon_variant|MODIFIER|LRRC28|ENSG00000168904|Transcript|ENST00000558911|protein_coding_CDS_not_defined|2/3||ENST00000558911.1:n.70A>G||70|||||rs781137940&COSV100113796||1||SNV|HGNC|HGNC:28355||3|||||||||||||||||||1.194e-05|0|0|0|0|4.641e-05|1.759e-05|0|0||0&1|0&1||||||8.584|0.646625,G|3_prime_UTR_variant&NMD_transcript_variant|MODIFIER|LRRC28|ENSG00000168904|Transcript|ENST00000559433|nonsense_mediated_decay|6/8||ENST00000559433.5:c.*388A>G||716|||||rs781137940&COSV100113796||1||SNV|HGNC|HGNC:28355||5|||ENSP00000453469||H0YM55.54|UPI0000372247|||||||||||||1.194e-05|0|0|0|0|4.641e-05|1.759e-05|0|0||0&1|0&1||||||8.584|0.646625,G|non_coding_transcript_exon_variant|MODIFIER|LRRC28|ENSG00000168904|Transcript|ENST00000559774|protein_coding_CDS_not_defined|2/3||ENST00000559774.6:n.230A>G||230|||||rs781137940&COSV100113796||1||SNV|HGNC|HGNC:28355||2|||||||||||||||||||1.194e-05|0|0|0|0|4.641e-05|1.759e-05|0|0||0&1|0&1||||||8.584|0.646625,G|non_coding_transcript_exon_variant|MODIFIER|LRRC28|ENSG00000168904|Transcript|ENST00000559819|retained_intron|2/6||ENST00000559819.5:n.538A>G||538|||||rs781137940&COSV100113796||1||SNV|HGNC|HGNC:28355||2|||||||||||||||||||1.194e-05|0|0|0|0|4.641e-05|1.759e-05|0|0||0&1|0&1||||||8.584|0.646625,G|synonymous_variant|LOW|LRRC28|ENSG00000168904|Transcript|ENST00000561276|protein_coding|7/10||ENST00000561276.5:c.480A>G|ENSP00000452863.1:p.Leu160%3D|545|480|160|L|ctA/ctG|rs781137940&COSV100113796||1|cds_end_NF|SNV|HGNC|HGNC:28355||5|||ENSP00000452863||H0YKM4.67|UPI0003F47ACB|||||PANTHER:PTHR45752:SF5&PANTHER:PTHR45752&Gene3D:3.80.10.10&Superfamily:SSF52047||||||||1.194e-05|0|0|0|0|4.641e-05|1.759e-05|0|0||0&1|0&1||||||8.584|0.646625	GT:AD:DP	0/1:69,11:.	A/G	15:99352391	G	ENSG00000168904	ENST00000561276	Transcript	synonymous_variant	LOW	545	480	160	L	ctA/ctG	rs781137940,COSV100113796							8.584	0.646625	LRRC28								SNV	c.480A>G	p.Leu160%3D		0.001194	0.001759			802 / 49097025	0	0.1250	UNCLASSIFIED
21	33888184		G	T	.	.	CSQ=T|downstream_gene_variant|MODIFIER|ITSN1|ENSG00000205726|Transcript|ENST00000381284|protein_coding||||||||||COSV101182276|1830|1|cds_start_NF&cds_end_NF|SNV|HGNC|HGNC:6183||1|||ENSP00000370684||H0Y3G5.61&Q6J1T2.91|UPI00003775FE|||||||||||||||||||||||1|1||||||27.9|4.420645,T|3_prime_UTR_variant|MODIFIER|ITSN1|ENSG00000205726|Transcript|ENST00000381285|protein_coding|38/38||ENST00000381285.8:c.*2084G>T||4986|||||COSV101182276||1||SNV|HGNC|HGNC:6183||5|||ENSP00000370685||A8CTZ0.105|UPI00015CF6EC|||||||||||||||||||||||1|1||||||27.9|4.420645,T|missense_variant|MODERATE|ITSN1|ENSG00000205726|Transcript|ENST00000381318|protein_coding|40/40||ENST00000381318.8:c.5050G>T|ENSP00000370719.3:p.Asp1684Tyr|5295|5050|1684|D/Y|Gac/Tac|COSV101182276||1||SNV|HGNC|HGNC:6183|YES|1|P4|CCDS33545.1|ENSP00000370719|Q15811.223||UPI00001403C6|Q15811-1|NM_003024.3|deleterious_low_confidence(0)||CDD:cd08375&Pfam:PF00168&Gene3D:2.60.40.150&SMART:SM00239&Superfamily:SSF49562&PROSITE_profiles:PS50004&PANTHER:PTHR11216&PANTHER:PTHR11216:SF68&AFDB-ENSP_mappings:AF-Q15811-F1.A||||||||||||||||||1|1||||||27.9|4.420645,T|missense_variant|MODERATE|ITSN1|ENSG00000205726|Transcript|ENST00000399367|protein_coding|39/39||ENST00000399367.7:c.5035G>T|ENSP00000382301.3:p.Asp1679Tyr|5298|5035|1679|D/Y|Gac/Tac|COSV101182276||1||SNV|HGNC|HGNC:6183||1|A1|CCDS82664.1|ENSP00000382301|Q15811.223||UPI000155D5BE|Q15811-8|NM_001331010.2|deleterious_low_confidence(0)||CDD:cd08375&Gene3D:2.60.40.150&Pfam:PF00168&SMART:SM00239&Superfamily:SSF49562&PROSITE_profiles:PS50004&PANTHER:PTHR11216:SF68&PANTHER:PTHR11216||||||||||||||||||1|1||||||27.9|4.420645,T|downstream_gene_variant|MODIFIER|ITSN1|ENSG00000205726|Transcript|ENST00000415023|protein_coding||||||||||COSV101182276|1830|1|cds_start_NF&cds_end_NF|SNV|HGNC|HGNC:6183||1|||ENSP00000409800||Q6J334.123|UPI0000376A5E|||||||||||||||||||||||1|1||||||27.9|4.420645,T|downstream_gene_variant|MODIFIER|ITSN1|ENSG00000205726|Transcript|ENST00000420666|nonsense_mediated_decay||||||||||COSV101182276|1807|1|cds_start_NF|SNV|HGNC|HGNC:6183||5|||ENSP00000408319||H0Y6W3.54&Q6J1T1.72|UPI00003775FF|||||||||||||||||||||||1|1||||||27.9|4.420645	GT:AD:DP	0/1:25,10:.	G/T	21:33888184	T	ENSG00000205726	ENST00000381284	Transcript	downstream_gene_variant	MODIFIER						COSV101182276							27.9	4.420645	ITSN1								SNV								1801 / 49097025	0	0.1650	UNCLASSIFIED
21	33888184		G	T	.	.	CSQ=T|downstream_gene_variant|MODIFIER|ITSN1|ENSG00000205726|Transcript|ENST00000381284|protein_coding||||||||||COSV101182276|1830|1|cds_start_NF&cds_end_NF|SNV|HGNC|HGNC:6183||1|||ENSP00000370684||H0Y3G5.61&Q6J1T2.91|UPI00003775FE|||||||||||||||||||||||1|1||||||27.9|4.420645,T|3_prime_UTR_variant|MODIFIER|ITSN1|ENSG00000205726|Transcript|ENST00000381285|protein_coding|38/38||ENST00000381285.8:c.*2084G>T||4986|||||COSV101182276||1||SNV|HGNC|HGNC:6183||5|||ENSP00000370685||A8CTZ0.105|UPI00015CF6EC|||||||||||||||||||||||1|1||||||27.9|4.420645,T|missense_variant|MODERATE|ITSN1|ENSG00000205726|Transcript|ENST00000381318|protein_coding|40/40||ENST00000381318.8:c.5050G>T|ENSP00000370719.3:p.Asp1684Tyr|5295|5050|1684|D/Y|Gac/Tac|COSV101182276||1||SNV|HGNC|HGNC:6183|YES|1|P4|CCDS33545.1|ENSP00000370719|Q15811.223||UPI00001403C6|Q15811-1|NM_003024.3|deleterious_low_confidence(0)||CDD:cd08375&Pfam:PF00168&Gene3D:2.60.40.150&SMART:SM00239&Superfamily:SSF49562&PROSITE_profiles:PS50004&PANTHER:PTHR11216&PANTHER:PTHR11216:SF68&AFDB-ENSP_mappings:AF-Q15811-F1.A||||||||||||||||||1|1||||||27.9|4.420645,T|missense_variant|MODERATE|ITSN1|ENSG00000205726|Transcript|ENST00000399367|protein_coding|39/39||ENST00000399367.7:c.5035G>T|ENSP00000382301.3:p.Asp1679Tyr|5298|5035|1679|D/Y|Gac/Tac|COSV101182276||1||SNV|HGNC|HGNC:6183||1|A1|CCDS82664.1|ENSP00000382301|Q15811.223||UPI000155D5BE|Q15811-8|NM_001331010.2|deleterious_low_confidence(0)||CDD:cd08375&Gene3D:2.60.40.150&Pfam:PF00168&SMART:SM00239&Superfamily:SSF49562&PROSITE_profiles:PS50004&PANTHER:PTHR11216:SF68&PANTHER:PTHR11216||||||||||||||||||1|1||||||27.9|4.420645,T|downstream_gene_variant|MODIFIER|ITSN1|ENSG00000205726|Transcript|ENST00000415023|protein_coding||||||||||COSV101182276|1830|1|cds_start_NF&cds_end_NF|SNV|HGNC|HGNC:6183||1|||ENSP00000409800||Q6J334.123|UPI0000376A5E|||||||||||||||||||||||1|1||||||27.9|4.420645,T|downstream_gene_variant|MODIFIER|ITSN1|ENSG00000205726|Transcript|ENST00000420666|nonsense_mediated_decay||||||||||COSV101182276|1807|1|cds_start_NF|SNV|HGNC|HGNC:6183||5|||ENSP00000408319||H0Y6W3.54&Q6J1T1.72|UPI00003775FF|||||||||||||||||||||||1|1||||||27.9|4.420645	GT:AD:DP	0/1:25,10:.	G/T	21:33888184	T	ENSG00000205726	ENST00000381285	Transcript	3_prime_UTR_variant	MODIFIER	4986					COSV101182276							27.9	4.420645	ITSN1		COSV101182276:PATHOGENIC						SNV	c.*2084G>T							1801 / 49097025	1 / 49097025	0.2675	UNCLASSIFIED
21	33888184		G	T	.	.	CSQ=T|downstream_gene_variant|MODIFIER|ITSN1|ENSG00000205726|Transcript|ENST00000381284|protein_coding||||||||||COSV101182276|1830|1|cds_start_NF&cds_end_NF|SNV|HGNC|HGNC:6183||1|||ENSP00000370684||H0Y3G5.61&Q6J1T2.91|UPI00003775FE|||||||||||||||||||||||1|1||||||27.9|4.420645,T|3_prime_UTR_variant|MODIFIER|ITSN1|ENSG00000205726|Transcript|ENST00000381285|protein_coding|38/38||ENST00000381285.8:c.*2084G>T||4986|||||COSV101182276||1||SNV|HGNC|HGNC:6183||5|||ENSP00000370685||A8CTZ0.105|UPI00015CF6EC|||||||||||||||||||||||1|1||||||27.9|4.420645,T|missense_variant|MODERATE|ITSN1|ENSG00000205726|Transcript|ENST00000381318|protein_coding|40/40||ENST00000381318.8:c.5050G>T|ENSP00000370719.3:p.Asp1684Tyr|5295|5050|1684|D/Y|Gac/Tac|COSV101182276||1||SNV|HGNC|HGNC:6183|YES|1|P4|CCDS33545.1|ENSP00000370719|Q15811.223||UPI00001403C6|Q15811-1|NM_003024.3|deleterious_low_confidence(0)||CDD:cd08375&Pfam:PF00168&Gene3D:2.60.40.150&SMART:SM00239&Superfamily:SSF49562&PROSITE_profiles:PS50004&PANTHER:PTHR11216&PANTHER:PTHR11216:SF68&AFDB-ENSP_mappings:AF-Q15811-F1.A||||||||||||||||||1|1||||||27.9|4.420645,T|missense_variant|MODERATE|ITSN1|ENSG00000205726|Transcript|ENST00000399367|protein_coding|39/39||ENST00000399367.7:c.5035G>T|ENSP00000382301.3:p.Asp1679Tyr|5298|5035|1679|D/Y|Gac/Tac|COSV101182276||1||SNV|HGNC|HGNC:6183||1|A1|CCDS82664.1|ENSP00000382301|Q15811.223||UPI000155D5BE|Q15811-8|NM_001331010.2|deleterious_low_confidence(0)||CDD:cd08375&Gene3D:2.60.40.150&Pfam:PF00168&SMART:SM00239&Superfamily:SSF49562&PROSITE_profiles:PS50004&PANTHER:PTHR11216:SF68&PANTHER:PTHR11216||||||||||||||||||1|1||||||27.9|4.420645,T|downstream_gene_variant|MODIFIER|ITSN1|ENSG00000205726|Transcript|ENST00000415023|protein_coding||||||||||COSV101182276|1830|1|cds_start_NF&cds_end_NF|SNV|HGNC|HGNC:6183||1|||ENSP00000409800||Q6J334.123|UPI0000376A5E|||||||||||||||||||||||1|1||||||27.9|4.420645,T|downstream_gene_variant|MODIFIER|ITSN1|ENSG00000205726|Transcript|ENST00000420666|nonsense_mediated_decay||||||||||COSV101182276|1807|1|cds_start_NF|SNV|HGNC|HGNC:6183||5|||ENSP00000408319||H0Y6W3.54&Q6J1T1.72|UPI00003775FF|||||||||||||||||||||||1|1||||||27.9|4.420645	GT:AD:DP	0/1:25,10:.	G/T	21:33888184	T	ENSG00000205726	ENST00000381318	Transcript	missense_variant	MODERATE	5295	5050	1684	D/Y	Gac/Tac	COSV101182276		P4			deleterious_low_confidence	0	27.9	4.420645	ITSN1		COSV101182276:PATHOGENIC						SNV	c.5050G>T	p.Asp1684Tyr						1801 / 49097025	1 / 49097025	0.3125	UNCLASSIFIED
21	33888184		G	T	.	.	CSQ=T|downstream_gene_variant|MODIFIER|ITSN1|ENSG00000205726|Transcript|ENST00000381284|protein_coding||||||||||COSV101182276|1830|1|cds_start_NF&cds_end_NF|SNV|HGNC|HGNC:6183||1|||ENSP00000370684||H0Y3G5.61&Q6J1T2.91|UPI00003775FE|||||||||||||||||||||||1|1||||||27.9|4.420645,T|3_prime_UTR_variant|MODIFIER|ITSN1|ENSG00000205726|Transcript|ENST00000381285|protein_coding|38/38||ENST00000381285.8:c.*2084G>T||4986|||||COSV101182276||1||SNV|HGNC|HGNC:6183||5|||ENSP00000370685||A8CTZ0.105|UPI00015CF6EC|||||||||||||||||||||||1|1||||||27.9|4.420645,T|missense_variant|MODERATE|ITSN1|ENSG00000205726|Transcript|ENST00000381318|protein_coding|40/40||ENST00000381318.8:c.5050G>T|ENSP00000370719.3:p.Asp1684Tyr|5295|5050|1684|D/Y|Gac/Tac|COSV101182276||1||SNV|HGNC|HGNC:6183|YES|1|P4|CCDS33545.1|ENSP00000370719|Q15811.223||UPI00001403C6|Q15811-1|NM_003024.3|deleterious_low_confidence(0)||CDD:cd08375&Pfam:PF00168&Gene3D:2.60.40.150&SMART:SM00239&Superfamily:SSF49562&PROSITE_profiles:PS50004&PANTHER:PTHR11216&PANTHER:PTHR11216:SF68&AFDB-ENSP_mappings:AF-Q15811-F1.A||||||||||||||||||1|1||||||27.9|4.420645,T|missense_variant|MODERATE|ITSN1|ENSG00000205726|Transcript|ENST00000399367|protein_coding|39/39||ENST00000399367.7:c.5035G>T|ENSP00000382301.3:p.Asp1679Tyr|5298|5035|1679|D/Y|Gac/Tac|COSV101182276||1||SNV|HGNC|HGNC:6183||1|A1|CCDS82664.1|ENSP00000382301|Q15811.223||UPI000155D5BE|Q15811-8|NM_001331010.2|deleterious_low_confidence(0)||CDD:cd08375&Gene3D:2.60.40.150&Pfam:PF00168&SMART:SM00239&Superfamily:SSF49562&PROSITE_profiles:PS50004&PANTHER:PTHR11216:SF68&PANTHER:PTHR11216||||||||||||||||||1|1||||||27.9|4.420645,T|downstream_gene_variant|MODIFIER|ITSN1|ENSG00000205726|Transcript|ENST00000415023|protein_coding||||||||||COSV101182276|1830|1|cds_start_NF&cds_end_NF|SNV|HGNC|HGNC:6183||1|||ENSP00000409800||Q6J334.123|UPI0000376A5E|||||||||||||||||||||||1|1||||||27.9|4.420645,T|downstream_gene_variant|MODIFIER|ITSN1|ENSG00000205726|Transcript|ENST00000420666|nonsense_mediated_decay||||||||||COSV101182276|1807|1|cds_start_NF|SNV|HGNC|HGNC:6183||5|||ENSP00000408319||H0Y6W3.54&Q6J1T1.72|UPI00003775FF|||||||||||||||||||||||1|1||||||27.9|4.420645	GT:AD:DP	0/1:25,10:.	G/T	21:33888184	T	ENSG00000205726	ENST00000399367	Transcript	missense_variant	MODERATE	5298	5035	1679	D/Y	Gac/Tac	COSV101182276		A1			deleterious_low_confidence	0	27.9	4.420645	ITSN1		COSV101182276:PATHOGENIC						SNV	c.5035G>T	p.Asp1679Tyr						1801 / 49097025	1 / 49097025	0.3125	UNCLASSIFIED
21	33888184		G	T	.	.	CSQ=T|downstream_gene_variant|MODIFIER|ITSN1|ENSG00000205726|Transcript|ENST00000381284|protein_coding||||||||||COSV101182276|1830|1|cds_start_NF&cds_end_NF|SNV|HGNC|HGNC:6183||1|||ENSP00000370684||H0Y3G5.61&Q6J1T2.91|UPI00003775FE|||||||||||||||||||||||1|1||||||27.9|4.420645,T|3_prime_UTR_variant|MODIFIER|ITSN1|ENSG00000205726|Transcript|ENST00000381285|protein_coding|38/38||ENST00000381285.8:c.*2084G>T||4986|||||COSV101182276||1||SNV|HGNC|HGNC:6183||5|||ENSP00000370685||A8CTZ0.105|UPI00015CF6EC|||||||||||||||||||||||1|1||||||27.9|4.420645,T|missense_variant|MODERATE|ITSN1|ENSG00000205726|Transcript|ENST00000381318|protein_coding|40/40||ENST00000381318.8:c.5050G>T|ENSP00000370719.3:p.Asp1684Tyr|5295|5050|1684|D/Y|Gac/Tac|COSV101182276||1||SNV|HGNC|HGNC:6183|YES|1|P4|CCDS33545.1|ENSP00000370719|Q15811.223||UPI00001403C6|Q15811-1|NM_003024.3|deleterious_low_confidence(0)||CDD:cd08375&Pfam:PF00168&Gene3D:2.60.40.150&SMART:SM00239&Superfamily:SSF49562&PROSITE_profiles:PS50004&PANTHER:PTHR11216&PANTHER:PTHR11216:SF68&AFDB-ENSP_mappings:AF-Q15811-F1.A||||||||||||||||||1|1||||||27.9|4.420645,T|missense_variant|MODERATE|ITSN1|ENSG00000205726|Transcript|ENST00000399367|protein_coding|39/39||ENST00000399367.7:c.5035G>T|ENSP00000382301.3:p.Asp1679Tyr|5298|5035|1679|D/Y|Gac/Tac|COSV101182276||1||SNV|HGNC|HGNC:6183||1|A1|CCDS82664.1|ENSP00000382301|Q15811.223||UPI000155D5BE|Q15811-8|NM_001331010.2|deleterious_low_confidence(0)||CDD:cd08375&Gene3D:2.60.40.150&Pfam:PF00168&SMART:SM00239&Superfamily:SSF49562&PROSITE_profiles:PS50004&PANTHER:PTHR11216:SF68&PANTHER:PTHR11216||||||||||||||||||1|1||||||27.9|4.420645,T|downstream_gene_variant|MODIFIER|ITSN1|ENSG00000205726|Transcript|ENST00000415023|protein_coding||||||||||COSV101182276|1830|1|cds_start_NF&cds_end_NF|SNV|HGNC|HGNC:6183||1|||ENSP00000409800||Q6J334.123|UPI0000376A5E|||||||||||||||||||||||1|1||||||27.9|4.420645,T|downstream_gene_variant|MODIFIER|ITSN1|ENSG00000205726|Transcript|ENST00000420666|nonsense_mediated_decay||||||||||COSV101182276|1807|1|cds_start_NF|SNV|HGNC|HGNC:6183||5|||ENSP00000408319||H0Y6W3.54&Q6J1T1.72|UPI00003775FF|||||||||||||||||||||||1|1||||||27.9|4.420645	GT:AD:DP	0/1:25,10:.	G/T	21:33888184	T	ENSG00000205726	ENST00000415023	Transcript	downstream_gene_variant	MODIFIER						COSV101182276							27.9	4.420645	ITSN1								SNV								1801 / 49097025	0	0.1650	UNCLASSIFIED
21	33888184		G	T	.	.	CSQ=T|downstream_gene_variant|MODIFIER|ITSN1|ENSG00000205726|Transcript|ENST00000381284|protein_coding||||||||||COSV101182276|1830|1|cds_start_NF&cds_end_NF|SNV|HGNC|HGNC:6183||1|||ENSP00000370684||H0Y3G5.61&Q6J1T2.91|UPI00003775FE|||||||||||||||||||||||1|1||||||27.9|4.420645,T|3_prime_UTR_variant|MODIFIER|ITSN1|ENSG00000205726|Transcript|ENST00000381285|protein_coding|38/38||ENST00000381285.8:c.*2084G>T||4986|||||COSV101182276||1||SNV|HGNC|HGNC:6183||5|||ENSP00000370685||A8CTZ0.105|UPI00015CF6EC|||||||||||||||||||||||1|1||||||27.9|4.420645,T|missense_variant|MODERATE|ITSN1|ENSG00000205726|Transcript|ENST00000381318|protein_coding|40/40||ENST00000381318.8:c.5050G>T|ENSP00000370719.3:p.Asp1684Tyr|5295|5050|1684|D/Y|Gac/Tac|COSV101182276||1||SNV|HGNC|HGNC:6183|YES|1|P4|CCDS33545.1|ENSP00000370719|Q15811.223||UPI00001403C6|Q15811-1|NM_003024.3|deleterious_low_confidence(0)||CDD:cd08375&Pfam:PF00168&Gene3D:2.60.40.150&SMART:SM00239&Superfamily:SSF49562&PROSITE_profiles:PS50004&PANTHER:PTHR11216&PANTHER:PTHR11216:SF68&AFDB-ENSP_mappings:AF-Q15811-F1.A||||||||||||||||||1|1||||||27.9|4.420645,T|missense_variant|MODERATE|ITSN1|ENSG00000205726|Transcript|ENST00000399367|protein_coding|39/39||ENST00000399367.7:c.5035G>T|ENSP00000382301.3:p.Asp1679Tyr|5298|5035|1679|D/Y|Gac/Tac|COSV101182276||1||SNV|HGNC|HGNC:6183||1|A1|CCDS82664.1|ENSP00000382301|Q15811.223||UPI000155D5BE|Q15811-8|NM_001331010.2|deleterious_low_confidence(0)||CDD:cd08375&Gene3D:2.60.40.150&Pfam:PF00168&SMART:SM00239&Superfamily:SSF49562&PROSITE_profiles:PS50004&PANTHER:PTHR11216:SF68&PANTHER:PTHR11216||||||||||||||||||1|1||||||27.9|4.420645,T|downstream_gene_variant|MODIFIER|ITSN1|ENSG00000205726|Transcript|ENST00000415023|protein_coding||||||||||COSV101182276|1830|1|cds_start_NF&cds_end_NF|SNV|HGNC|HGNC:6183||1|||ENSP00000409800||Q6J334.123|UPI0000376A5E|||||||||||||||||||||||1|1||||||27.9|4.420645,T|downstream_gene_variant|MODIFIER|ITSN1|ENSG00000205726|Transcript|ENST00000420666|nonsense_mediated_decay||||||||||COSV101182276|1807|1|cds_start_NF|SNV|HGNC|HGNC:6183||5|||ENSP00000408319||H0Y6W3.54&Q6J1T1.72|UPI00003775FF|||||||||||||||||||||||1|1||||||27.9|4.420645	GT:AD:DP	0/1:25,10:.	G/T	21:33888184	T	ENSG00000205726	ENST00000420666	Transcript	downstream_gene_variant	MODIFIER						COSV101182276							27.9	4.420645	ITSN1								SNV								1801 / 49097025	0	0.1650	UNCLASSIFIED
22	25231729		A	T	.	.	CSQ=T|missense_variant|MODERATE|CRYBB2|ENSG00000244752|Transcript|ENST00000398215|protein_coding|6/6||ENST00000398215.3:c.575A>T|ENSP00000381273.2:p.Asp192Val|629|575|192|D/V|gAc/gTc|COSV101236763||1||SNV|HGNC|HGNC:2398|YES|1|P1|CCDS13831.1|ENSP00000381273|P43320.196|R4UMM2.68|UPI000013C6A2||NM_000496.3|deleterious(0)|probably_damaging(1)|PDB-ENSP_mappings:1ytq.A&Gene3D:2.60.20.10&PDB-ENSP_mappings:7k7u.A&PDB-ENSP_mappings:7k7u.B&PDB-ENSP_mappings:7k7u.C&PDB-ENSP_mappings:7k7u.D&PDB-ENSP_mappings:7k7u.E&PDB-ENSP_mappings:7k7u.F&PDB-ENSP_mappings:7k7u.G&PDB-ENSP_mappings:7k7u.H&PDB-ENSP_mappings:7k7u.I&PDB-ENSP_mappings:7k7u.J&PDB-ENSP_mappings:7k7u.K&PDB-ENSP_mappings:7k7u.L&AFDB-ENSP_mappings:AF-P43320-F1.A&PANTHER:PTHR11818&PANTHER:PTHR11818:SF11||||||||||||||||||1|1||||||29.5|4.609054,T|missense_variant|MODERATE|CRYBB2|ENSG00000244752|Transcript|ENST00000651629|protein_coding|6/6||ENST00000651629.1:c.575A>T|ENSP00000498905.1:p.Asp192Val|878|575|192|D/V|gAc/gTc|COSV101236763||1||SNV|HGNC|HGNC:2398|||P1|CCDS13831.1|ENSP00000498905|P43320.196|R4UMM2.68|UPI000013C6A2|||deleterious(0)|probably_damaging(1)|PDB-ENSP_mappings:1ytq.A&Gene3D:2.60.20.10&PDB-ENSP_mappings:7k7u.A&PDB-ENSP_mappings:7k7u.B&PDB-ENSP_mappings:7k7u.C&PDB-ENSP_mappings:7k7u.D&PDB-ENSP_mappings:7k7u.E&PDB-ENSP_mappings:7k7u.F&PDB-ENSP_mappings:7k7u.G&PDB-ENSP_mappings:7k7u.H&PDB-ENSP_mappings:7k7u.I&PDB-ENSP_mappings:7k7u.J&PDB-ENSP_mappings:7k7u.K&PDB-ENSP_mappings:7k7u.L&AFDB-ENSP_mappings:AF-P43320-F1.A&PANTHER:PTHR11818&PANTHER:PTHR11818:SF11||||||||||||||||||1|1||||||29.5|4.609054	GT:AD:DP	0/1:42,10:.	A/T	22:25231729	T	ENSG00000244752	ENST00000398215	Transcript	missense_variant	MODERATE	629	575	192	D/V	gAc/gTc	COSV101236763		P1	probably_damaging	1	deleterious	0	29.5	4.609054	CRYBB2		COSV101236763:PATHOGENIC						SNV	c.575A>T	p.Asp192Val						214 / 49097025	1 / 49097025	0.3125	UNCLASSIFIED
22	25231729		A	T	.	.	CSQ=T|missense_variant|MODERATE|CRYBB2|ENSG00000244752|Transcript|ENST00000398215|protein_coding|6/6||ENST00000398215.3:c.575A>T|ENSP00000381273.2:p.Asp192Val|629|575|192|D/V|gAc/gTc|COSV101236763||1||SNV|HGNC|HGNC:2398|YES|1|P1|CCDS13831.1|ENSP00000381273|P43320.196|R4UMM2.68|UPI000013C6A2||NM_000496.3|deleterious(0)|probably_damaging(1)|PDB-ENSP_mappings:1ytq.A&Gene3D:2.60.20.10&PDB-ENSP_mappings:7k7u.A&PDB-ENSP_mappings:7k7u.B&PDB-ENSP_mappings:7k7u.C&PDB-ENSP_mappings:7k7u.D&PDB-ENSP_mappings:7k7u.E&PDB-ENSP_mappings:7k7u.F&PDB-ENSP_mappings:7k7u.G&PDB-ENSP_mappings:7k7u.H&PDB-ENSP_mappings:7k7u.I&PDB-ENSP_mappings:7k7u.J&PDB-ENSP_mappings:7k7u.K&PDB-ENSP_mappings:7k7u.L&AFDB-ENSP_mappings:AF-P43320-F1.A&PANTHER:PTHR11818&PANTHER:PTHR11818:SF11||||||||||||||||||1|1||||||29.5|4.609054,T|missense_variant|MODERATE|CRYBB2|ENSG00000244752|Transcript|ENST00000651629|protein_coding|6/6||ENST00000651629.1:c.575A>T|ENSP00000498905.1:p.Asp192Val|878|575|192|D/V|gAc/gTc|COSV101236763||1||SNV|HGNC|HGNC:2398|||P1|CCDS13831.1|ENSP00000498905|P43320.196|R4UMM2.68|UPI000013C6A2|||deleterious(0)|probably_damaging(1)|PDB-ENSP_mappings:1ytq.A&Gene3D:2.60.20.10&PDB-ENSP_mappings:7k7u.A&PDB-ENSP_mappings:7k7u.B&PDB-ENSP_mappings:7k7u.C&PDB-ENSP_mappings:7k7u.D&PDB-ENSP_mappings:7k7u.E&PDB-ENSP_mappings:7k7u.F&PDB-ENSP_mappings:7k7u.G&PDB-ENSP_mappings:7k7u.H&PDB-ENSP_mappings:7k7u.I&PDB-ENSP_mappings:7k7u.J&PDB-ENSP_mappings:7k7u.K&PDB-ENSP_mappings:7k7u.L&AFDB-ENSP_mappings:AF-P43320-F1.A&PANTHER:PTHR11818&PANTHER:PTHR11818:SF11||||||||||||||||||1|1||||||29.5|4.609054	GT:AD:DP	0/1:42,10:.	A/T	22:25231729	T	ENSG00000244752	ENST00000651629	Transcript	missense_variant	MODERATE	878	575	192	D/V	gAc/gTc	COSV101236763		P1	probably_damaging	1	deleterious	0	29.5	4.609054	CRYBB2								SNV	c.575A>T	p.Asp192Val						214 / 49097025	0	0.2500	UNCLASSIFIED
